요양기관명,종별,시도,시군구,읍면동,주소,전화번호,홈페이지,개설일자,총의사수,피부과전문의수,좌표X,좌표Y,요양기호
임내과의원,의원,경기,가평군,가평읍,"경기도 가평군 가평읍 연인1길 1, 2층",031-581-0675,http://www.drimh.com,37436,1,0,127.5136658,37.829366999999998,JDQ4MTYyMiM1MSMkMiMkMCMkMDAkNTgxMzUxIzMxIyQyIyQzIyQwMCQ0NjEwMDIjNzEjJDEjJDgjJDgz
드림정형외과의원,의원,경기,고양덕양구,주교동,"경기도 고양시 덕양구 호국로789번길 7, 2층 201, 202호 (주교동)",964-0594,https://blog.naver.com/osnara20,39856,1,0,126.8356903,37.6568428,JDU4MTI3MSM1MSMkMiMkMCMkMDAkMzgxMTkxIzQxIyQxIyQ3IyQ5OSQzNjEyMjIjODEjJDEjJDIjJDgz
라인의원,의원,경기,고양덕양구,토당동,"경기도 고양시 덕양구 중앙로 639, (토당동)",031-974-9700,http://linebeauty.kr/xe/index.php,33340,1,0,126.8275131,37.627364300000004,JDQ4MTYyMiM1MSMkMiMkMCMkMDAkMzgxMTkxIzUxIyQxIyQ1IyQ3MiQzNjEwMDIjNDEjJDEjJDgjJDgz
스타필의원,의원,경기,고양덕양구,주교동,"경기도 고양시 덕양구 호국로789번길 6, 3층 (주교동, 중앙빌딩)",031-965-2255,http://www.starfeel.kr,40526,1,0,126.8361094,37.656991400000003,JDQ4MTYyMiM1MSMkMiMkMCMkMDAkNDgxNzAyIzExIyQxIyQzIyQ5OSQzNjE4MzIjNjEjJDEjJDgjJDgz
엔젤스피부과의원,의원,경기,고양덕양구,,"경기도 고양시 덕양구 꽃마을로 4, 고양향동 퍼스트타워 4층 408호 (향동동)",02-2138-3348,https://angels-skin.com,45726,1,1,126.89241370000001,37.598934399999997,JDU4MTI3MSM1MSMkMiMkMCMkMDAkNTgxOTYxIzUxIyQxIyQ1IyQ3MiQyNjE0ODEjNDEjJDEjJDgjJDgz
지축다시봄날의원,의원,경기,고양덕양구,지축동,"경기도 고양시 덕양구 지축1로 39, 지축프라자 403~406호 (지축동)",02-2088-5544,https://jc.springdayclinic.com/,44641,1,0,126.9145965,37.648786200000004,JDU4MTI3MSM1MSMkMiMkOCMkMDAkMzgxMzUxIzExIyQxIyQzIyQwMyQ0NjEwMDIjODEjJDEjJDIjJDgz
최병문피부과의원,의원,경기,고양덕양구,주교동,"경기도 고양시 덕양구 호국로 787, 원당메디컬프라자 301호 (주교동)",031-965-5800,http://,33546,1,1,126.8358092,37.656624200000003,JDQ4MTYyMiM1MSMkMiMkMCMkMDAkMzgxNzAyIzExIyQxIyQzIyQwMyQzNjE0ODEjNTEjJDEjJDYjJDgz
하얀나라피부과의원,의원,경기,고양덕양구,화정동,"경기도 고양시 덕양구 화중로 76, 5층 (화정동, 대감빌딩)",031-972-4333,http://www.white365.co.kr,37662,1,1,126.8311696,37.633903599999996,JDQ4MTYyMiM1MSMkMiMkMCMkMDAkNTgxOTYxIzExIyQxIyQzIyQ3MiQyNjEwMDIjNDEjJDEjJDQjJDgz
365엠씨의원,의원,경기,고양일산동구,장항동,"경기도 고양시 일산동구 정발산로 43-20, (장항동, 센트럴프라자 808~809호)",031-902-3653,http://www.365mc.co.kr,39330,1,0,126.773416,37.658406399999997,JDU4MTI3MSM1MSMkMiMkMCMkMDAkMzgxOTYxIzIxIyQxIyQ5IyQ5OSQzNjE4MzIjNDEjJDEjJDgjJDgz
강의원,의원,경기,고양일산동구,장항동,"경기도 고양시 일산동구 중앙로1275번길 38-10, 209호 (장항동, 우림로데오스위트)",031-919-2568,http://www.drkang4u.com,35591,1,0,126.77095989999999,37.659946300000001,JDQ4MTYyMiM1MSMkMiMkMCMkMDAkNDgxMzUxIzIxIyQxIyQ1IyQwMyQyNjEyMjIjNDEjJDEjJDgjJDgz
김영숙피부과의원,의원,경기,고양일산동구,백석동,"경기도 고양시 일산동구 중앙로 1124, 상가동 2층 207~209호 (백석동, 흰돌마을1단지아파트)",031-901-3133,http://www.skinkim.net,36738,3,3,126.782724,37.647888999999999,JDQ4MTYyMiM1MSMkMiMkMCMkMDAkNDgxMTkxIzExIyQxIyQ3IyQxMyQyNjEwMDIjODEjJDEjJDYjJDgz
내안에봄의원,의원,경기,고양일산동구,백석동,"경기도 고양시 일산동구 강송로 33, 1층 A-1102-1호 (백석동, 일산 요진 와이시티)",902-8575,http://lamarilsan.com,40535,1,0,126.79325559999999,37.642978900000003,JDU4MTI3MSM1MSMkMiMkMCMkMDAkMzgxNzAyIzIxIyQxIyQxIyQ4MiQyNjEwMDIjNDEjJDEjJDQjJDgz
로앤산부인과의원,의원,경기,고양일산동구,장항동,"경기도 고양시 일산동구 정발산로 38, 장항동이스턴시티 2층 208호 (장항동)",031-905-2222,mystarclinic.co.kr,43132,3,0,126.77315590000001,37.656721500000003,JDU4MTI3MSM1MSMkMiMkMCMkMDAkMzgxMzUxIzExIyQxIyQzIyQ2MiQ0NjEwMDIjNDEjJDEjJDgjJDgz
미소가인피부과의원,의원,경기,고양일산동구,마두동,"경기도 고양시 일산동구 중앙로 1190, 301~304호 (마두동, 서울타워)",031-901-7603,http://www.misogain.co.kr,40960,1,1,126.7776027,37.653072799999997,JDU4MTI3MSM1MSMkMiMkMCMkMDAkMzgxNzAyIzQxIyQxIyQ3IyQ5MiQzNjE0ODEjNTEjJDEjJDYjJDgz
산타클로스의원,의원,경기,고양일산동구,장항동,"경기도 고양시 일산동구 중앙로1261번길 55, 효산캐슬 303호,304호 (장항동)",031-905-7591,http://www.santaskin.co.kr,40211,1,0,126.7708662,37.657578700000002,JDU4MTI3MSM1MSMkMiMkMCMkMDAkMzgxMTkxIzUxIyQxIyQxIyQ4MiQyNjE4MzIjODEjJDEjJDYjJDgz
예스의원,의원,경기,고양일산동구,풍동,"경기도 고양시 일산동구 숲속마을1로 76, (풍동, 힘찬프라자 302호)",031-906-2901,http://,39575,1,0,126.8003854,37.667751299999999,JDU4MTI3MSM1MSMkMiMkMCMkMDAkMzgxMTkxIzExIyQxIyQ3IyQ4MiQyNjEwMDIjODEjJDEjJDIjJDgz
오킴스피부과의원,의원,경기,고양일산동구,마두동,"경기도 고양시 일산동구 강석로 123, (마두동)",031-902-9333,http://www.ohkimsskin.com/,38243,2,2,126.7788438,37.651850500000002,JDU4MTI3MSM1MSMkMiMkMCMkMDAkMzgxMTkxIzIxIyQyIyQ1IyQwMCQ0NjEwMDIjNjEjJDEjJDAjJDgz
일산고운세상피부과의원,의원,경기,고양일산동구,장항동,"경기도 고양시 일산동구 정발산로 47, 401호 (장항동, 웅신아트)",031-932-8275,http://www.beautyforever.co.kr,38128,2,2,126.7737463,37.657762599999998,JDU4MTI3MSM1MSMkMiMkMCMkMDAkMzgxMzUxIzUxIyQxIyQ1IyQ5MiQyNjEyMjIjNTEjJDEjJDYjJDgz
일산탑내과의원,의원,경기,고양일산동구,장항동,"경기도 고양시 일산동구 중앙로 1193, 마두법조빌딩 401호 (장항동)",031-905-7575,http://ilsantop.com,45149,2,0,126.7766055,37.653098499999999,JDU4MTI3MSM1MSMkMiMkMCMkMDAkNTgxOTYxIzExIyQxIyQzIyQxMyQyNjE0ODEjNTEjJDEjJDYjJDgz
차앤리성형외과의원,의원,경기,고양일산동구,장항동,"경기도 고양시 일산동구 중앙로 1205, 차움라이프센터 3층 일부-304호 (장항동)",031-906-0033,http://www.zae.co.kr,44005,2,0,126.7757374,37.654131700000001,JDQ4MTYyMiM1MSMkMiMkMCMkMDAkNTgxMzUxIzMxIyQxIyQ3IyQ4MiQzNjEwMDIjNTEjJDEjJDIjJDgz
김혜숙산부인과의원,의원,경기,고양일산서구,주엽동,"경기도 고양시 일산서구 강선로 49, 208호,209호 (주엽동, 일산비스타오피스텔)",031-915-9243,http://www.ladydoctor.kr/,34823,1,0,126.7633869,37.668764600000003,JDQ4MTYyMiM1MSMkMiMkMCMkMDAkNDgxMzUxIzIxIyQxIyQ5IyQ2MiQzNjEwMDIjNTEjJDEjJDYjJDgz
다나의원,의원,경기,고양일산서구,탄현동,"경기도 고양시 일산서구 일현로 56, 205호일부호 (탄현동, 삼정프라자)",031-922-7592,http://www.danaclinic.kr/,36977,1,0,126.76373239999999,37.691933800000001,JDQ4MTYyMiM1MSMkMiMkMCMkMDAkNDgxNzAyIzIxIyQxIyQ1IyQxMyQyNjEyMjIjNjEjJDEjJDQjJDgz
레이퀸의원,의원,경기,고양일산서구,대화동,"경기도 고양시 일산서구 호수로 817, 레이킨스몰 2층 218, 219, 238, 239호 (대화동)",031-918-1234,www.laqueen.co.kr,41876,1,0,126.75119789999999,37.668282900000001,JDU4MTI3MSM1MSMkMiMkMCMkMDAkNDgxMzUxIzMxIyQxIyQzIyQ5OSQyNjEyMjIjNTEjJDEjJDYjJDgz
메디누리미의원,의원,경기,고양일산서구,탄현동,"경기도 고양시 일산서구 일현로 53, (탄현동, 메디누리 2층일부)",031-915-7577,http://mitam.co.kr,41605,1,0,126.76301549999999,37.6919635,JDU4MTI3MSM1MSMkMiMkMCMkMDAkMzgxNzAyIzIxIyQxIyQ5IyQ2MiQzNjEyMjIjODEjJDEjJDYjJDgz
민트소아청소년과의원,의원,경기,고양일산서구,덕이동,"경기도 고양시 일산서구 하이파크2로 40, 금문프라자 2층 204호, 205호 (덕이동)",916-1190,http://blog.naver.com/mintclinic,40801,1,0,126.7535604,37.699068799999999,JDU4MTI3MSM1MSMkMiMkMCMkMDAkMzgxNzAyIzMxIyQxIyQ3IyQ4OSQzNjEwMDIjNDEjJDEjJDgjJDgz
박세호여성외과의원,의원,경기,고양일산서구,,"경기도 고양시 일산서구 중앙로 1416, 401호 (주엽동, 한사랑빌딩)",031-911-1135,www.yspsh.co.kr/,38453,1,0,126.76299040000001,37.669813699999999,JDU4MTI3MSM1MSMkMiMkMCMkMDAkMzgxMzUxIzIxIyQxIyQ5IyQ2MiQzNjEyMjIjNTEjJDEjJDIjJDgz
순정성형외과의원,의원,경기,고양일산서구,,"경기도 고양시 일산서구 중앙로 1547, 303호 (대화동, 킨텍스존)",031-913-0075,http://www.soonjeong.com/,38181,1,0,126.7495742,37.674816100000001,JDU4MTI3MSM1MSMkMiMkMCMkMDAkMzgxMzUxIzExIyQxIyQzIyQxMyQzNjE0ODEjNzEjJDEjJDgjJDgz
실로암정형외과의원,의원,경기,고양일산서구,일산동,"경기도 고양시 일산서구 고봉로 303, 실로암정형외과 1층 (전체)호 (일산동)",031-976-7600,http://,44722,2,0,126.7772234,37.686321499999998,JDQ4MTYyMiM1MSMkMiMkMCMkMDAkNDgxMzUxIzMxIyQyIyQ3IyQwMCQzNjEyMjIjNzEjJDEjJDgjJDgz
예지안의원,의원,경기,고양일산서구,,"경기도 고양시 일산서구 중앙로 1426, (주엽동, 일송노블레스 303,304,313호)",031-925-4824,http://www.yejian.co.kr,38286,1,0,126.76196590000001,37.670281600000003,JDU4MTI3MSM1MSMkMiMkMCMkMDAkMzgxMzUxIzExIyQxIyQ3IyQ3MiQ0NjEwMDIjNjEjJDEjJDQjJDgz
이원규내과의원,의원,경기,고양일산서구,일산동,"경기도 고양시 일산서구 고봉로 291, 303호 (일산동, 에이스스타디움)",031-975-0300,http://www.wk0300.co.kr,40004,1,0,126.77727419999999,37.685297499999997,JDU4MTI3MSM1MSMkMiMkMCMkMDAkMzgxMTkxIzMxIyQxIyQ3IyQ2MiQyNjEwMDIjNjEjJDEjJDQjJDgz
일산이지함피부과의원,의원,경기,고양일산서구,,"경기도 고양시 일산서구 중앙로 1413, 403호 (주엽동, 동영빌딩)",031-916-5300,http://www.ljh.co.kr/sub01_05_06_02.php,39721,1,1,126.7628048,37.669064599999999,JDU4MTI3MSM1MSMkMiMkMCMkMDAkMzgxNzAyIzIxIyQxIyQ5IyQ5OSQyNjEyMjIjNDEjJDEjJDgjJDgz
일산차앤박피부과의원,의원,경기,고양일산서구,,"경기도 고양시 일산서구 중앙로 1441, 5층 (주엽동, 하나은행빌딩)",031-911-7571,http://www.cnpskin.com,41410,1,1,126.76002680000001,37.6702887,JDU4MTI3MSM1MSMkMiMkMCMkMDAkNDgxMzUxIzIxIyQxIyQxIyQxMyQyNjE0ODEjODEjJDEjJDYjJDgz
체크인내과의원,의원,경기,고양일산서구,대화동,"경기도 고양시 일산서구 킨텍스로 240, 3층 301, 302, 303호 (대화동, 킨텍스 꿈에그린)",031-911-7176,http://www.jeongclinic.kr,43991,1,0,126.75044990000001,37.665901400000003,JDU4MTI3MSM1MSMkMiMkMCMkMDAkMzgxOTYxIzQxIyQxIyQ3IyQ4MiQzNjEwMDIjNTEjJDEjJDYjJDgz
클린업피부과의원,의원,경기,고양일산서구,,"경기도 고양시 일산서구 중앙로 1420, 5층 (주엽동)",031-921-1877,http://www.upskin.co.kr,39157,1,1,126.7627026,37.669919100000001,JDU4MTI3MSM1MSMkMiMkMCMkMDAkMzgxOTYxIzMxIyQyIyQzIyQwMCQyNjE4MzIjNTEjJDEjJDIjJDgz
하나정형외과의원,의원,경기,고양일산서구,대화동,"경기도 고양시 일산서구 대산로 222, 신영프라자 2층, 3층 일부 (대화동)",031-918-5252,http://www.ilsanhana.com,37872,1,0,126.7542416,37.678901799999998,JDU4MTI3MSM1MSMkMiMkMCMkMDAkMzgxOTYxIzIxIyQxIyQxIyQwMyQzNjEyMjIjNjEjJDEjJDAjJDgz
하얀나라김피부과의원,의원,경기,고양일산서구,,"경기도 고양시 일산서구 일산로 576, 204,205호 (일산동, 대성프라자)",031-917-7588,www.laser2u.com/,38117,1,1,126.76450560000001,37.679510999999998,JDQ4MTYyMiM1MSMkMiMkMCMkMDAkNDgxMTkxIzIxIyQxIyQ1IyQwMyQ0NjEwMDIjNDEjJDEjJDQjJDgz
한사랑피부과의원,의원,경기,고양일산서구,,"경기도 고양시 일산서구 중앙로 1416, 402호 (주엽동, 한사랑빌딩)",031-918-3290,http://www.pibucenter.co.kr,35410,1,1,126.76299040000001,37.669813699999999,JDQ4MTYyMiM1MSMkMiMkMCMkMDAkNDgxOTYxIzExIyQxIyQzIyQxMyQzNjEwMDIjNDEjJDEjJDQjJDgz
닥터클로버의원,의원,경기,과천시,별양동,"경기도 과천시 별양상가3로 8, 힐스테이트 과천청사역 304, 305, 306호 (별양동)",02-3679-4698,https://drcloverclinic.com,46008,1,0,126.9906739,37.426107100000003,JDU4MTI3MSM1MSMkMiMkNCMkMDAkMzgxMzUxIzExIyQxIyQ3IyQxMyQyNjE4MzIjODEjJDEjJDYjJDgz
유앤아이의원,의원,경기,과천시,갈현동,"경기도 과천시 과천대로 111, 렉서 201~209호 (갈현동)",02-6954-7233,https://www.gcuni114.co.kr/staff/,45883,4,0,126.9807026,37.4126689,JDU4MTI3MSM1MSMkMiMkNCMkMDAkMzgxMzUxIzExIyQxIyQ3IyQ3OSQyNjE0ODEjODEjJDEjJDYjJDgz
조은피부과의원,의원,경기,과천시,별양동,"경기도 과천시 별양상가3로 5, 유니온빌딩 2층 202호, 3층 303호 (별양동)",02-503-3118,www.joeunskin.co.kr/,31527,2,1,126.9911532,37.426659299999997,JDQ4MTYyMiM1MSMkMiMkMCMkMDAkMzgxOTYxIzMxIyQxIyQ3IyQ3OSQzNjEyMjIjODEjJDEjJDYjJDgz
강경민정형외과의원,의원,경기,광명시,철산동,"경기도 광명시 오리로 865, 신철산빌딩 5층 일부 (철산동)",02-2616-2119,www.kangclinic.co.kr/,39850,1,0,126.86582749999999,37.475255900000001,JDU4MTI3MSM1MSMkMiMkMCMkMDAkMzgxMTkxIzIxIyQxIyQ5IyQ2MiQ0NjE0ODEjNDEjJDEjJDQjJDgz
광명속편한내과의원,의원,경기,광명시,광명동,"경기도 광명시 광명로 926, 2~3층 (광명동)",02-2060-1088,http://www.sok88.kr/,40606,3,0,126.85563980000001,37.481368699999997,JDU4MTI3MSM1MSMkMiMkMCMkMDAkMzgxNzAyIzIxIyQxIyQ1IyQ4MiQyNjE4MzIjNTEjJDEjJDIjJDgz
광명탑내과의원,의원,경기,광명시,하안동,"경기도 광명시 범안로 1060, 남전빌딩 2층 (하안동)",02-899-8275,https://gmtop.co.kr,45460,2,0,126.880662,37.462604300000002,JDU4MTI3MSM1MSMkMiMkMCMkMDAkNTgxOTYxIzMxIyQxIyQzIyQ4MiQ0NjEwMDIjNzEjJDEjJDgjJDgz
노블클래식의원,의원,경기,광명시,소하동,"경기도 광명시 금하로 464, 4층 407-408호 (소하동, 메이저리치안)",898-7582,http://www.nobleclassic.com,40591,2,0,126.8840403,37.448454699999999,JDU4MTI3MSM1MSMkMiMkMCMkMDAkMzgxNzAyIzIxIyQyIyQ1IyQwMCQzNjE0ODEjODEjJDEjJDYjJDgz
미소가인 피부과의원,의원,경기,광명시,광명동,"경기도 광명시 광명로 906, 4층 (광명동, 현대아이타워)",2613-9600,http://blog.naver.com/dr_misogain,40861,1,1,126.85489459999999,37.479736699999997,JDU4MTI3MSM1MSMkMiMkMCMkMDAkMzgxOTYxIzIxIyQxIyQ5IyQ5OSQ0NjEwMDIjODEjJDEjJDIjJDgz
미엘피부과의원,의원,경기,광명시,하안동,"경기도 광명시 범안로 1047, 우덕빌딩 6,7층 일부호 (하안동)",897-0100,http://www.mielskin.co.kr/,40655,3,1,126.87905189999999,37.4625433,JDU4MTI3MSM1MSMkMiMkMCMkMDAkMzgxNzAyIzIxIyQyIyQ5IyQwMCQ0NjEwMDIjNjEjJDEjJDgjJDgz
별이비인후과의원,의원,경기,광명시,하안동,"경기도 광명시 오리로 801, 가상가동 4층 401호 (하안동, e편한세상센트레빌아파트)",02-898-3651,http://www.star1004.net,40228,2,0,126.86746050000001,37.468623899999997,JDU4MTI3MSM1MSMkMiMkMCMkMDAkMzgxMTkxIzMxIyQyIyQ3IyQwMCQyNjEwMDIjODEjJDEjJDIjJDgz
비쥬의원,의원,경기,광명시,광명동,"경기도 광명시 광명로 906, 현대아이타워 8층 (광명동)",02-6414-3151,http://soonpoong.3458.co.kr,44013,1,0,126.85489459999999,37.479736699999997,JDU4MTI3MSM1MSMkMiMkMCMkMDAkMzgxMzUxIzMxIyQxIyQ3IyQ2MiQyNjEyMjIjNTEjJDEjJDIjJDgz
삼성닥터스원비뇨기과의원,의원,경기,광명시,광명동,"경기도 광명시 오리로 960, 2층 (광명동)",2682-5555,http://www.samsungdoctors.com/,38756,1,0,126.8565792,37.478999000000002,JDU4MTI3MSM1MSMkMiMkMCMkMDAkMzgxMzUxIzUxIyQxIyQxIyQ3MiQyNjE0ODEjNjEjJDEjJDgjJDgz
새하얀 피부과의원,의원,경기,광명시,철산동,"경기도 광명시 오리로 865, 명지(철산)빌딩 4층 (철산동)",02-2684-2552,http://www.whitskin.com/index.php,40318,3,3,126.86582749999999,37.475255900000001,JDU4MTI3MSM1MSMkMiMkMCMkMDAkMzgxNzAyIzExIyQxIyQzIyQ2MiQ0NjEwMDIjODEjJDEjJDIjJDgz
서울연합내과의원,의원,경기,광명시,철산동,"경기도 광명시 철산로 15, 웅진빌딩 3층 3-2,4,5호 (철산동)",02-2615-8100,http://symedical.kr,40213,2,0,126.8677139,37.476457600000003,JDU4MTI3MSM1MSMkMiMkMCMkMDAkMzgxMTkxIzUxIyQxIyQxIyQ5MiQyNjE0ODEjNDEjJDEjJDgjJDgz
소예피부과의원,의원,경기,광명시,소하동,"경기도 광명시 금하로 458, 웅신아트 309,401,402호 (소하동)",02-897-0867,http://www.soye.co.kr,41222,2,2,126.8833202,37.448377999999998,JDU4MTI3MSM1MSMkMiMkMCMkMDAkNDgxMzUxIzExIyQxIyQzIyQ5MiQzNjEwMDIjNTEjJDEjJDIjJDgz
애플산부인과의원,의원,경기,광명시,철산동,"경기도 광명시 철산로 36, 양정타워 6층 (철산동)",02-6746-1000,https://applewoman.co.kr/gc/place/place.php,45896,2,0,126.8701092,37.476312700000001,JDU4MTI3MSM1MSMkMiMkNCMkMDAkMzgxMzUxIzExIyQxIyQ3IyQ5OSQyNjE0ODEjNTEjJDEjJDYjJDgz
연세항외과의원,의원,경기,광명시,하안동,"경기도 광명시 범안로 1041, 5층 (하안동, 삼성빌딩)",02-807-2345,http://www.yshemo.co.kr/,37161,1,0,126.8784852,37.462240999999999,JDQ4MTYyMiM1MSMkMiMkMCMkMDAkNDgxNzAyIzUxIyQyIyQxIyQwMCQyNjEyMjIjNTEjJDEjJDYjJDgz
윤정형외과의원,의원,경기,광명시,광명동,"경기도 광명시 오리로 971, 2층 (광명동)",02-2683-6500,www.younos.kr/,39066,1,0,126.8552086,37.478912100000002,JDU4MTI3MSM1MSMkMiMkMCMkMDAkMzgxOTYxIzIxIyQxIyQ1IyQxMyQzNjEwMDIjNDEjJDEjJDQjJDgz
이피부과의원,의원,경기,광명시,광명동,"경기도 광명시 오리로 955, 2층 (광명동)",02-2684-7981,http://,30474,1,1,126.8569444,37.478496800000002,JDQ4MTYyMiM1MSMkMiMkMCMkMDAkMzgxOTYxIzExIyQxIyQ3IyQ4OSQzNjE4MzIjNTEjJDEjJDIjJDgz
차피부과의원,의원,경기,광명시,철산동,"경기도 광명시 철산로30번길 9, 3층 306호 (철산동, 광명프라자)",02-2681-4441,http://www.skinok.co.kr,31897,1,1,126.8701724,37.475631700000001,JDQ4MTYyMiM1MSMkMiMkMCMkMDAkMzgxOTYxIzUxIyQyIyQxIyQwMCQzNjEyMjIjNTEjJDEjJDYjJDgz
코코이비인후과의원,의원,경기,광명시,철산동,"경기도 광명시 디지털로 25, 2층 201호 (철산동, 청덕빌딩)",02-2611-0790,http://www.cocoent.com/,39877,1,0,126.8701994,37.474092300000002,JDU4MTI3MSM1MSMkMiMkMCMkMDAkMzgxMTkxIzIxIyQxIyQ5IyQwMyQzNjE0ODEjNjEjJDEjJDgjJDgz
톤즈의원 광명점,의원,경기,광명시,철산동,"경기도 광명시 디지털로 19, 7층 (철산동)",02-6956-6848,https://tonesclinic.com/gwangmyeong?lang=en,45765,3,0,126.86968830000001,37.474037799999998,JDU4MTI3MSM1MSMkMiMkNCMkMDAkMzgxMzUxIzExIyQxIyQzIyQ4OSQyNjEwMDIjODEjJDEjJDIjJDgz
곤지암내과의원,의원,경기,광주시,곤지암읍,"경기도 광주시 곤지암읍 곤지암로 54, (곤지암읍)",031-769-8276,http://www.gmedical.co.kr/,36094,2,0,127.34073859999999,37.3498254,JDQ4MTYyMiM1MSMkMiMkMCMkMDAkNDgxMTkxIzExIyQxIyQzIyQ5OSQ0NjEwMDIjNzEjJDEjJDgjJDgz
곤지암성모의원,의원,경기,광주시,곤지암읍,"경기도 광주시 곤지암읍 경충대로 577, (곤지암읍)",031-763-6553,www.gonjiamdr.co.kr/,34414,3,0,127.34466500000001,37.349254299999998,JDQ4MTYyMiM1MSMkMiMkMCMkMDAkMzgxNzAyIzUxIyQxIyQxIyQxMyQzNjE0ODEjNDEjJDEjJDgjJDgz
광주제일내과의원,의원,경기,광주시,경안동,"경기도 광주시 중앙로 101, 3층 (경안동)",031-763-2601,http://www.e-gooddoc.com,36290,1,0,127.2584122,37.408795099999999,JDQ4MTYyMiM1MSMkMiMkMCMkMDAkNDgxMTkxIzIxIyQxIyQ1IyQwMyQyNjE4MzIjNDEjJDEjJDgjJDgz
삼성맑은비뇨기과의원,의원,경기,광주시,역동,"경기도 광주시 중앙로 95-1, (역동,희망빌딩(2층))",031-766-0360,http://spure-clinic.com,40165,1,0,127.25885479999999,37.408171699999997,JDU4MTI3MSM1MSMkMiMkMCMkMDAkMzgxMTkxIzUxIyQxIyQxIyQ3OSQzNjEyMjIjNDEjJDEjJDQjJDgz
수비뇨기과의원,의원,경기,광주시,곤지암읍,"경기도 광주시 곤지암읍 곤지암로 42, (곤지암읍)",031-798-7582,http://www.mantop.co.kr,42370,1,0,127.3422989,37.349811299999999,JDU4MTI3MSM1MSMkMiMkMCMkMDAkMzgxNzAyIzIxIyQxIyQ5IyQ3OSQyNjEyMjIjNzEjJDEjJDgjJDgz
아이웰빙의원,의원,경기,광주시,중대동,"경기도 광주시 고불로 44, (중대동)",031-797-0306,http://www.iwbclinic.com/index.asp,38367,1,0,127.2330353,37.393563800000003,JDU4MTI3MSM1MSMkMiMkMCMkMDAkMzgxMzUxIzIxIyQxIyQxIyQ2MiQyNjE4MzIjNjEjJDEjJDQjJDgz
오포세란의원,의원,경기,광주시,양벌동,"경기도 광주시 양벌로 332, (양벌동)",031-767-8275,http://www.opo1.com/,36278,1,0,127.2456682,37.3701443,JDQ4MTYyMiM1MSMkMiMkMCMkMDAkNDgxMTkxIzIxIyQxIyQ1IyQ2MiQzNjE0ODEjNDEjJDEjJDQjJDgz
유로미비뇨기과의원,의원,경기,광주시,역동,"경기도 광주시 중앙로 95-3, 301호 (역동)",031-798-3570,http://www.uromi.co.kr/,37981,1,0,127.2585792,37.408078099999997,JDQ4MTYyMiM1MSMkMiMkMCMkMDAkNTgxOTYxIzMxIyQxIyQzIyQwMyQ0NjEwMDIjODEjJDEjJDYjJDgz
유앤아이의원,의원,경기,광주시,경안동,"경기도 광주시 광주대로 30, 광주종합터미널 2층 2145, 2146호 (경안동)",031-797-6020,https://www.ggjuni114.co.kr/,46038,4,0,127.26126290000001,37.409615299999999,JDU4MTI3MSM1MSMkMiMkNCMkMDAkMzgxMzUxIzIxIyQxIyQxIyQ4OSQyNjE4MzIjNzEjJDEjJDgjJDgz
이영창내과의원,의원,경기,광주시,태전동,"경기도 광주시 태봉로 51, 3,4층 (태전동, 성원프라자)",031-761-0525,www.lycclinic.co.kr/,37221,3,0,127.22967149999999,37.388762200000002,JDQ4MTYyMiM1MSMkMiMkMCMkMDAkNDgxNzAyIzUxIyQxIyQ1IyQ4MiQyNjE0ODEjNjEjJDEjJDQjJDgz
크리스탈의원,의원,경기,광주시,경안동,"경기도 광주시 경안로 3, (경안동,광명빌딩 2층)",031-761-8400,http://www.crystalclinic.co.kr/,40491,1,0,127.26027860000001,37.409980699999998,JDQ4MTYyMiM1MSMkMiMkMCMkMDAkNTgxOTYxIzIxIyQxIyQ1IyQ3MiQzNjE0ODEjNTEjJDEjJDYjJDgz
톡스앤미의원,의원,경기,광주시,경안동,"경기도 광주시 중앙로 101, 4층 403호 (경안동, 클리닉빌딩)",031-764-0819,http://www.squeeze.or.kr/,42990,1,0,127.2584122,37.408795099999999,JDU4MTI3MSM1MSMkMiMkMCMkMDAkMzgxMTkxIzExIyQxIyQ3IyQxMyQ0NjE0ODEjNzEjJDEjJDgjJDgz
루이피부과의원,의원,경기,구리시,수택동,"경기도 구리시 장자대로 72, 204호 (수택동, 미림프라자)",031-553-7522,http://www.louiskin.com,40290,1,1,127.1384755,37.587266999999997,JDU4MTI3MSM1MSMkMiMkMCMkMDAkMzgxMTkxIzUxIyQxIyQ1IyQxMyQ0NjEwMDIjNjEjJDEjJDgjJDgz
민소아청소년과의원,의원,경기,구리시,갈매동,"경기도 구리시 갈매순환로 7, 에이스프라자 2층 2호 (갈매동)",031-572-0110,http://www.ysbon.co.kr/,43207,1,0,127.1117332,37.6259722,JDU4MTI3MSM1MSMkMiMkMCMkMDAkMzgxOTYxIzIxIyQxIyQ5IyQxMyQzNjE0ODEjODEjJDEjJDIjJDgz
백외과의원,의원,경기,구리시,인창동,"경기도 구리시 경춘로 253, 304,306호 (인창동)",031-555-8920,http://www.baekhospital.com,36955,1,0,127.14303150000001,37.602230499999997,JDQ4MTYyMiM1MSMkMiMkMCMkMDAkNDgxNzAyIzIxIyQxIyQ5IyQ4MiQ0NjEwMDIjNzEjJDEjJDgjJDgz
에스필의원,의원,경기,구리시,인창동,"경기도 구리시 건원대로 3, 3층 (인창동)",514-7700,http://www.s-feelclinic.co.kr,41176,2,0,127.1406637,37.601410600000001,JDU4MTI3MSM1MSMkMiMkMCMkMDAkNDgxMzUxIzExIyQxIyQzIyQ4MiQ0NjEwMDIjODEjJDEjJDIjJDgz
유로진남성비뇨기과의원,의원,경기,구리시,인창동,"경기도 구리시 경춘로 249, 604호 (인창동, 동원플레이스테이션)",031-551-0070,http://www.urogynguri.co.kr,40968,1,0,127.1427103,37.602075499999998,JDU4MTI3MSM1MSMkMiMkMCMkMDAkMzgxNzAyIzExIyQxIyQ3IyQ2MiQyNjE0ODEjNDEjJDEjJDgjJDgz
이기쁨내과의원,의원,경기,구리시,토평동,"경기도 구리시 이문안로 128, 9차 204호 (토평동, 새롬프라자)",031-566-7533,www.joymedi.com/,37526,1,0,127.1456049,37.591106099999998,JDQ4MTYyMiM1MSMkMiMkMCMkMDAkNTgxMzUxIzQxIyQxIyQ3IyQ2MiQzNjEyMjIjNTEjJDEjJDIjJDgz
조셉의원,의원,경기,구리시,인창동,"경기도 구리시 경춘로 229, 401호 (인창동, 쌍용타워)",031-557-5500,http://blog.daum.net/japsc,34204,1,0,127.14072609999999,37.601149300000003,JDQ4MTYyMiM1MSMkMiMkMCMkMDAkMzgxMTkxIzExIyQxIyQzIyQ5MiQzNjE0ODEjNDEjJDEjJDgjJDgz
조형도내과의원,의원,경기,구리시,교문동,"경기도 구리시 경춘로 163, 4층 (교문동, 구리노블하임오피스텔)",031-565-9053,http://www.chdkidney.co.kr/index.asp,38776,2,0,127.1334509,37.600993699999997,JDU4MTI3MSM1MSMkMiMkMCMkMDAkMzgxMzUxIzUxIyQxIyQxIyQwMyQ0NjE0ODEjNTEjJDEjJDYjJDgz
건강드림내과영상의학과의원,의원,경기,군포시,산본동,"경기도 군포시 산본천로 56, 센트로 601 오피스텔 301,308,309호 (산본동)",031-340-7897,www.healthdream75.com,45293,2,0,126.9299949,37.360409500000003,JDQ4MTYyMiM1MSMkMiMkMCMkMDAkNDgxNzAyIzUxIyQxIyQxIyQ2MiQ0NjE0ODEjNDEjJDEjJDQjJDgz
김국민의원,의원,경기,군포시,산본동,"경기도 군포시 금산로 98, 3층 (산본동)",031-392-9001,http://www.man-power.co.kr/sub01/sub01_0403.php,42439,1,0,126.9369655,37.370714900000003,JDQ4MTYyMiM1MSMkMiMkMCMkMDAkNDgxNzAyIzUxIyQyIyQxIyQwMCQzNjEyMjIjNjEjJDEjJDgjJDgz
두리이비인후과의원,의원,경기,군포시,산본동,"경기도 군포시 산본천로 43-6, 2층 (산본동, 한숲스포츠센터)",031-397-7577,http://www.cjdoori.com,39114,2,0,126.92820260000001,37.360669799999997,JDU4MTI3MSM1MSMkMiMkMCMkMDAkMzgxOTYxIzMxIyQyIyQzIyQwMCQzNjE0ODEjNDEjJDEjJDgjJDgz
산본맑은신경과의원,의원,경기,군포시,산본동,"경기도 군포시 산본로323번길 13, 군포상가 301,302,303,304호 (산본동)",031-396-3323,https://sbclearneuro.imweb.me,45512,2,0,126.9327102,37.358881799999999,JDU4MTI3MSM1MSMkMiMkMCMkMDAkNTgxOTYxIzMxIyQxIyQ3IyQ4OSQyNjEwMDIjNDEjJDEjJDgjJDgz
산본외과의원,의원,경기,군포시,산본동,"경기도 군포시 산본천로199번길 5, 2층 (산본동)",031-397-8130,http://www.sanbons.co.kr/,35219,1,0,126.93944279999999,37.370756499999999,JDQ4MTYyMiM1MSMkMiMkMCMkMDAkNDgxMzUxIzUxIyQxIyQxIyQxMyQzNjE0ODEjNzEjJDEjJDgjJDgz
아름다운피부과의원,의원,경기,군포시,산본동,"경기도 군포시 산본로323번길 16-26, 5층 (산본동, 겨울1(국민은행빌딩))",031-395-7600,http://www.areumskin.com,40221,6,4,126.93178159999999,37.359987099999998,JDU4MTI3MSM1MSMkMiMkMCMkMDAkMzgxMTkxIzUxIyQxIyQxIyQwMyQyNjE0ODEjODEjJDEjJDYjJDgz
연세속시원의원,의원,경기,군포시,금정동,"경기도 군포시 번영로 502, (금정동, 역사상가 301,307,311,313,314,315,316,405호)",031-392-3090,http://www.yesmed.or.kr/index.asp,34185,3,0,126.9334185,37.357605,JDQ4MTYyMiM1MSMkMiMkMCMkMDAkNDgxMzUxIzUxIyQxIyQxIyQ4MiQzNjEwMDIjNTEjJDEjJDYjJDgz
연세피부과의원,의원,경기,군포시,산본동,"경기도 군포시 산본천로 62, 405호 (산본동, 인베스텔)",031-343-2420,http://www.skinyonsei.co.kr/,38042,1,1,126.9304786,37.360568299999997,JDQ4MTYyMiM1MSMkMiMkMCMkMDAkNTgxOTYxIzMxIyQxIyQ3IyQ4MiQyNjEwMDIjNjEjJDEjJDQjJDgz
연세항맥외과의원,의원,경기,군포시,당동,"경기도 군포시 군포로 470, 경림빌딩 201,202,203,204,401호 (당동)",031-393-3305,www.hangmac.net/,32799,2,0,126.9441238,37.348177200000002,JDQ4MTYyMiM1MSMkMiMkMCMkMDAkMzgxMzUxIzUxIyQxIyQ1IyQ3MiQyNjEyMjIjNjEjJDEjJDgjJDgz
예지미의원,의원,경기,군포시,산본동,"경기도 군포시 산본로323번길 15, 504∼506호 (산본동, 동산상가)",031-395-2300,http://blog.naver.com/sanbonyjm,40752,1,0,126.93225870000001,37.3586387,JDU4MTI3MSM1MSMkMiMkMCMkMDAkMzgxNzAyIzMxIyQxIyQzIyQ3MiQyNjEyMjIjNDEjJDEjJDQjJDgz
오라클피부과의원,의원,경기,군포시,산본동,"경기도 군포시 산본천로 56, 센트로 601 오피스텔 407-1호 (산본동)",031-398-1931,http://www.dfskin.co.kr/,35394,1,1,126.9299949,37.360409500000003,JDQ4MTYyMiM1MSMkMiMkMCMkMDAkNTgxOTYxIzIxIyQxIyQxIyQwMyQyNjEwMDIjNjEjJDEjJDAjJDgz
김포해밝은의원,의원,경기,김포시,감정동,"경기도 김포시 중봉로 9, 주연메디칼 3,4,5층 (감정동)",031-981-0672,http://www.urosun.co.kr,37561,3,0,126.6971415,37.623320300000003,JDQ4MTYyMiM1MSMkMiMkMCMkMDAkNTgxMzUxIzQxIyQxIyQ3IyQ3MiQzNjE0ODEjNTEjJDEjJDYjJDgz
라임비뇨기과의원,의원,경기,김포시,장기동,"경기도 김포시 김포한강4로 113, 603호 (장기동, 신한프라자)",031-986-7511,www.kimpo-lime.com/,40427,1,0,126.6683697,37.643944900000001,JDU4MTI3MSM1MSMkMiMkMCMkMDAkMzgxNzAyIzExIyQxIyQ3IyQ4MiQzNjEwMDIjNjEjJDEjJDgjJDgz
미소가인피부과의원,의원,경기,김포시,사우동,"경기도 김포시 사우중로 51, 메가라인 3층 303,304호 (사우동)",031-989-5071,http://www.misogain.co.kr/intro/kimpo/map.jsp,39904,3,2,126.7188201,37.619746399999997,JDU4MTI3MSM1MSMkMiMkMCMkMDAkMzgxMTkxIzMxIyQxIyQzIyQ5OSQzNjE4MzIjNTEjJDEjJDYjJDgz
봄소아청소년과의원,의원,경기,김포시,장기동,"경기도 김포시 김포한강1로51번길 12, 3층 (장기동, 동서메디칼빌딩)",031-987-7502,http://www.bomped.com/,39773,1,0,126.667706,37.643647100000003,JDU4MTI3MSM1MSMkMiMkMCMkMDAkMzgxMTkxIzIxIyQxIyQ1IyQ4MiQ0NjE0ODEjODEjJDEjJDIjJDgz
블리비의원,의원,경기,김포시,,"경기도 김포시 김포한강4로 531, 401~404호 (구래동)",1833-7886,http://www.velyb.kr,45217,3,0,126.6248969,37.6455901,JDU4MTI3MSM1MSMkMiMkMCMkMDAkNTgxOTYxIzExIyQxIyQ3IyQ4MiQzNjEwMDIjODEjJDEjJDYjJDgz
삼성산부인과의원,의원,경기,김포시,걸포동,"경기도 김포시 걸포2로 21, 파인스타메디칼 301,303호 (걸포동)",031-997-3575,http://www.petiteclinic.com/,37715,1,0,126.70488899999999,37.632494999999999,JDQ4MTYyMiM1MSMkMiMkMCMkMDAkNTgxOTYxIzExIyQxIyQzIyQxMyQzNjE4MzIjODEjJDEjJDIjJDgz
연세산부인과의원,의원,경기,김포시,통진읍,"경기도 김포시 통진읍 김포대로2230번길 14-1, (2층)",031-988-3575,http://,36797,1,0,126.59895210000001,37.690499600000003,JDQ4MTYyMiM1MSMkMiMkMCMkMDAkNDgxNzAyIzExIyQxIyQzIyQ4MiQ0NjEwMDIjNDEjJDEjJDgjJDgz
월드베스트의원,의원,경기,김포시,장기동,"경기도 김포시 김포한강4로 125, 501~503호 (장기동, 월드타워)",031-981-7599,http://www.ldsm.co.kr,39877,1,0,126.6670912,37.644704300000001,JDU4MTI3MSM1MSMkMiMkMCMkMDAkMzgxMTkxIzExIyQxIyQzIyQwMyQzNjE0ODEjNDEjJDEjJDgjJDgz
하이이비인후과의원,의원,경기,김포시,장기동,"경기도 김포시 김포한강2로 222, 대영메디칼 아카데미 301,302,303호 (장기동)",031-985-3117,http://blog.daum.net/pearch,41337,2,0,126.6610517,37.645395899999997,JDU4MTI3MSM1MSMkMiMkMCMkMDAkNDgxMzUxIzExIyQxIyQ3IyQwMyQyNjEwMDIjNTEjJDEjJDYjJDgz
해날피부과의원,의원,경기,김포시,장기동,"경기도 김포시 김포한강4로 117, 503호 (장기동, 홍우프라자)",031-986-2475,http://www.hnskin.co.kr,41387,1,1,126.667992,37.644179800000003,JDU4MTI3MSM1MSMkMiMkMCMkMDAkNDgxMzUxIzIxIyQxIyQxIyQ3MiQyNjE0ODEjNDEjJDEjJDQjJDgz
권오윤내과의원,의원,경기,남양주시,퇴계원면,"경기도 남양주시 퇴계원읍 퇴계원로46번길 1, (퇴계원면)",031-571-8745,www.koy570.co.kr/,34493,1,0,127.14194809999999,37.6505139,JDQ4MTYyMiM1MSMkMiMkMCMkMDAkMzgxNzAyIzUxIyQxIyQ1IyQxMyQzNjEwMDIjNjEjJDEjJDgjJDgz
김란산부인과의원,의원,경기,남양주시,와부읍,"경기도 남양주시 와부읍 덕소로97번길 2, 4층 (동산빌딩)",031-521-0035,http://k-ran.co.kr,36209,1,0,127.21247219999999,37.585471599999998,JDQ4MTYyMiM1MSMkMiMkMCMkMDAkNDgxMTkxIzExIyQxIyQ3IyQxMyQ0NjE0ODEjNjEjJDEjJDgjJDgz
다산우리내과의원,의원,경기,남양주시,다산동,"경기도 남양주시 다산중앙로123번길 21-7, 신해센트럴타워Ⅰ 201~204호 (다산동)",031-555-2119,https://www.dasanwoori.com,45434,2,0,127.1517293,37.622841000000001,JDU4MTI3MSM1MSMkMiMkMCMkMDAkNTgxOTYxIzMxIyQxIyQzIyQ3OSQyNjE0ODEjNDEjJDEjJDQjJDgz
다시봄날의원,의원,경기,남양주시,호평동,"경기도 남양주시 늘을2로 26, 메인시네마타워 5층 505호 (호평동)",031-522-5265,https://map.naver.com/p/entry/place/2018729972?placePath=/home?entry=plt&amp;from=map&amp;fromPanelNum=1&amp;add,45929,1,0,127.2441115,37.6550783,JDU4MTI3MSM1MSMkMiMkOCMkMDAkMzgxMzUxIzExIyQyIyQzIyQwMCQ0NjEwMDIjNDEjJDEjJDgjJDgz
덕소엔비의원,의원,경기,남양주시,와부읍,"경기도 남양주시 와부읍 덕소로 93, 5층 (희빌딩)",577-3933,http://nbcare.co.kr,40199,3,0,127.2124202,37.585859999999997,JDU4MTI3MSM1MSMkMiMkMCMkMDAkMzgxMTkxIzUxIyQxIyQxIyQ2MiQ0NjE0ODEjNjEjJDEjJDQjJDgz
덕소탑내과의원,의원,경기,남양주시,와부읍,"경기도 남양주시 와부읍 덕소로97번길 9, 일신프라자 3층 301호",031-522-4713,https://dstopim.com/,45834,3,0,127.2132956,37.586151999999998,JDU4MTI3MSM1MSMkMiMkOCMkMDAkMzgxMzUxIzExIyQxIyQzIyQ4OSQzNjEyMjIjNTEjJDEjJDIjJDgz
라라봄소아청소년과의원,의원,경기,남양주시,다산동,"경기도 남양주시 다산지금로 142, 대길프라자 2층 203호 (다산동)",031-568-7870,www.lalavom.com,43536,1,0,127.1734709,37.600291499999997,JDU4MTI3MSM1MSMkMiMkMCMkMDAkNDgxMTkxIzUxIyQxIyQxIyQ3MiQyNjEwMDIjNzEjJDEjJDgjJDgz
미애로의원,의원,경기,남양주시,호평동,"경기도 남양주시 늘을2로 25, 503호 (호평동, 메인시네마타워)",031-511-9090,http://www.miaeron.com/,40098,1,0,127.2441115,37.6550783,JDU4MTI3MSM1MSMkMiMkMCMkMDAkMzgxMTkxIzQxIyQyIyQ3IyQwMCQ0NjEwMDIjNDEjJDEjJDQjJDgz
미앤느여성의원,의원,경기,남양주시,와부읍,"경기도 남양주시 와부읍 덕소로 93, 7층 (희빌딩)",031-576-2840,http://www.miennewoman.co.kr,40434,1,0,127.2124202,37.585859999999997,JDU4MTI3MSM1MSMkMiMkMCMkMDAkNDgxMzUxIzExIyQxIyQzIyQ2MiQzNjEwMDIjNDEjJDEjJDgjJDgz
별내초록내과의원,의원,경기,남양주시,별내동,"경기도 남양주시 별내중앙로 34, 7층 (별내동)",557-5588,https://choroknephro.mycafe24.com/,43417,1,0,127.1254038,37.646161900000003,JDU4MTI3MSM1MSMkMiMkMCMkMDAkNTgxOTYxIzMxIyQxIyQzIyQxMyQzNjE0ODEjODEjJDEjJDIjJDgz
뷰티온의원 별내점,의원,경기,남양주시,별내동,"경기도 남양주시 별내중앙로 24, 이레타워 1002,1003호 (별내동)",031-529-0904,https://byeolnae.beautyon.co.kr/intro,45559,1,0,127.1262479,37.645456699999997,JDU4MTI3MSM1MSMkMiMkMCMkMDAkNTgxOTYxIzMxIyQxIyQ3IyQ5MiQzNjEyMjIjNjEjJDEjJDgjJDgz
연세스타의원,의원,경기,남양주시,별내동,"경기도 남양주시 별내5로 189-130, 상가동 208,209호 (별내동, 별내우미린스타포레)",031-529-6565,http://blog.naver.com/teafree,43987,3,0,127.13166080000001,37.665271799999999,JDU4MTI3MSM1MSMkMiMkMCMkMDAkMzgxNzAyIzMxIyQxIyQzIyQxMyQzNjE4MzIjNDEjJDEjJDQjJDgz
이종원비뇨기과의원,의원,경기,남양주시,화도읍,"경기도 남양주시 화도읍 마석중앙로 73, 3층 301호 (에스엘빌딩)",031-593-1983,http://,35914,1,0,127.3080877,37.652281799999997,JDQ4MTYyMiM1MSMkMiMkMCMkMDAkNDgxOTYxIzQxIyQxIyQ3IyQwMyQyNjE4MzIjNDEjJDEjJDgjJDgz
중앙내과의원,의원,경기,남양주시,화도읍,"경기도 남양주시 화도읍 비룡로 62, 404호 (중앙프라자)",031-593-8273,www.jungangclinic.com/,38656,1,0,127.3021177,37.657530299999998,JDQ4MTYyMiM1MSMkMiMkMCMkMDAkNDgxMTkxIzMxIyQxIyQ3IyQ5OSQyNjE4MzIjNjEjJDEjJDgjJDgz
호평성모마취통증의학과의원,의원,경기,남양주시,호평동,"경기도 남양주시 늘을2로 26, 305호 (호평동, 호평메인시네마타워)",031-592-0505,http://www.painhair.co.kr/,40639,1,0,127.2441115,37.6550783,JDU4MTI3MSM1MSMkMiMkMCMkMDAkMzgxNzAyIzIxIyQxIyQ5IyQ4OSQzNjE0ODEjNDEjJDEjJDgjJDgz
이은종내과의원,의원,경기,동두천시,지행동,"경기도 동두천시 중앙로 112, 502호 (지행동, 메인프라자)",031-862-8700,www.leeej.com/,37083,2,0,127.0525009,37.891473900000001,JDQ4MTYyMiM1MSMkMiMkMCMkMDAkNDgxNzAyIzMxIyQxIyQ3IyQ5MiQ0NjEwMDIjNzEjJDEjJDgjJDgz
조은비뇨기과의원,의원,경기,동두천시,지행동,"경기도 동두천시 지행로 59, 401호 (지행동, M클리닉센터)",031-864-1711,http://,38489,1,0,127.0537856,37.892697099999999,JDU4MTI3MSM1MSMkMiMkMCMkMDAkMzgxMzUxIzMxIyQxIyQzIyQ4OSQyNjEyMjIjNjEjJDEjJDAjJDgz
하나의원,의원,경기,동두천시,생연동,"경기도 동두천시 중앙로 267-1, 4층 (생연동, 가나프라자)",031-868-1275,www.hananpclinic.co.kr/,36893,1,0,127.0537708,37.905452500000003,JDQ4MTYyMiM1MSMkMiMkMCMkMDAkNDgxNzAyIzExIyQxIyQ3IyQwMyQyNjEyMjIjNjEjJDEjJDQjJDgz
해성산부인과의원,의원,경기,동두천시,생연동,"경기도 동두천시 정장로 34, (생연동)",031-868-0868,www.hsclinic.net/,35174,3,0,127.05451770000001,37.904056699999998,JDQ4MTYyMiM1MSMkMiMkMCMkMDAkNDgxMzUxIzUxIyQxIyQxIyQ2MiQzNjEyMjIjNzEjJDEjJDgjJDgz
동안미의원,의원,경기,부천소사구,심곡본동,"경기도 부천시 소사구 경인로 240-1, 3층 (심곡본동)",032-668-8297,http://donganmi.co.kr/,40990,1,0,126.7821522,37.482911600000001,JDU4MTI3MSM1MSMkMiMkMCMkMDAkMzgxNzAyIzUxIyQxIyQxIyQ2MiQzNjE4MzIjNTEjJDEjJDIjJDgz
미래신경과의원,의원,경기,부천소사구,송내동,"경기도 부천시 소사구 송내대로 38, 4,5층 (송내동)",032-664-9944,http://www.healthybrain.co.kr/,37291,1,0,126.7538088,37.487025199999998,JDU4MTI3MSM1MSMkMiMkMCMkMDAkMzgxMTkxIzMxIyQxIyQzIyQ3MiQ0NjEwMDIjNDEjJDEjJDgjJDgz
부천연합의원,의원,경기,부천소사구,심곡본동,"경기도 부천시 소사구 경인로216번길 27, (심곡본동, 나노테마타운)",032-611-4075,http://blog.daum.net/rlatjgud,40686,1,0,126.7796694,37.482074400000002,JDU4MTI3MSM1MSMkMiMkMCMkMDAkMzgxNzAyIzIxIyQxIyQ5IyQwMyQyNjEyMjIjNjEjJDEjJDQjJDgz
연세해맑은소아청소년과의원,의원,경기,부천소사구,범박동,"경기도 부천시 소사구 범안로 117, 411호 (범박동, 현대리치모아)",032-342-5199,http://ysped.myds.me/,38805,2,0,126.80962769999999,37.471248099999997,JDU4MTI3MSM1MSMkMiMkMCMkMDAkMzgxMzUxIzUxIyQxIyQ1IyQ5MiQzNjEwMDIjODEjJDEjJDIjJDgz
의료법인운천의료재단메디홀스의원,의원,경기,부천소사구,괴안동,"경기도 부천시 소사구 경인로 567, (괴안동)",032-343-4114,www.medihols.co.kr/,37128,2,0,126.8176431,37.487055300000002,JDQ4MTYyMiM1MSMkMiMkMCMkMDAkNDgxNzAyIzQxIyQxIyQ3IyQ4MiQyNjEwMDIjNDEjJDEjJDgjJDgz
임병욱내과의원,의원,경기,부천소사구,소사본동,"경기도 부천시 소사구 소사동로 82, 302호 (소사본동, 센트럴프라자)",032-349-0075,http://www.limsclinic.co.kr/index.asp,39539,1,0,126.8039563,37.473209400000002,JDU4MTI3MSM1MSMkMiMkMCMkMDAkMzgxMTkxIzExIyQxIyQzIyQxMyQyNjE0ODEjNjEjJDEjJDQjJDgz
제이드산부인과의원,의원,경기,부천소사구,옥길동,"경기도 부천시 소사구 옥길로 111, 드림탑프라자 4층 3호 (옥길동)",032-342-1001,https://jade-women&apos;sclinic.com,45622,1,0,126.8218423,37.467106399999999,JDU4MTI3MSM1MSMkMiMkMCMkMDAkNTgxOTYxIzQxIyQxIyQ3IyQxMyQyNjE4MzIjNTEjJDEjJDIjJDgz
젤나의원,의원,경기,부천소사구,심곡본동,"경기도 부천시 소사구 경인로 216-1, 2층 (심곡본동)",032-661-7533,http://jelna.clinics.kr,45121,2,0,126.7795539,37.483083399999998,JDU4MTI3MSM1MSMkMiMkMCMkMDAkNTgxOTYxIzExIyQxIyQzIyQ3MiQzNjE0ODEjNzEjJDEjJDgjJDgz
하얀미의원,의원,경기,부천소사구,괴안동,"경기도 부천시 소사구 경인로 511, 역곡유림빌딩 401호 (괴안동)",032-342-7553,http://www.whitemi.co.kr/,39426,1,0,126.81190429999999,37.484704100000002,JDU4MTI3MSM1MSMkMiMkMCMkMDAkMzgxOTYxIzUxIyQxIyQ1IyQ3OSQzNjEyMjIjNDEjJDEjJDgjJDgz
현민숙소아과의원,의원,경기,부천소사구,소사본동,"경기도 부천시 소사구 은성로 82, 2층일부층,3층일부층 (소사본동)",032-346-6344,http://www.ewhabimanclinic.kr/,37223,1,0,126.7996285,37.475011799999997,JDQ4MTYyMiM1MSMkMiMkMCMkMDAkNDgxNzAyIzUxIyQxIyQ1IyQ4MiQzNjE4MzIjNTEjJDEjJDIjJDgz
마디성모정형외과의원,의원,경기,부천오정구,원종동,"경기도 부천시 오정구 삼작로 391, (원종동)",032-715-8383,http://msos.co.kr,40827,1,0,126.8052132,37.5200143,JDU4MTI3MSM1MSMkMiMkMCMkMDAkMzgxNzAyIzMxIyQxIyQ3IyQ2MiQ0NjEwMDIjNjEjJDEjJDgjJDgz
베스트가정의학과의원,의원,경기,부천오정구,원종동,"경기도 부천시 오정구 소사로 697, MG새마을금고빌딩 201호 (원종동)",032-677-7582,http://,38404,1,0,126.80451530000001,37.518354299999999,JDU4MTI3MSM1MSMkMiMkMCMkMDAkMzgxMzUxIzIxIyQxIyQ1IyQ3OSQyNjE0ODEjODEjJDEjJDIjJDgz
아이비의원,의원,경기,부천오정구,원종동,"경기도 부천시 오정구 소사로 748, 3층 (원종동, 성연빌딩)",032-671-4475,http://www.ibplastic.co.kr/,39959,1,0,126.80511989999999,37.522626500000001,JDU4MTI3MSM1MSMkMiMkMCMkMDAkMzgxMTkxIzExIyQyIyQzIyQwMCQyNjEyMjIjODEjJDEjJDIjJDgz
차앤윤산부인과의원,의원,경기,부천오정구,고강동,"경기도 부천시 오정구 역곡로 470, 유진프라자 5층 (고강동)",032-672-5600,http://www.ny-clinic.co.kr/,39196,1,0,126.8163423,37.526546600000003,JDQ4MTYyMiM1MSMkMiMkMCMkMDAkNTgxOTYxIzIxIyQxIyQxIyQwMyQyNjEyMjIjNTEjJDEjJDIjJDgz
가톨릭외과의원,의원,경기,부천원미구,심곡동,"경기도 부천시 원미구 부흥로 440, (심곡동)",032-654-6661,http://www.catholicclinic.co.kr/,33404,1,0,126.7881118,37.487401800000001,JDQ4MTYyMiM1MSMkMiMkMCMkMDAkMzgxMTkxIzUxIyQxIyQ1IyQ5MiQzNjEyMjIjNjEjJDEjJDAjJDgz
경인의원,의원,경기,부천원미구,중동,"경기도 부천시 원미구 길주로 219, 208호 (중동, 드림빌딩)",032-326-1843,http://kiss1843.com,31887,1,0,126.76680090000001,37.504767600000001,JDQ4MTYyMiM1MSMkMiMkMCMkMDAkMzgxOTYxIzUxIyQxIyQxIyQ5OSQyNjE4MzIjNDEjJDEjJDgjJDgz
더성형외과의원,의원,경기,부천원미구,상동,"경기도 부천시 원미구 길주로 91, 3층 301,302호 (상동, 비잔티움)",032-322-5512,http://www.theps.co.kr,38644,1,0,126.7525984,37.506288699999999,JDU4MTI3MSM1MSMkMiMkMCMkMDAkMzgxOTYxIzExIyQxIyQzIyQ5OSQyNjEyMjIjNjEjJDEjJDQjJDgz
더유스의원,의원,경기,부천원미구,중동,"경기도 부천시 원미구 길주로 183, 영라이프빌딩 601호,602호 (중동)",032-322-4875,http://lime-orange.com/urology/main.php,41305,1,0,126.76296480000001,37.505282800000003,JDU4MTI3MSM1MSMkMiMkMCMkMDAkMzgxNzAyIzExIyQyIyQzIyQwMCQzNjEwMDIjODEjJDEjJDIjJDgz
더피부과의원,의원,경기,부천원미구,중동,"경기도 부천시 원미구 신흥로 226, 빈센트타워 4층 전체 (중동)",032-324-0067,http://t-skin.co.kr/,40570,4,4,126.7764225,37.503836399999997,JDU4MTI3MSM1MSMkMiMkMCMkMDAkMzgxMTkxIzIxIyQxIyQ1IyQ5OSQzNjEwMDIjNjEjJDEjJDAjJDgz
백피부과의원,의원,경기,부천원미구,중동,"경기도 부천시 원미구 신흥로 228, 501호 (중동, 메디타워)",032-325-3535,http://skindr.co.kr,35566,4,3,126.7763597,37.5040902,JDQ4MTYyMiM1MSMkMiMkMCMkMDAkNDgxOTYxIzIxIyQxIyQ1IyQ3MiQ0NjE0ODEjNjEjJDEjJDAjJDgz
부천아이스피부과의원,의원,경기,부천원미구,중동,"경기도 부천시 원미구 신흥로 226, 8층 (중동, 빈센트타워)",032-323-0567,http://www.wellsclinic.co.kr,39294,2,2,126.7764225,37.503836399999997,JDU4MTI3MSM1MSMkMiMkMCMkMDAkMzgxNzAyIzIxIyQxIyQxIyQwMyQ0NjE0ODEjNDEjJDEjJDgjJDgz
비너스의원,의원,경기,부천원미구,상동,"경기도 부천시 원미구 상동로 105, 302,303호 (상동, 현해프라자)",032-322-4845,http://myvenus.co.kr,39560,1,0,126.7527977,37.506695899999997,JDQ4MTYyMiM1MSMkMiMkMCMkMDAkNTgxOTYxIzUxIyQxIyQxIyQ5MiQzNjEwMDIjODEjJDEjJDIjJDgz
사단법인누가참의원,의원,경기,부천원미구,심곡동,"경기도 부천시 원미구 신흥로 79, 1,2,3,4,5층 (심곡동)",032-665-2100,http://www.bestnuga.com,39602,1,0,126.777368,37.490806399999997,JDU4MTI3MSM1MSMkMiMkMCMkMDAkMzgxMTkxIzIxIyQxIyQ5IyQ4OSQzNjE4MzIjNDEjJDEjJDQjJDgz
아름다운의료생활협동조합아름다운s의원,의원,경기,부천원미구,심곡동,"경기도 부천시 원미구 부천로 19, 부천빌딩 301호 (심곡동)",032-614-3344,http://www.beautyss.kr,39477,0,0,126.7828854,37.4861152,JDU4MTI3MSM1MSMkMiMkMCMkMDAkMzgxNzAyIzMxIyQxIyQ3IyQ2MiQyNjEwMDIjNDEjJDEjJDgjJDgz
우리들가정의원,의원,경기,부천원미구,역곡동,"경기도 부천시 원미구 지봉로121번길 6, 202호 (역곡동)",032-342-0147,http://www.our-clinic.co.kr,38439,1,0,126.8125641,37.488911899999998,JDU4MTI3MSM1MSMkMiMkMCMkMDAkMzgxMzUxIzMxIyQxIyQzIyQ3OSQyNjEwMDIjODEjJDEjJDYjJDgz
이룸피부과의원,의원,경기,부천원미구,심곡동,"경기도 부천시 원미구 부일로 472, (심곡동)",032-611-7700,http://irumskin.co.kr/,41197,1,1,126.7825325,37.485689100000002,JDU4MTI3MSM1MSMkMiMkMCMkMDAkNDgxMzUxIzExIyQxIyQzIyQ3MiQyNjE4MzIjNDEjJDEjJDgjJDgz
제너리스의원,의원,경기,부천원미구,중동,"경기도 부천시 원미구 길주로 262, 이안 더 클래식 201,202호 (중동)",032-323-7577,http://www.bc.generless.com,45454,1,0,126.77143959999999,37.503036199999997,JDU4MTI3MSM1MSMkMiMkMCMkMDAkNTgxOTYxIzMxIyQxIyQzIyQ3MiQyNjE0ODEjNjEjJDEjJDgjJDgz
제이스의원,의원,경기,부천원미구,중동,"경기도 부천시 원미구 석천로177번길 39, 2층 (중동, 미라클타워)",032-511-0258,http://,41458,1,0,126.76064820000001,37.5033557,JDU4MTI3MSM1MSMkMiMkMCMkMDAkMzgxNzAyIzMxIyQyIyQzIyQwMCQzNjE4MzIjNjEjJDEjJDgjJDgz
주의원,의원,경기,부천원미구,역곡동,"경기도 부천시 원미구 부일로 753, 304호 (역곡동, 로하스타워)",032-206-7600,http://,38845,1,0,126.8132719,37.486648799999998,JDU4MTI3MSM1MSMkMiMkMCMkMDAkMzgxOTYxIzExIyQxIyQzIyQ4MiQyNjE4MzIjNTEjJDEjJDIjJDgz
중동서울외과의원,의원,경기,부천원미구,중동,"경기도 부천시 원미구 신흥로 228, 602호 (중동, 메디타워)",032-323-7781,http://www.chizil1004.co.kr,36861,1,0,126.7763597,37.5040902,JDQ4MTYyMiM1MSMkMiMkMCMkMDAkNDgxNzAyIzExIyQxIyQ3IyQ4MiQyNjE0ODEjNjEjJDEjJDAjJDgz
차앤박피부과의원,의원,경기,부천원미구,중동,"경기도 부천시 원미구 신흥로 167, 4층 (중동, 신영빌딩)",032-325-7733,http://www.cnpskin.com,39178,1,1,126.77693910000001,37.498493699999997,JDU4MTI3MSM1MSMkMiMkMCMkMDAkMzgxOTYxIzMxIyQxIyQzIyQwMyQzNjEyMjIjNTEjJDEjJDYjJDgz
참사랑 의료소비자생활협동조합 참사랑의원,의원,경기,부천원미구,상동,"경기도 부천시 원미구 길주로 81, 4층 (상동)",032-329-4475,www.gangnam-top.com,41985,0,0,126.75150499999999,37.506318,JDU4MTI3MSM1MSMkMiMkMCMkMDAkNDgxOTYxIzExIyQxIyQzIyQ3MiQ0NjEwMDIjNjEjJDEjJDgjJDgz
체미안의원,의원,경기,부천원미구,상동,"경기도 부천시 원미구 길주로 115, 401호 (상동, 시그마타워)",032-217-4824,http://www.4824.co.kr/,38127,1,0,126.7553565,37.506275100000003,JDQ4MTYyMiM1MSMkMiMkMCMkMDAkNDgxMTkxIzIxIyQxIyQ5IyQ4MiQzNjEyMjIjNzEjJDEjJDgjJDgz
코앤코이비인후과의원,의원,경기,부천원미구,원미동,"경기도 부천시 원미구 부천로90번길 8, 5층 (원미동, 아송빌딩)",032-651-2100,http://www.coenko.com,38455,1,0,126.7848137,37.492026099999997,JDU4MTI3MSM1MSMkMiMkMCMkMDAkMzgxMzUxIzIxIyQxIyQ5IyQ4MiQyNjE0ODEjODEjJDEjJDIjJDgz
탑비뇨기과의원,의원,경기,부천원미구,상동,"경기도 부천시 원미구 상동로 90, 306호 (상동, 메가플러스)",032-324-9696,http://www.top75.co.kr,40087,1,0,126.75371850000001,37.505172399999999,JDU4MTI3MSM1MSMkMiMkMCMkMDAkMzgxMTkxIzQxIyQyIyQ3IyQwMCQzNjEyMjIjNjEjJDEjJDQjJDgz
포엘산부인과의원,의원,경기,부천원미구,역곡동,"경기도 부천시 원미구 역곡로 8, 오킴스타워 6,7층 (역곡동)",032-345-3004,http://www.drcha.kr/,40231,2,0,126.8117483,37.486122899999998,JDU4MTI3MSM1MSMkMiMkMCMkMDAkMzgxMTkxIzUxIyQxIyQxIyQxMyQyNjEyMjIjNTEjJDEjJDIjJDgz
하얀나라피부과의원,의원,경기,부천원미구,상동,"경기도 부천시 원미구 부일로 204, 6층 (상동, 루치올라빌딩)",032-324-5577,http://www.hanacli.co.kr,34821,1,1,126.75260280000001,37.488346999999997,JDQ4MTYyMiM1MSMkMiMkMCMkMDAkNDgxMzUxIzIxIyQxIyQ5IyQ2MiQzNjEyMjIjNDEjJDEjJDgjJDgz
21세기미금의원,의원,경기,성남분당구,금곡동,"경기도 성남시 분당구 성남대로 168, 801~803호 (금곡동, 미도프라자)",717-9111,http://www.clinic21c.com,37730,4,0,127.10949429999999,37.350886500000001,JDU4MTI3MSM1MSMkMiMkMCMkMDAkMzgxNzAyIzMxIyQxIyQzIyQ2MiQyNjE0ODEjNjEjJDEjJDgjJDgz
권비뇨기과의원,의원,경기,성남분당구,금곡동,"경기도 성남시 분당구 돌마로 85, 4층 403호 (금곡동, 동양프라자)",715-4071,http://,37074,1,0,127.111345,37.350390099999998,JDQ4MTYyMiM1MSMkMiMkMCMkMDAkNDgxNzAyIzMxIyQxIyQ3IyQ2MiQyNjEwMDIjNDEjJDEjJDQjJDgz
길맨비뇨기과의원,의원,경기,성남분당구,야탑동,"경기도 성남시 분당구 성남대로 912, 302,303호 (야탑동, BYC 빌딩)",783-8880,http://www.gilman.co.kr/sub/sub_list_05.php,38945,1,0,127.12924769999999,37.410968500000003,JDU4MTI3MSM1MSMkMiMkMCMkMDAkMzgxNzAyIzIxIyQxIyQ5IyQwMyQ0NjE0ODEjNjEjJDEjJDAjJDgz
나드리의원,의원,경기,성남분당구,서현동,"경기도 성남시 분당구 황새울로 315, 5층 502-1, 502-2호 (서현동, 대현빌딩)",031-701-9331,http://,40555,1,0,127.1204388,37.385033900000003,JDU4MTI3MSM1MSMkMiMkMCMkMDAkMzgxOTYxIzUxIyQxIyQxIyQ5OSQyNjE4MzIjNjEjJDEjJDAjJDgz
네이처성형외과의원,의원,경기,성남분당구,서현동,"경기도 성남시 분당구 서현로 204, 302호 (서현동, 엘지분당에클라트2차)",031-708-5117,http://www.naturebeauty.kr/,40158,1,0,127.12520499999999,37.387090600000001,JDU4MTI3MSM1MSMkMiMkMCMkMDAkMzgxNzAyIzIxIyQxIyQ5IyQ5OSQyNjEwMDIjNTEjJDEjJDYjJDgz
노블정형외과의원,의원,경기,성남분당구,판교동,"경기도 성남시 분당구 운중로 249, 3층 일부호(303), 4층, 5층 일부호(502, 503)호 (판교동)",031-896-7575,http://www.nobleos.com/,43833,1,0,127.0906976,37.389647799999999,JDU4MTI3MSM1MSMkMiMkMCMkMDAkMzgxMzUxIzMxIyQxIyQzIyQ4MiQyNjE4MzIjODEjJDEjJDYjJDgz
노블클래식의원,의원,경기,성남분당구,야탑동,"경기도 성남시 분당구 성남대로926번길 6, 야탑 대덕프라자 407호, 408호 (야탑동)",707-7930,http://www.nobleclassic.com,41904,1,0,127.1298637,37.412157700000002,JDU4MTI3MSM1MSMkMiMkMCMkMDAkMzgxOTYxIzUxIyQxIyQ1IyQ2MiQ0NjEwMDIjNjEjJDEjJDAjJDgz
늘샤인 의원,의원,경기,성남분당구,야탑동,"경기도 성남시 분당구 성남대로916번길 11, 글라스타워 201-4호 (야탑동)",031-778-7889,http://alwaysshineclinic.com/,45188,2,0,127.1298492,37.410862899999998,JDU4MTI3MSM1MSMkMiMkMCMkMDAkNTgxOTYxIzExIyQxIyQ3IyQ3MiQyNjE4MzIjNjEjJDEjJDQjJDgz
늘푸른산부인과의원,의원,경기,성남분당구,금곡동,"경기도 성남시 분당구 돌마로 79, 3층 302~304호 (금곡동, 썬프라자)",031-719-1004,http://www.nulpureun.co.kr,35329,2,0,127.1107975,37.350398200000001,JDQ4MTYyMiM1MSMkMiMkMCMkMDAkNDgxMTkxIzMxIyQxIyQ3IyQ5OSQzNjE0ODEjNjEjJDEjJDAjJDgz
다나이비인후과의원,의원,경기,성남분당구,금곡동,"경기도 성남시 분당구 돌마로 75, 501호 (금곡동, 미금프라자)",719-5665,http://www.danaent.co.kr/,37516,2,0,127.1104347,37.350392999999997,JDQ4MTYyMiM1MSMkMiMkMCMkMDAkNTgxMzUxIzMxIyQxIyQ3IyQ4MiQyNjEyMjIjODEjJDEjJDIjJDgz
닥터지피부과의원,의원,경기,성남분당구,서현동,"경기도 성남시 분당구 서현로210번길 20, 코코프라자 502호 (서현동)",031-705-4476,http://bd.yeinskin.com,34156,1,1,127.1240452,37.385844400000003,JDQ4MTYyMiM1MSMkMiMkMCMkMDAkNTgxOTYxIzQxIyQxIyQ3IyQ4MiQzNjE0ODEjNjEjJDEjJDgjJDgz
더나은성형외과의원,의원,경기,성남분당구,금곡동,"경기도 성남시 분당구 성남대로 168, 미도프라자 701호 (금곡동)",031-000-0000,https://www.thenaps.co.kr,45776,1,0,127.10949429999999,37.350886500000001,JDU4MTI3MSM1MSMkMiMkNCMkMDAkMzgxMzUxIzExIyQxIyQzIyQ4OSQzNjEwMDIjNDEjJDEjJDgjJDgz
로즈피부과의원,의원,경기,성남분당구,정자동,"경기도 성남시 분당구 느티로 27, 하나플라자빌딩 601,602호 (정자동)",031-714-9970,http://www.roseclinic.kr/,39510,2,2,127.1075046,37.368795300000002,JDU4MTI3MSM1MSMkMiMkMCMkMDAkMzgxMTkxIzExIyQxIyQzIyQ4OSQyNjEyMjIjNTEjJDEjJDYjJDgz
리즈온의원,의원,경기,성남분당구,서현동,"경기도 성남시 분당구 분당로53번길 11, 4층 일부호 (서현동, 서원프라자)",031-705-0870,http://www.ilovemimo.com,39233,1,0,127.1215658,37.384051900000003,JDU4MTI3MSM1MSMkMiMkMCMkMDAkNDgxMzUxIzExIyQxIyQ3IyQ4MiQzNjE4MzIjODEjJDEjJDIjJDgz
리즈피부과의원,의원,경기,성남분당구,정자동,"경기도 성남시 분당구 성남대로331번길 3-3, 젤존타워III 4층 403호, 404호 (정자동)",713-3553,http://www.leeskinclinic.com,38632,1,1,127.1073306,37.365751799999998,JDU4MTI3MSM1MSMkMiMkMCMkMDAkMzgxMzUxIzQxIyQxIyQ3IyQ3OSQzNjEwMDIjNjEjJDEjJDAjJDgz
링클스탑의원,의원,경기,성남분당구,서현동,"경기도 성남시 분당구 서현로 184, 엘지분당에클라트 217호 (서현동)",031-706-0015,http://wrinklestop.co.kr,42888,1,0,127.12378889999999,37.388374300000002,JDU4MTI3MSM1MSMkMiMkMCMkMDAkNTgxOTYxIzMxIyQxIyQzIyQ5OSQyNjEyMjIjNDEjJDEjJDgjJDgz
맨유비뇨기과의원,의원,경기,성남분당구,야탑동,"경기도 성남시 분당구 야탑로81번길 10, 4층 403호 (야탑동, 아미고타워)",031-622-1313,http://blog.naver.com/manyou5855,40553,1,0,127.1282197,37.410595499999999,JDU4MTI3MSM1MSMkMiMkMCMkMDAkMzgxNzAyIzExIyQxIyQzIyQ4OSQ0NjE0ODEjODEjJDEjJDIjJDgz
메이저피부과의원,의원,경기,성남분당구,서현동,"경기도 성남시 분당구 황새울로351번길 10, 3층 302(일부)호 (서현동, 여얌빌딩)",031-705-7345,http://www.majorskin.co.kr,40483,1,1,127.1231451,37.387678100000002,JDU4MTI3MSM1MSMkMiMkMCMkMDAkMzgxMTkxIzIxIyQxIyQxIyQ3OSQ0NjEwMDIjNjEjJDEjJDgjJDgz
미래이비인후과의원,의원,경기,성남분당구,삼평동,"경기도 성남시 분당구 판교역로 231, 219,220호 (삼평동, 에이치스퀘어 에스동)",031-696-7582,http://entmirae.com,40918,2,0,127.1086567,37.401323099999999,JDU4MTI3MSM1MSMkMiMkMCMkMDAkMzgxNzAyIzQxIyQyIyQ3IyQwMCQzNjEwMDIjNTEjJDEjJDIjJDgz
미모아피부과의원,의원,경기,성남분당구,금곡동,"경기도 성남시 분당구 돌마로 67, 309호 (금곡동, 금산젬월드)",031-711-0086,http://www.mimoreskin.co.kr/,37107,1,1,127.10952349999999,37.3504972,JDU4MTI3MSM1MSMkMiMkMCMkMDAkMzgxNzAyIzUxIyQxIyQ1IyQ3MiQ0NjE0ODEjNjEjJDEjJDAjJDgz
바른피부과의원,의원,경기,성남분당구,야탑동,"경기도 성남시 분당구 판교로 435, 동양프라자 305일부,305-1호 (야탑동)",031-609-5500,http://,43306,1,1,127.1222037,37.405739400000002,JDQ4MTYyMiM1MSMkMiMkMCMkMDAkNTgxOTYxIzUxIyQxIyQ1IyQ3MiQ0NjE0ODEjNjEjJDEjJDAjJDgz
베스탑비뇨기과의원,의원,경기,성남분당구,금곡동,"경기도 성남시 분당구 성남대로 165, 309호 310호 321호 (금곡동, 천사의도사1차)",031-782-4333,http://www.bestopclinic.com/,38199,2,0,127.1083309,37.350748000000003,JDQ4MTYyMiM1MSMkMiMkMCMkMDAkMzgxNzAyIzIxIyQxIyQxIyQ3OSQzNjE4MzIjNTEjJDEjJDIjJDgz
분당닥터에버스의원,의원,경기,성남분당구,서현동,"경기도 성남시 분당구 황새울로360번길 35, 서현현대프라자 3층 304호 (서현동)",031-8039-7537,https://evers29.co.kr,46000,3,0,127.12467599999999,37.384911600000002,JDU4MTI3MSM1MSMkMiMkNCMkMDAkMzgxMzUxIzExIyQxIyQ3IyQwMyQyNjE0ODEjNzEjJDEjJDgjJDgz
분당맥스웰의원,의원,경기,성남분당구,정자동,"경기도 성남시 분당구 성남대로331번길 7, 정자스타빌딩 3층 301호 (정자동)",031-717-5824,http://bundang.maxwellhair.com,44974,1,0,127.1072126,37.365459999999999,JDU4MTI3MSM1MSMkMiMkMCMkMDAkNTgxMzUxIzUxIyQyIyQxIyQwMCQyNjEwMDIjNTEjJDEjJDYjJDgz
분당연세비뇨의학과의원,의원,경기,성남분당구,서현동,"경기도 성남시 분당구 황새울로335번길 5, N타운빌딩 8층 803호 (서현동)",031-706-8292,http://www.yselimuro.com,39808,1,0,127.1216975,37.386049300000003,JDU4MTI3MSM1MSMkMiMkMCMkMDAkMzgxMzUxIzUxIyQxIyQ1IyQ3MiQzNjEwMDIjNTEjJDEjJDYjJDgz
분당연합의원,의원,경기,성남분당구,야탑동,"경기도 성남시 분당구 판교로 441, 202~204호 206호 (야탑동, 남서울프라자)",031-709-0848,http://lovefm.drline.net/,36600,1,0,127.1227762,37.405754999999999,JDQ4MTYyMiM1MSMkMiMkMCMkMDAkNDgxMzUxIzUxIyQxIyQ1IyQxMyQyNjEwMDIjODEjJDEjJDYjJDgz
분당예쁨주의쁨의원,의원,경기,성남분당구,서현동,"경기도 성남시 분당구 분당로53번길 12, 서현나산플라자 402,403호 (서현동)",031-703-3010,https://www.ppeum10.com/new/main/main.php?,43188,1,0,127.1219947,37.383674200000002,JDU4MTI3MSM1MSMkMiMkNCMkMDAkMzgxMzUxIzExIyQxIyQ3IyQ5MiQ0NjEwMDIjNTEjJDEjJDYjJDgz
분당우리산부인과의원,의원,경기,성남분당구,금곡동,"경기도 성남시 분당구 성남대로 168, 미도프라자 2층 202, 208호 (금곡동)",713-3700,http://hyunobgy.co.kr/index.asp,43165,1,0,127.10949429999999,37.350886500000001,JDU4MTI3MSM1MSMkMiMkMCMkMDAkMzgxMTkxIzUxIyQxIyQxIyQ3MiQzNjE4MzIjNjEjJDEjJDAjJDgz
분당현피부과의원,의원,경기,성남분당구,구미동,"경기도 성남시 분당구 돌마로 68, 502호 (구미동, 분당프라자)",031-717-4770,http://www.bundanghyun.com,40109,1,1,127.1095409,37.349644599999998,JDU4MTI3MSM1MSMkMiMkMCMkMDAkMzgxMTkxIzQxIyQxIyQ3IyQ4MiQyNjE0ODEjODEjJDEjJDIjJDgz
비타민의원,의원,경기,성남분당구,서현동,"경기도 성남시 분당구 서현로210번길 2, 3층 308~310호 (서현동, 성지하이츠텔)",031-8017-0281,http://www.vitaminclinic.kr,40028,1,0,127.1254838,37.386839500000001,JDU4MTI3MSM1MSMkMiMkMCMkMDAkMzgxNzAyIzMxIyQxIyQzIyQ2MiQ0NjEwMDIjNDEjJDEjJDQjJDgz
삼성항외과의원,의원,경기,성남분당구,구미동,"경기도 성남시 분당구 돌마로 52, 401호 (구미동, MD프라자)",031-714-6588,www.cpsc.co.kr,38345,1,0,127.1077571,37.349688299999997,JDU4MTI3MSM1MSMkMiMkMCMkMDAkMzgxMzUxIzIxIyQxIyQxIyQ3OSQ0NjEwMDIjNjEjJDEjJDQjJDgz
서울메이피부과의원,의원,경기,성남분당구,구미동,"경기도 성남시 분당구 미금로 44, 3층 (구미동, 국민프라자)",031-713-7766,http://www.seoulmay.com,39877,1,1,127.11653699999999,37.337312500000003,JDU4MTI3MSM1MSMkMiMkMCMkMDAkMzgxMTkxIzIxIyQxIyQ5IyQ5MiQ0NjEwMDIjNDEjJDEjJDQjJDgz
서울미피부과의원,의원,경기,성남분당구,삼평동,"경기도 성남시 분당구 대왕판교로606번길 39, 1001~1004호 (삼평동, 럭스타워)",031-706-1998,http://www.seoulmi.co.kr,40872,1,1,127.1115188,37.396475100000004,JDU4MTI3MSM1MSMkMiMkMCMkMDAkMzgxNzAyIzMxIyQxIyQ3IyQwMyQzNjEwMDIjNTEjJDEjJDIjJDgz
서울비뇨의학과의원,의원,경기,성남분당구,서현동,"경기도 성남시 분당구 서현로 184, 엘지분당에클라트 4층 405-1호, 406-1호 (서현동)",031-607-7200,http://www.uroseoul.com/intro/clinic_04.jsp,39430,1,0,127.12378889999999,37.388374300000002,JDU4MTI3MSM1MSMkMiMkMCMkMDAkMzgxOTYxIzUxIyQxIyQ1IyQ3OSQzNjE4MzIjODEjJDEjJDYjJDgz
심덕택피부과의원,의원,경기,성남분당구,금곡동,"경기도 성남시 분당구 돌마로 87, 306~307호 (금곡동, 골드프라자)",716-1353,http://www.goldskin.co.kr,35272,1,1,127.11174629999999,37.350391500000001,JDQ4MTYyMiM1MSMkMiMkMCMkMDAkNDgxMzUxIzUxIyQxIyQ1IyQ3MiQzNjEwMDIjNTEjJDEjJDIjJDgz
씨앤피차앤박피부과의원,의원,경기,성남분당구,서현동,"경기도 성남시 분당구 황새울로342번길 9, 8호 (서현동, 서울문고)",031-709-7229,http://www.cnpskin.com,37616,1,1,127.12343850000001,37.386069900000003,JDU4MTI3MSM1MSMkMiMkMCMkMDAkNDgxMzUxIzExIyQxIyQ3IyQ3OSQzNjE4MzIjNjEjJDEjJDAjJDgz
아이로피부과의원,의원,경기,성남분당구,운중동,"경기도 성남시 분당구 운중로 142, 판교메디칼타워 401호 (운중동)",031-8016-1675,http://www.airoskin.com,40619,1,1,127.0788318,37.391236999999997,JDU4MTI3MSM1MSMkMiMkMCMkMDAkMzgxNzAyIzIxIyQxIyQ1IyQwMyQyNjE0ODEjNTEjJDEjJDIjJDgz
아이린피부과의원,의원,경기,성남분당구,정자동,"경기도 성남시 분당구 성남대로 345, 303,304호 (정자동, 정자역프라자빌딩)",031-719-7525,http://ilinnclinic.com/,40546,1,1,127.1077021,37.3669303,JDU4MTI3MSM1MSMkMiMkMCMkMDAkMzgxNzAyIzIxIyQxIyQxIyQwMyQyNjE4MzIjNDEjJDEjJDgjJDgz
야베스가정의학과의원,의원,경기,성남분당구,서현동,"경기도 성남시 분당구 분당로263번길 39, 207호 (서현동, 레이디파크빌딩)",707-3224,http://www.jfmc.co.kr/,37630,1,0,127.14017699999999,37.3720189,JDQ4MTYyMiM1MSMkMiMkMCMkMDAkMzgxNzAyIzUxIyQxIyQ1IyQ5MiQyNjEyMjIjNzEjJDEjJDgjJDgz
에스앤유피부과의원,의원,경기,성남분당구,수내동,"경기도 성남시 분당구 황새울로200번길 9-7, 201~203호 (수내동)",714-0808,http://www.snuskin.com/,36277,2,2,127.11174219999999,37.377768799999998,JDQ4MTYyMiM1MSMkMiMkMCMkMDAkNDgxMTkxIzIxIyQxIyQ1IyQwMyQzNjEyMjIjNjEjJDEjJDQjJDgz
에이엔에이내과의원,의원,경기,성남분당구,서현동,"경기도 성남시 분당구 황새울로335번길 5, 301호 (서현동, 앤타운빌딩)",704-2121,http://www.allergycure.co.kr,37194,1,0,127.1216975,37.386049300000003,JDQ4MTYyMiM1MSMkMiMkMCMkMDAkNTgxOTYxIzUxIyQxIyQ1IyQ5MiQ0NjE0ODEjODEjJDEjJDYjJDgz
연세두리소아청소년과의원,의원,경기,성남분당구,구미동,"경기도 성남시 분당구 돌마로 80, 201호 6~8호 (구미동, 현대벤처빌)",031-714-5775,www.ysdoory.com/,37074,2,0,127.1103865,37.349687400000001,JDQ4MTYyMiM1MSMkMiMkMCMkMDAkNDgxNzAyIzMxIyQxIyQ3IyQ2MiQzNjE0ODEjNjEjJDEjJDAjJDgz
연세미피부과의원,의원,경기,성남분당구,수내동,"경기도 성남시 분당구 백현로101번길 24, 401호 (수내동, 미도프라자2)",715-8188,http://www.miskin.co.kr/,39086,1,1,127.11354540000001,37.377574600000003,JDQ4MTYyMiM1MSMkMiMkMCMkMDAkNTgxMzUxIzExIyQxIyQ3IyQ3OSQyNjEyMjIjNTEjJDEjJDIjJDgz
연세제이의원,의원,경기,성남분당구,금곡동,"경기도 성남시 분당구 성남대로 168, 309,310호 (금곡동, 미도프라자)",031-714-1091,http://,39492,1,0,127.10949429999999,37.350886500000001,JDU4MTI3MSM1MSMkMiMkMCMkMDAkMzgxOTYxIzUxIyQxIyQ1IyQwMyQyNjEyMjIjNjEjJDEjJDgjJDgz
연세탑비뇨기과의원,의원,경기,성남분당구,구미동,"경기도 성남시 분당구 성남대로 32, 보명프라자 601호 (구미동)",715-0068,http://ystopuro.co.kr/,38978,1,0,127.1093949,37.338655500000002,JDU4MTI3MSM1MSMkMiMkMCMkMDAkMzgxOTYxIzIxIyQxIyQxIyQ3MiQzNjE0ODEjNjEjJDEjJDgjJDgz
오라클피부과의원,의원,경기,성남분당구,서현동,"경기도 성남시 분당구 서현로180번길 13, 601~604호 (서현동, 서현프라자)",031-707-4975,http://www.oracleclinic.com/,39052,2,2,127.1228679,37.387915499999998,JDU4MTI3MSM1MSMkMiMkMCMkMDAkMzgxMTkxIzUxIyQxIyQ1IyQ5OSQ0NjE0ODEjNzEjJDEjJDgjJDgz
오월의아침피부과의원,의원,경기,성남분당구,구미동,"경기도 성남시 분당구 돌마로 46, 3층 5층 302호 502호 (구미동, 근생빌딩)",031-717-5207,http://www.maymorning.kr,39295,1,1,127.10699459999999,37.349688800000003,JDU4MTI3MSM1MSMkMiMkMCMkMDAkMzgxOTYxIzQxIyQxIyQ3IyQ2MiQyNjE0ODEjODEjJDEjJDIjJDgz
의료법인 성모의료재단 율동의원,의원,경기,성남분당구,야탑동,"경기도 성남시 분당구 벌말로 35, 대명빌딩 402호 (야탑동)",707-0092,http://www.stmarypla.co.kr/index.asp,41047,0,0,127.1379864,37.411183700000002,JDU4MTI3MSM1MSMkMiMkMCMkMDAkMzgxNzAyIzUxIyQxIyQ1IyQ5OSQyNjE0ODEjNzEjJDEjJDgjJDgz
이유미산부인과의원,의원,경기,성남분당구,야탑동,"경기도 성남시 분당구 성남대로 912, 409호 (야탑동, BYC빌딩)",783-8770,http://www.ymiz.com/,38814,1,0,127.12924769999999,37.410968500000003,JDU4MTI3MSM1MSMkMiMkMCMkMDAkMzgxOTYxIzExIyQxIyQzIyQ3OSQzNjE0ODEjNzEjJDEjJDgjJDgz
정자씨앤피차앤박피부과의원,의원,경기,성남분당구,정자동,"경기도 성남시 분당구 성남대로331번길 3-13, 502~504호 (정자동, 대명제스트빌딩)",031-715-0061,http://www.cnpskin.com,37616,2,2,127.10770309999999,37.364379100000001,JDQ4MTYyMiM1MSMkMiMkMCMkMDAkNTgxMzUxIzUxIyQxIyQxIyQxMyQyNjEwMDIjNjEjJDEjJDAjJDgz
탑비뇨기과의원,의원,경기,성남분당구,야탑동,"경기도 성남시 분당구 야탑로69번길 24-8, 309호 (야탑동)",031-781-7575,http://www.topuro.co.kr/index.asp,36490,1,0,127.1276099,37.411642800000003,JDQ4MTYyMiM1MSMkMiMkMCMkMDAkNDgxMTkxIzMxIyQyIyQ3IyQwMCQyNjEyMjIjNjEjJDEjJDQjJDgz
파워비뇨의학과의원,의원,경기,성남분당구,정자동,"경기도 성남시 분당구 성남대로 349, 시그마타워 601호 (정자동)",031-609-9988,https://powerurology.com,45373,1,0,127.1077003,37.367297000000001,JDU4MTI3MSM1MSMkMiMkMCMkMDAkNTgxOTYxIzIxIyQxIyQ1IyQwMyQyNjE4MzIjNDEjJDEjJDQjJDgz
판교 예스의원,의원,경기,성남분당구,삼평동,"경기도 성남시 분당구 대왕판교로 660, 304호 (삼평동, 유스페이스1)",031-628-1980,http://www.yes-clinic.net,41008,1,0,127.1068126,37.4004659,JDU4MTI3MSM1MSMkMiMkMCMkMDAkMzgxNzAyIzUxIyQxIyQxIyQ5MiQzNjEyMjIjNjEjJDEjJDgjJDgz
펄피부과의원,의원,경기,성남분당구,서현동,"경기도 성남시 분당구 분당로 43, 2층 일부호 (서현동, 나우빌딩)",031-703-3733,http://www.pearlclinic.co.kr,40227,1,1,127.1202711,37.384071400000003,JDU4MTI3MSM1MSMkMiMkMCMkMDAkMzgxOTYxIzMxIyQxIyQzIyQ4MiQyNjE4MzIjNjEjJDEjJDAjJDgz
해피닥터의원,의원,경기,성남분당구,정자동,"경기도 성남시 분당구 정자일로 227, 501~502호 601호 (정자동, 백궁지엔느)",031-704-0008,http://www.happydoctor.co.kr,39552,1,0,127.1056083,37.370701799999999,JDU4MTI3MSM1MSMkMiMkMCMkMDAkMzgxMTkxIzExIyQxIyQ3IyQ4OSQyNjEyMjIjNDEjJDEjJDQjJDgz
행복한여우의원,의원,경기,성남분당구,서현동,"경기도 성남시 분당구 황새울로351번길 10, 7층 704호 (서현동, 여암빌딩)",031-707-8878,http://www.happyfox.kr,37928,1,0,127.1231451,37.387678100000002,JDQ4MTYyMiM1MSMkMiMkMCMkMDAkNDgxNzAyIzMxIyQxIyQ3IyQ5OSQ0NjEwMDIjNDEjJDEjJDgjJDgz
힙스청담의원,의원,경기,성남분당구,정자동,"경기도 성남시 분당구 성남대로331번길 3-3, 젤존타워III 8층 805호 (정자동)",031-8017-7103,http://blog.daum.net/100ysfm/2,42901,1,0,127.1073306,37.365751799999998,JDU4MTI3MSM1MSMkMiMkMCMkMDAkMzgxNzAyIzIxIyQxIyQxIyQ3OSQzNjE4MzIjNjEjJDEjJDQjJDgz
굿비뇨기과의원,의원,경기,성남수정구,신흥동,"경기도 성남시 수정구 산성대로 259, 2층 (신흥동)",031-731-5002,http://www.skingood.co.kr/index.asp,37005,1,0,127.14567940000001,37.440786299999999,JDQ4MTYyMiM1MSMkMiMkMCMkMDAkNDgxNzAyIzIxIyQxIyQ5IyQwMyQyNjEyMjIjNjEjJDEjJDAjJDgz
닥터스팟여성의원,의원,경기,성남수정구,,"경기도 성남시 수정구 위례동로 147, 위례건아타워 2층 202호 (창곡동)",031-606-8879,https://닥터스팟.com,45705,1,0,127.15011,37.4730816,JDU4MTI3MSM1MSMkMiMkMCMkMDAkNTgxOTYxIzUxIyQxIyQxIyQxMyQzNjEyMjIjNTEjJDEjJDYjJDgz
닥터케이의원,의원,경기,성남수정구,태평동,"경기도 성남시 수정구 수정로 141-1, 7층 (태평동)",031-757-3773,http://www.bodydoctor.kr/,39594,1,0,127.1358646,37.442358200000001,JDU4MTI3MSM1MSMkMiMkMCMkMDAkMzgxMTkxIzExIyQxIyQ3IyQ5MiQ0NjEwMDIjNDEjJDEjJDgjJDgz
루미나르피부과의원,의원,경기,성남수정구,,"경기도 성남시 수정구 위례광장로 9-9, A동 3층 318,319,320호 (창곡동)",031-755-8277,www.luminar.co.kr,39192,1,1,127.1421227,37.466512600000001,JDU4MTI3MSM1MSMkMiMkMCMkMDAkMzgxOTYxIzMxIyQxIyQzIyQxMyQyNjEwMDIjNDEjJDEjJDQjJDgz
뷰티온의원,의원,경기,성남수정구,신흥동,"경기도 성남시 수정구 산성대로 267, 301,326-334호 (신흥동)",031-8039-7579,https://seongnam.beautyon.co.kr/,45721,2,0,127.1464467,37.441324000000002,JDU4MTI3MSM1MSMkMiMkMCMkMDAkNTgxOTYxIzUxIyQyIyQ1IyQwMCQ0NjEwMDIjNDEjJDEjJDgjJDgz
삼성플러스비뇨의학과의원,의원,경기,성남수정구,태평동,"경기도 성남시 수정구 수정로 141-1, 9~10층 (태평동)",031-753-6119,http://www.samsungplus.co.kr,39937,1,0,127.1358646,37.442358200000001,JDU4MTI3MSM1MSMkMiMkMCMkMDAkMzgxMTkxIzMxIyQxIyQzIyQwMyQzNjE4MzIjNzEjJDEjJDgjJDgz
스마일내과의원,의원,경기,성남수정구,태평동,"경기도 성남시 수정구 수정로 141-1, 8층 (태평동)",031-757-7588,http://www.smilemd.kr/,40273,2,0,127.1358646,37.442358200000001,JDU4MTI3MSM1MSMkMiMkMCMkMDAkMzgxMTkxIzUxIyQxIyQ1IyQ5MiQzNjEyMjIjNzEjJDEjJDgjJDgz
연세피부사랑의원,의원,경기,성남수정구,신흥동,"경기도 성남시 수정구 산성대로 247, 5층 (신흥동)",031-733-3433,http://www.bodynskin.kr,37711,1,0,127.14460130000001,37.440095700000001,JDQ4MTYyMiM1MSMkMiMkMCMkMDAkNTgxMzUxIzMxIyQxIyQzIyQ3OSQyNjE4MzIjNjEjJDEjJDgjJDgz
위드본의원,의원,경기,성남수정구,창곡동,"경기도 성남시 수정구 위례서일로 46, 위례엘포트한라비발디 309,310호 (창곡동)",031-754-8275,https://blog.naver.com/with365doc,45219,3,0,127.1405219,37.4639034,JDU4MTI3MSM1MSMkMiMkMCMkMDAkNTgxOTYxIzExIyQxIyQ3IyQ4MiQ0NjE0ODEjNTEjJDEjJDYjJDgz
위례센텀내과의원,의원,경기,성남수정구,,"경기도 성남시 수정구 위례동로 147, 위례건아타워 3층 302.,303호 (창곡동)",031-723-7575,http://wecentum.co.kr/,45832,1,0,127.15011,37.4730816,JDU4MTI3MSM1MSMkMiMkNCMkMDAkMzgxMzUxIzExIyQxIyQzIyQ4MiQyNjEwMDIjNjEjJDEjJDAjJDgz
정다운산부인과의원,의원,경기,성남수정구,신흥동,"경기도 성남시 수정구 산성대로295번길 3, (신흥동)",031-747-9944,http://www.jkygo.co.kr,30119,1,0,127.1492568,37.4421131,JDQ4MTYyMiM1MSMkMiMkMCMkMDAkNTgxMzUxIzIxIyQxIyQ5IyQ3MiQ0NjEwMDIjNjEjJDEjJDQjJDgz
맑은이비인후과의원,의원,경기,성남중원구,도촌동,"경기도 성남시 중원구 도촌남로 37, 403호.404호 (도촌동)",031-721-7535,http://cleanent.mdrline.net/,39597,1,0,127.1516748,37.414615300000001,JDU4MTI3MSM1MSMkMiMkMCMkMDAkMzgxMzUxIzIxIyQyIyQ5IyQwMCQzNjE4MzIjNTEjJDEjJDYjJDgz
모란피부과의원,의원,경기,성남중원구,성남동,"경기도 성남시 중원구 성남대로 1133, 3층 324~327호 (성남동, 성남메트로칸)",031-757-2700,http://www.moranskin.co.kr,41107,1,1,127.12863299999999,37.431040500000002,JDU4MTI3MSM1MSMkMiMkMCMkMDAkMzgxNzAyIzUxIyQxIyQ1IyQ5MiQzNjEwMDIjNjEjJDEjJDAjJDgz
본비뇨기과의원,의원,경기,성남중원구,성남동,"경기도 성남시 중원구 광명로 5, 성남동메디칼센타 9층 901,902호 (성남동)",031-757-5759,http://www.moranuro.co.kr/index.asp,38772,1,0,127.1296985,37.433175900000002,JDQ4MTYyMiM1MSMkMiMkMCMkMDAkNTgxOTYxIzMxIyQxIyQzIyQ4MiQ0NjE0ODEjNjEjJDEjJDgjJDgz
엘에스정형외과의원,의원,경기,성남중원구,상대원동,"경기도 성남시 중원구 둔촌대로 449, 3층 A306,A307,A308-1A309호 (상대원동, 중앙인더스피아)",031-740-9119,www.lsclinic.co.kr/,37011,2,0,127.16735679999999,37.432923500000001,JDQ4MTYyMiM1MSMkMiMkMCMkMDAkNDgxNzAyIzIxIyQxIyQ5IyQwMyQyNjE4MzIjNTEjJDEjJDIjJDgz
오라클피부과의원,의원,경기,성남중원구,성남동,"경기도 성남시 중원구 성남대로 1115, 6층 602호 (성남동)",031-745-5575,http://www.oracleclinic.com/,38834,2,1,127.1290027,37.429430600000003,JDU4MTI3MSM1MSMkMiMkMCMkMDAkMzgxOTYxIzExIyQxIyQzIyQ2MiQzNjE0ODEjNjEjJDEjJDgjJDgz
우리희망내과의원,의원,경기,성남중원구,중앙동,"경기도 성남시 중원구 산성대로 366, 벽산프라자 5,9층 (중앙동)",031-757-1717,http://www.hopemed.net/index.asp,40752,3,0,127.1568151,37.444449499999997,JDU4MTI3MSM1MSMkMiMkMCMkMDAkMzgxNzAyIzMxIyQxIyQzIyQ4MiQzNjEwMDIjNDEjJDEjJDgjJDgz
이화미의원,의원,경기,성남중원구,금광동,"경기도 성남시 중원구 산성대로372번길 14, 1층 (금광동)",031-735-0100,ewhami.co.kr,41990,1,0,127.1585912,37.4447568,JDU4MTI3MSM1MSMkMiMkMCMkMDAkNDgxMzUxIzUxIyQxIyQxIyQwMyQ0NjEwMDIjNTEjJDEjJDYjJDgz
지인의원,의원,경기,성남중원구,성남동,"경기도 성남시 중원구 광명로 5, 성남동메디칼센타 9층 903호 (성남동)",031-723-8555,http://jiinplasticsurgery.com,41898,1,0,127.1296985,37.433175900000002,JDU4MTI3MSM1MSMkMiMkMCMkMDAkMzgxMTkxIzUxIyQxIyQ1IyQ4MiQzNjEwMDIjNDEjJDEjJDgjJDgz
탑라인의원,의원,경기,성남중원구,성남동,"경기도 성남시 중원구 산성대로 80, 6층 (성남동)",031-722-2204,http://www.topline21.com/,39079,1,0,127.1281376,37.433051800000001,JDU4MTI3MSM1MSMkMiMkMCMkMDAkMzgxOTYxIzIxIyQyIyQ5IyQwMCQyNjEwMDIjNDEjJDEjJDQjJDgz
닥터셀의원,의원,경기,수원권선구,권선동,"경기도 수원시 권선구 권광로139번길 11, 101호 (권선동)",031-222-5211,http://www.cellclinic.net,39549,1,0,127.0302476,37.2600239,JDU4MTI3MSM1MSMkMiMkMCMkMDAkMzgxNzAyIzIxIyQxIyQ1IyQ2MiQyNjE0ODEjNTEjJDEjJDYjJDgz
방수관내과의원,의원,경기,수원권선구,권선동,"경기도 수원시 권선구 덕영대로 1205, 302호 (권선동, 미래타운)",031-226-1441,http://www.bangsk.co.kr/index.asp,39115,1,0,127.0225258,37.249256000000003,JDQ4MTYyMiM1MSMkMiMkMCMkMDAkNDgxMTkxIzUxIyQxIyQxIyQwMyQzNjEwMDIjODEjJDEjJDYjJDgz
비아체의원,의원,경기,수원권선구,권선동,"경기도 수원시 권선구 권광로 62, 백림빌딩 1층 (권선동)",031-205-8975,http://www.viace.net,38929,1,0,127.0288133,37.253458000000002,JDU4MTI3MSM1MSMkMiMkMCMkMDAkMzgxOTYxIzExIyQxIyQ3IyQwMyQzNjE4MzIjNjEjJDEjJDgjJDgz
서수원미라클의원,의원,경기,수원권선구,금곡동,"경기도 수원시 권선구 금곡로 106, 405호 (금곡동, 우성메디피아)",031-278-4930,http://www.mantop.co.kr,41527,1,0,126.9420314,37.273964300000003,JDU4MTI3MSM1MSMkMiMkMCMkMDAkMzgxNzAyIzQxIyQxIyQ3IyQ2MiQ0NjEwMDIjNTEjJDEjJDIjJDgz
성모수소아청소년과의원,의원,경기,수원권선구,금곡동,"경기도 수원시 권선구 금곡로 112, 이수프라자 304~308호 (금곡동)",031-294-7502,http://www.su-medi.co.kr,38778,4,0,126.94252760000001,37.273963999999999,JDU4MTI3MSM1MSMkMiMkMCMkMDAkMzgxMzUxIzUxIyQxIyQ1IyQ5OSQ0NjEwMDIjNjEjJDEjJDAjJDgz
신세계외과의원,의원,경기,수원권선구,금곡동,"경기도 수원시 권선구 서수원로 515, 2~4층 (금곡동)",031-271-2251,http://www.ssg-clinic.com,43679,5,0,126.95982309999999,37.272116099999998,JDQ4MTYyMiM1MSMkMiMkMCMkMDAkNTgxMzUxIzExIyQxIyQ3IyQwMyQ0NjE0ODEjNDEjJDEjJDQjJDgz
아산탑내과의원,의원,경기,수원권선구,탑동,"경기도 수원시 권선구 금호로 226, 3층 (탑동)",031-294-5400,http://www.asantop.co.kr,40092,7,0,126.9749008,37.275170299999999,JDU4MTI3MSM1MSMkMiMkMCMkMDAkMzgxOTYxIzUxIyQxIyQxIyQ2MiQzNjEyMjIjNTEjJDEjJDYjJDgz
윤슬피부과의원,의원,경기,수원권선구,금곡동,"경기도 수원시 권선구 금곡로 204, 세종타운721 301, 312호 (금곡동)",031-687-8275,https://yoonseulskin.com,45397,1,1,126.9533424,37.273706199999999,JDU4MTI3MSM1MSMkMiMkMCMkMDAkNTgxOTYxIzIxIyQxIyQ5IyQ2MiQ0NjEwMDIjNjEjJDEjJDgjJDgz
트루맨남성의원,의원,경기,수원권선구,권선동,"경기도 수원시 권선구 권광로 149, 5층 (권선동)",031-237-7565,http://www.7565.co.kr,39836,1,0,127.0312893,37.260938799999998,JDU4MTI3MSM1MSMkMiMkMCMkMDAkMzgxMTkxIzQxIyQyIyQ3IyQwMCQzNjE4MzIjNTEjJDEjJDYjJDgz
고은미인의원,의원,경기,수원영통구,영통동,"경기도 수원시 영통구 봉영로 1612, 701,702호 (영통동, 보보스프라자)",031-203-5575,www.gounmiin.co.kr/,41205,2,0,127.07501360000001,37.254485799999998,JDU4MTI3MSM1MSMkMiMkMCMkMDAkNDgxMzUxIzExIyQxIyQzIyQ4MiQyNjE0ODEjNjEjJDEjJDAjJDgz
바이킴피부과의원,의원,경기,수원영통구,하동,"경기도 수원시 영통구 광교중앙로248번길 7-2, 원희캐슬 광교 204,205,206,208호 (하동)",031-215-8277,http://www.bykim.co.kr,45393,1,1,127.0666707,37.291033300000002,JDU4MTI3MSM1MSMkMiMkMCMkMDAkNTgxOTYxIzIxIyQxIyQ5IyQ2MiQ0NjE0ODEjODEjJDEjJDIjJDgz
베스탑비뇨기과의원,의원,경기,수원영통구,매탄동,"경기도 수원시 영통구 효원로 387, 402호 (매탄동, 풍성프라자)",031-213-0035,http://www.bestopclinic.com/,37406,2,0,127.0439442,37.259237300000002,JDU4MTI3MSM1MSMkMiMkMCMkMDAkMzgxMzUxIzIxIyQxIyQ5IyQ3MiQ0NjE0ODEjNjEjJDEjJDgjJDgz
뷰티온의원 수원망포점,의원,경기,수원영통구,망포동,"경기도 수원시 영통구 덕영대로 1470, 망포역 플래티넘베이스 7층 701,702호 (망포동)",031-203-7570,https://mangpo.beautyon.co.kr,45084,1,0,127.0511613,37.245058299999997,JDU4MTI3MSM1MSMkMiMkMCMkMDAkNTgxOTYxIzExIyQxIyQzIyQ5OSQyNjE0ODEjNTEjJDEjJDIjJDgz
서울리더스내과의원,의원,경기,수원영통구,망포동,"경기도 수원시 영통구 영통로 195, 골든스퀘어 6층 601호,605호 (망포동)",031-206-8808,www.seoulleaders.com,44386,4,0,127.0558468,37.245209899999999,JDU4MTI3MSM1MSMkMiMkMCMkMDAkNDgxNzAyIzExIyQyIyQzIyQwMCQzNjE0ODEjNDEjJDEjJDgjJDgz
손앤오 의원,의원,경기,수원영통구,영통동,"경기도 수원시 영통구 봉영로 1606, 203호 (영통동, 미네시티)",031-205-0250,http://www.sohn.co.kr,36287,2,0,127.0744859,37.2538737,JDU4MTI3MSM1MSMkMiMkMCMkMDAkMzgxMTkxIzMxIyQxIyQ3IyQ4OSQzNjE0ODEjODEjJDEjJDIjJDgz
오체안피부과의원,의원,경기,수원영통구,영통동,"경기도 수원시 영통구 영통로214번길 8, 4층 (영통동)",031-205-7557,https://ozheansw.com/,42663,3,3,127.0575721,37.246224699999999,JDU4MTI3MSM1MSMkMiMkNCMkMDAkMzgxMzUxIzExIyQxIyQ3IyQxMyQzNjE0ODEjNzEjJDEjJDgjJDgz
유앤미피부과의원,의원,경기,수원영통구,영통동,"경기도 수원시 영통구 봉영로 1587, (영통동, 다모아프라자 601호)",031-206-8275,http://www.youbeauty.co.kr/,39274,1,1,127.07233309999999,37.253332899999997,JDU4MTI3MSM1MSMkMiMkMCMkMDAkMzgxOTYxIzQxIyQxIyQ3IyQ4OSQyNjEyMjIjNTEjJDEjJDIjJDgz
이의원,의원,경기,수원영통구,매탄동,"경기도 수원시 영통구 인계로 219, 215호 (매탄동, 삼성1차아파트상가)",031-214-5975,http://,34050,1,0,127.0418925,37.265852000000002,JDQ4MTYyMiM1MSMkMiMkMCMkMDAkMzgxNzAyIzMxIyQyIyQzIyQwMCQzNjE4MzIjNTEjJDEjJDYjJDgz
톤즈의원 수원광교점,의원,경기,수원영통구,이의동,"경기도 수원시 영통구 에듀타운로 102, 광교중앙역 SK VIEW 제B동 2층 201~209호 (이의동)",031-8019-5020,http://tones3.com,45098,1,0,127.0464151,37.289782700000004,JDU4MTI3MSM1MSMkMiMkMCMkMDAkNTgxOTYxIzExIyQyIyQzIyQwMCQzNjEwMDIjNDEjJDEjJDgjJDgz
행복한아침의원,의원,경기,수원영통구,영통동,"경기도 수원시 영통구 덕영대로 1525, 6층 (영통동, 성모빌딩)",031-204-5975,http://,39546,1,0,127.0578051,37.246223899999997,JDU4MTI3MSM1MSMkMiMkMCMkMDAkMzgxMTkxIzExIyQxIyQzIyQwMyQzNjEwMDIjODEjJDEjJDYjJDgz
365스마트의원,의원,경기,수원장안구,천천동,"경기도 수원시 장안구 만석로19번길 25-10, (천천동, 롯데마트)",031-268-7234,https://365smart.modoo.at/,39770,2,0,126.9823913,37.2961344,JDU4MTI3MSM1MSMkMiMkMCMkMDAkMzgxMTkxIzIxIyQxIyQ1IyQ4MiQzNjEyMjIjNDEjJDEjJDgjJDgz
JY피부과의원,의원,경기,수원장안구,조원동,"경기도 수원시 장안구 경수대로 940, (조원동, 일호골든타워)",031-303-1002,http://www.jyskin.kr,39955,1,1,127.0080449,37.303148299999997,JDQ4MTYyMiM1MSMkMiMkMCMkMDAkNTgxOTYxIzIxIyQyIyQxIyQwMCQyNjE4MzIjNjEjJDEjJDAjJDgz
노블클래식의원,의원,경기,수원장안구,조원동,"경기도 수원시 장안구 경수대로 920, (조원동)",031-892-8168,http://www.nobleclassic.com,40534,1,0,127.0097095,37.301636100000003,JDQ4MTYyMiM1MSMkMiMkMCMkMDAkNTgxMzUxIzUxIyQxIyQxIyQ5MiQ0NjEwMDIjNjEjJDEjJDQjJDgz
뉴하나로외과의원,의원,경기,수원장안구,율전동,"경기도 수원시 장안구 서부로 2139, (율전동)",031-269-9530,http://www.newhanaro.net,38694,1,0,126.9716659,37.299456900000003,JDQ4MTYyMiM1MSMkMiMkMCMkMDAkNTgxMzUxIzIxIyQxIyQ5IyQwMyQ0NjEwMDIjNzEjJDEjJDgjJDgz
두리이비인후과의원수원점,의원,경기,수원장안구,천천동,"경기도 수원시 장안구 만석로19번길 29, 502,503호 (천천동, 부강프라자)",031-247-2275,http://www.swdoori.com,40757,3,0,126.9831081,37.296612500000002,JDU4MTI3MSM1MSMkMiMkMCMkMDAkMzgxNzAyIzMxIyQxIyQzIyQ4MiQ0NjEwMDIjNjEjJDEjJDAjJDgz
순여성의원,의원,경기,수원장안구,정자동,"경기도 수원시 장안구 정자천로173번길 11-17, (정자동)",031-269-3838,http://soonwc.com,36734,1,0,126.99400989999999,37.295181599999999,JDQ4MTYyMiM1MSMkMiMkMCMkMDAkNDgxOTYxIzQxIyQxIyQ3IyQwMyQzNjE4MzIjNTEjJDEjJDYjJDgz
압구정코아지앤미의원,의원,경기,수원장안구,천천동,"경기도 수원시 장안구 만석로19번길 11-8, 401호 (천천동, 골든프라자)",031-255-3705,http://www.worlddoctor.co.kr,38666,1,0,126.9831813,37.2959757,JDQ4MTYyMiM1MSMkMiMkMCMkMDAkNDgxNzAyIzUxIyQyIyQ1IyQwMCQzNjEwMDIjNjEjJDEjJDAjJDgz
강남신경과의원,의원,경기,수원팔달구,화서동,"경기도 수원시 팔달구 동말로 81, (화서동,2층)",031-251-3111,http://kangnamclinic.kr,40522,1,0,127.0031271,37.2789626,JDU4MTI3MSM1MSMkMiMkMCMkMDAkMzgxNzAyIzIxIyQxIyQ5IyQwMyQyNjEwMDIjNzEjJDEjJDgjJDgz
강한피부과의원,의원,경기,수원팔달구,인계동,"경기도 수원시 팔달구 권광로 173, 3층 (인계동)",031-221-9007,http://www.kangskin.co.kr,38692,1,1,127.0319458,37.263074899999999,JDU4MTI3MSM1MSMkMiMkMCMkMDAkMzgxNzAyIzIxIyQxIyQxIyQ4OSQzNjEyMjIjNjEjJDEjJDAjJDgz
구광모항외과의원,의원,경기,수원팔달구,고등동,"경기도 수원시 팔달구 팔달로 59, 코압빌딩 501~504호 (고등동)",031-207-2111,http://www.sghang.com/index.asp,38177,1,0,127.0019796,37.273997899999998,JDQ4MTYyMiM1MSMkMiMkMCMkMDAkNTgxOTYxIzUxIyQxIyQ1IyQxMyQyNjE4MzIjNTEjJDEjJDIjJDgz
김지훈피부과의원,의원,경기,수원팔달구,인계동,"경기도 수원시 팔달구 권광로 197, (인계동, 남현프라자 2층) (인계동)",031-222-7576,http://www.skin7576.com,38155,1,1,127.0327904,37.265231700000001,JDQ4MTYyMiM1MSMkMiMkMCMkMDAkNTgxOTYxIzUxIyQxIyQ1IyQ3MiQzNjEyMjIjODEjJDEjJDIjJDgz
도도의원,의원,경기,수원팔달구,인계동,"경기도 수원시 팔달구 권광로 200, (인계동,5층)",031-293-7575,http://www.dodoclinic.com,40108,1,0,127.0335523,37.265127,JDQ4MTYyMiM1MSMkMiMkMCMkMDAkMzgxNzAyIzUxIyQxIyQ1IyQxMyQzNjEyMjIjNjEjJDEjJDAjJDgz
미앤미의원,의원,경기,수원팔달구,매산로1가,"경기도 수원시 팔달구 덕영대로 899, 303호, 304호 (매산로1가)",031-246-1131,http://www.mipretty.co.kr,40464,1,0,127.00031540000001,37.268150499999997,JDU4MTI3MSM1MSMkMiMkMCMkMDAkMzgxNzAyIzUxIyQxIyQ1IyQ3OSQyNjEwMDIjNDEjJDEjJDgjJDgz
뷰티라운지의원,의원,경기,수원팔달구,인계동,"경기도 수원시 팔달구 효원로 278, 251~255호 (인계동)",031-548-2812,https://suwon.beautyloungeclinic.co.kr/,45624,1,0,127.032399,37.261069900000003,JDU4MTI3MSM1MSMkMiMkNCMkMDAkMzgxMzUxIzExIyQxIyQzIyQ5MiQ0NjE0ODEjODEjJDEjJDYjJDgz
수메디의원,의원,경기,수원팔달구,매산로1가,"경기도 수원시 팔달구 매산로 11, (매산로1가)",031-203-5030,http://www.soofm.com/,40933,1,0,127.0027269,37.267451600000001,JDU4MTI3MSM1MSMkMiMkMCMkMDAkMzgxOTYxIzMxIyQxIyQ3IyQ3OSQyNjE4MzIjNzEjJDEjJDgjJDgz
스위스의원,의원,경기,수원팔달구,매산로1가,"경기도 수원시 팔달구 덕영대로 905, (매산로1가, 매산로1가, 아이메카 7층)",031-241-1175,http://www.swissbeauty.co.kr/,39085,1,0,127.0005489,37.267879000000001,JDU4MTI3MSM1MSMkMiMkMCMkMDAkMzgxOTYxIzQxIyQxIyQ3IyQ3MiQyNjEwMDIjNTEjJDEjJDYjJDgz
아름다운정신과의원,의원,경기,수원팔달구,팔달로2가,"경기도 수원시 팔달구 정조로801번길 3, (팔달로2가)",031-256-1588,http://www.gooooddoc.com,37301,1,0,127.01635659999999,37.279479500000001,JDQ4MTYyMiM1MSMkMiMkMCMkMDAkNTgxMzUxIzExIyQxIyQ3IyQ5OSQyNjE0ODEjNDEjJDEjJDgjJDgz
아주편한내과의원,의원,경기,수원팔달구,화서동,"경기도 수원시 팔달구 팔달로 117, (화서동,2층)",031-258-0075,http://www.ajougood.com,40788,1,0,127.00360480000001,37.279163199999999,JDU4MTI3MSM1MSMkMiMkMCMkMDAkMzgxNzAyIzMxIyQxIyQ3IyQ3OSQyNjE0ODEjNTEjJDEjJDYjJDgz
앤더슨비뇨기과의원,의원,경기,수원팔달구,인계동,"경기도 수원시 팔달구 권광로 195, (인계동)",031-222-5055,http://www.pinkclinic.co.kr,37743,1,0,127.0326736,37.2649434,JDQ4MTYyMiM1MSMkMiMkMCMkMDAkNTgxOTYxIzExIyQxIyQ3IyQwMyQ0NjEwMDIjNTEjJDEjJDYjJDgz
오라클피부과의원,의원,경기,수원팔달구,인계동,"경기도 수원시 팔달구 권광로 200, (인계동)",031-224-5727,http://www.oracleclinic.com/,39169,1,1,127.0335523,37.265127,JDU4MTI3MSM1MSMkMiMkMCMkMDAkMzgxOTYxIzMxIyQyIyQzIyQwMCQ0NjEwMDIjNDEjJDEjJDgjJDgz
우리맘소아청소년과의원,의원,경기,수원팔달구,화서동,"경기도 수원시 팔달구 동말로 83, (화서동)",031-247-3421,http://www.urimam.net/,32256,3,0,127.0033767,37.278959499999999,JDQ4MTYyMiM1MSMkMiMkMCMkMDAkMzgxMTkxIzExIyQxIyQzIyQ2MiQzNjEwMDIjNzEjJDEjJDgjJDgz
이주봉피부과의원,의원,경기,수원팔달구,팔달로2가,"경기도 수원시 팔달구 정조로791번길 7-10, (팔달로2가)",031-251-3350,www.leejoobong.com/,28914,1,1,127.01632859999999,37.2781758,JDQ4MTYyMiM1MSMkMiMkMCMkMDAkMzgxMzUxIzIxIyQxIyQxIyQ5OSQzNjE0ODEjNjEjJDEjJDgjJDgz
차앤박피부과의원,의원,경기,수원팔달구,매산로1가,"경기도 수원시 팔달구 덕영대로 905, 지하1층 (매산로1가)",031-241-3663,http://www.cnpskin.com/hos/main.php?groupid=cnpskin16,39136,3,3,127.0005489,37.267879000000001,JDU4MTI3MSM1MSMkMiMkMCMkMDAkMzgxOTYxIzIxIyQxIyQ5IyQwMyQ0NjE0ODEjNTEjJDEjJDYjJDgz
청담맥의원,의원,경기,수원팔달구,매산로2가,"경기도 수원시 팔달구 매산로 36, (매산로2가)",031-254-8080,http://www.cdmac.co.kr/,40606,1,0,127.0052328,37.267856899999998,JDU4MTI3MSM1MSMkMiMkMCMkMDAkMzgxNzAyIzMxIyQxIyQzIyQxMyQ0NjEwMDIjNjEjJDEjJDgjJDgz
청담스타성형외과의원,의원,경기,수원팔달구,매산로1가,"경기도 수원시 팔달구 덕영대로 905, (매산로1가,아이메카상가401호)",031-255-7080,http://www.cdstar.co.kr/,39531,1,0,127.0005489,37.267879000000001,JDU4MTI3MSM1MSMkMiMkMCMkMDAkMzgxMTkxIzExIyQyIyQ3IyQwMCQzNjEyMjIjNzEjJDEjJDgjJDgz
투유의원,의원,경기,수원팔달구,인계동,"경기도 수원시 팔달구 인계로 130, (인계동, 더스퀘어빌딩 7층)",031-223-8890,http://www.newcfps.com,42352,3,0,127.03177169999999,37.267026399999999,JDU4MTI3MSM1MSMkMiMkMCMkMDAkMzgxNzAyIzMxIyQxIyQzIyQ3OSQzNjEyMjIjNjEjJDEjJDgjJDgz
힐스킨피부과의원,의원,경기,수원팔달구,인계동,"경기도 수원시 팔달구 권광로 184, (인계동,209,210,211,212호)",898-9588,http://mysosom.com/,40210,2,2,127.03343750000001,37.263883300000003,JDU4MTI3MSM1MSMkMiMkMCMkMDAkMzgxMTkxIzUxIyQxIyQxIyQ4MiQzNjEyMjIjNTEjJDEjJDYjJDgz
힐하우스피부과의원,의원,경기,수원팔달구,매산로2가,"경기도 수원시 팔달구 매산로 24, 3층 (매산로2가)",031-248-7730,https://www.healhouseskin.com/main.php,43998,4,4,127.0042632,37.267485999999998,JDU4MTI3MSM1MSMkMiMkNCMkMDAkMzgxMzUxIzIxIyQyIyQxIyQwMCQzNjEwMDIjODEjJDEjJDIjJDgz
굿모닝미항외과의원,의원,경기,시흥시,정왕동,"경기도 시흥시 정왕대로 230, 제일프라자 3층 301호~302호 (정왕동)",031-505-7272,http://www.goodmihang.com,39065,1,0,126.7385084,37.344967099999998,JDU4MTI3MSM1MSMkMiMkMCMkMDAkMzgxOTYxIzIxIyQxIyQ1IyQwMyQ0NjE0ODEjNzEjJDEjJDgjJDgz
김준범성형외과의원,의원,경기,시흥시,정왕동,"경기도 시흥시 중심상가2길 12-2, 5층 501호 (정왕동, 우성프라자)",031-488-9100,http://www.facebeauty.co.kr/,37292,1,0,126.7364748,37.345549699999999,JDU4MTI3MSM1MSMkMiMkMCMkMDAkMzgxMTkxIzIxIyQxIyQ1IyQwMyQyNjEyMjIjNTEjJDEjJDYjJDgz
문소아과의원,의원,경기,시흥시,은행동,"경기도 시흥시 은행로 130, 2층 (은행동, 은행프라자)",031-315-0029,http://www.moonped.co.kr/index.asp,35499,1,0,126.8000107,37.442717999999999,JDQ4MTYyMiM1MSMkMiMkMCMkMDAkNDgxOTYxIzExIyQyIyQzIyQwMCQ0NjE0ODEjNDEjJDEjJDgjJDgz
미소의원,의원,경기,시흥시,대야동,"경기도 시흥시 복지로 55, (대야동)",031-314-7585,http://www.sheasymedical.co.kr,40750,1,0,126.78945400000001,37.444361499999999,JDU4MTI3MSM1MSMkMiMkMCMkMDAkMzgxNzAyIzMxIyQxIyQzIyQ4MiQzNjE0ODEjNTEjJDEjJDYjJDgz
비앤에스의원,의원,경기,시흥시,정왕동,"경기도 시흥시 정왕대로 220, 201,202호 (정왕동, 우리빌딩)",031-499-2162,http://bnsskinbody.co.kr,38901,1,0,126.7376709,37.345512300000003,JDU4MTI3MSM1MSMkMiMkMCMkMDAkMzgxOTYxIzIxIyQxIyQ1IyQ4OSQyNjE0ODEjNDEjJDEjJDgjJDgz
서울뷰의원,의원,경기,시흥시,배곧동,"경기도 시흥시 서울대학로278번길 43-13, 3층 301, 302호 (배곧동)",031-8042-2121,https://seoulviewbg.modoo.at/,45628,2,0,126.730188,37.369235500000002,JDU4MTI3MSM1MSMkMiMkNCMkMDAkMzgxMzUxIzExIyQxIyQzIyQ4OSQzNjE0ODEjNTEjJDEjJDIjJDgz
연세비뇨기과의원,의원,경기,시흥시,신천동,"경기도 시흥시 삼미시장1길 17, 시흥치과 301호 (신천동)",031-313-0111,http://yonseiuro.co.kr,34799,1,0,126.78433800000001,37.440420199999998,JDQ4MTYyMiM1MSMkMiMkMCMkMDAkNDgxMzUxIzIxIyQxIyQ1IyQ4MiQ0NjEwMDIjNjEjJDEjJDAjJDgz
연세클리어의원,의원,경기,시흥시,정왕동,"경기도 시흥시 배곧3로 96, 410호 (정왕동)",031-365-5533,http://yslines.co.kr,42888,1,0,126.73005259999999,37.369818899999999,JDU4MTI3MSM1MSMkMiMkMCMkMDAkNDgxMzUxIzExIyQxIyQzIyQ2MiQzNjE0ODEjNTEjJDEjJDIjJDgz
윤피부과의원,의원,경기,시흥시,신천동,"경기도 시흥시 수인로 3372, 403호 (신천동, 신천빌딩)",031-315-8872,http://,33721,1,1,126.784333,37.441134599999998,JDQ4MTYyMiM1MSMkMiMkMCMkMDAkMzgxNzAyIzIxIyQxIyQxIyQwMyQzNjEwMDIjNjEjJDEjJDAjJDgz
조은내과의원,의원,경기,시흥시,정왕동,"경기도 시흥시 정왕대로 220, 우리메디칼센타 4~5층, B1층 405호~407호, 501호~502호, B102호 (정왕동)",031-434-9700,http://www.goodmedical.net/index.asp,37013,5,0,126.7376709,37.345512300000003,JDQ4MTYyMiM1MSMkMiMkMCMkMDAkNDgxNzAyIzMxIyQyIyQzIyQwMCQyNjE4MzIjNTEjJDEjJDIjJDgz
피오라의원,의원,경기,시흥시,은행동,"경기도 시흥시 은계번영길 19, 은계 디스퀘어큐브 3층 306~307호 (은행동)",031-317-3117,https://fioraclinic.kr,43895,1,0,126.8030194,37.437278399999997,JDU4MTI3MSM1MSMkMiMkMCMkMDAkNTgxOTYxIzUxIyQxIyQxIyQ5OSQzNjE0ODEjNjEjJDEjJDgjJDgz
건강한미래항외과의원,의원,경기,안산단원구,고잔동,"경기도 안산시 단원구 광덕2로 185, 금성센터빌딩 201~203호 (고잔동)",031-414-8275,http://mirae-clinic.com,40954,2,0,126.8313612,37.309919200000003,JDQ4MTYyMiM1MSMkMiMkMCMkMDAkNTgxMzUxIzUxIyQxIyQ1IyQ4MiQyNjE0ODEjNDEjJDEjJDgjJDgz
고려정외과의원,의원,경기,안산단원구,고잔동,"경기도 안산시 단원구 광덕3로 178, 5층 501,502호 (고잔동, 화승타운)",031-487-9897,www.krsurg.co.kr/,39395,1,0,126.8323498,37.312053800000001,JDQ4MTYyMiM1MSMkMiMkMCMkMDAkNTgxMzUxIzUxIyQxIyQ1IyQ2MiQyNjE0ODEjNjEjJDEjJDgjJDgz
메이퀸이지은산부인과의원,의원,경기,안산단원구,선부동,"경기도 안산시 단원구 선부광장1로 10, 동양빌딩 501,502,503호 (선부동)",031-401-7777,http://www.ilovewoman.co.kr,33031,1,0,126.80721440000001,37.335529899999997,JDQ4MTYyMiM1MSMkMiMkMCMkMDAkMzgxMTkxIzMxIyQyIyQ3IyQwMCQ0NjE0ODEjNTEjJDEjJDIjJDgz
멘파워비뇨기과의원,의원,경기,안산단원구,고잔동,"경기도 안산시 단원구 광덕4로 112, 302~304호 (고잔동, 슈마프라자)",031-411-5700,http://www.man-power.co.kr/sub01/sub01_0405.php,38413,1,0,126.82476870000001,37.315138400000002,JDU4MTI3MSM1MSMkMiMkMCMkMDAkMzgxOTYxIzIxIyQxIyQ5IyQwMyQzNjEyMjIjNzEjJDEjJDgjJDgz
미드림의원,의원,경기,안산단원구,고잔동,"경기도 안산시 단원구 광덕3로 167, 301,302호 (고잔동, 신영프라자)",031-410-5700,http://www.mi-dream.co.kr/,39623,1,0,126.8315884,37.3127092,JDU4MTI3MSM1MSMkMiMkMCMkMDAkMzgxNzAyIzUxIyQxIyQxIyQ5MiQyNjEyMjIjNTEjJDEjJDYjJDgz
비에이성형외과의원,의원,경기,안산단원구,고잔동,"경기도 안산시 단원구 광덕동로 91, 206,207호 (고잔동, 씨티프라자)",031-485-7575,http://bclinic.co.kr/main/main.php?,41051,5,0,126.8325699,37.312652300000003,JDU4MTI3MSM1MSMkMiMkMCMkMDAkMzgxNzAyIzUxIyQxIyQ1IyQ4MiQzNjE0ODEjODEjJDEjJDYjJDgz
서울참피부과의원,의원,경기,안산단원구,고잔동,"경기도 안산시 단원구 광덕대로 174, 504호 (고잔동, 월드타운)",031-414-0075,http://charmskin.net,38061,1,1,126.8310371,37.311929599999999,JDQ4MTYyMiM1MSMkMiMkMCMkMDAkNTgxOTYxIzQxIyQyIyQ3IyQwMCQyNjEwMDIjNDEjJDEjJDQjJDgz
소이엘의원,의원,경기,안산단원구,고잔동,"경기도 안산시 단원구 예술대학로 17, 620~622호 (고잔동, 안산중앙노블레스)",031-402-4842,soiel.kr,42248,3,0,126.8365081,37.318705899999998,JDU4MTI3MSM1MSMkMiMkMCMkMDAkNDgxMTkxIzExIyQxIyQ3IyQwMyQ0NjEwMDIjNDEjJDEjJDQjJDgz
안산테크마의원,의원,경기,안산단원구,고잔동,"경기도 안산시 단원구 광덕2로 164, 2,3층 (고잔동, 메디피아)",031-412-2900,http://www.urotheme.com,40483,5,0,126.8283412,37.309660700000002,JDQ4MTYyMiM1MSMkMiMkMCMkMDAkNDgxMzUxIzIxIyQxIyQ1IyQ2MiQyNjE4MzIjNDEjJDEjJDgjJDgz
에스미의원,의원,경기,안산단원구,고잔동,"경기도 안산시 단원구 고잔로 76, 205호 (고잔동, 영풍프라자)",031-475-7582,http://www.smeclinic.co.kr,37440,1,0,126.83482650000001,37.318913299999998,JDQ4MTYyMiM1MSMkMiMkMCMkMDAkNTgxMzUxIzMxIyQxIyQzIyQ2MiQ0NjEwMDIjNjEjJDEjJDAjJDgz
연세킹의원,의원,경기,안산단원구,신길동,"경기도 안산시 단원구 중앙대로 421, 302-3,303,304호 (신길동, 모리아 오피스텔)",031-508-0365,http://blog.naver.com/yskk508,41702,1,0,126.7865106,37.330033200000003,JDU4MTI3MSM1MSMkMiMkMCMkMDAkNDgxMzUxIzMxIyQxIyQzIyQxMyQ0NjE0ODEjNTEjJDEjJDYjJDgz
예플러스이비인후과의원,의원,경기,안산단원구,초지동,"경기도 안산시 단원구 원포공원1로 49, 태영타운 308,309일부,314,315호 (초지동)",031-405-6780,http://www.yeent.com,39847,2,0,126.81234019999999,37.302441999999999,JDU4MTI3MSM1MSMkMiMkMCMkMDAkMzgxMTkxIzIxIyQyIyQ5IyQwMCQzNjE0ODEjNDEjJDEjJDQjJDgz
유앤아이의원 안산점,의원,경기,안산단원구,고잔동,"경기도 안산시 단원구 중앙대로 885, 힐스테이트 에코 2층 202~204/206~218호 (고잔동)",031-8042-6025,https://www.asuni114.co.kr/,45523,5,0,126.8354234,37.317188299999998,JDU4MTI3MSM1MSMkMiMkMCMkMDAkNTgxOTYxIzMxIyQyIyQ3IyQwMCQzNjE0ODEjNDEjJDEjJDgjJDgz
제이미의원,의원,경기,안산단원구,선부동,"경기도 안산시 단원구 선부광장1로 66, 401,406호 (선부동, 용현빌딩)",031-485-2882,http://www.jamieclinic.com,37852,1,0,126.8116146,37.336131899999998,JDQ4MTYyMiM1MSMkMiMkMCMkMDAkNTgxOTYxIzIxIyQxIyQ5IyQ4OSQ0NjEwMDIjNDEjJDEjJDgjJDgz
조비뇨기과의원,의원,경기,안산단원구,고잔동,"경기도 안산시 단원구 고잔로 76, 3층 303호 (고잔동, 영풍프라자)",031-413-2888,http://www.joclinic.net,39700,1,0,126.83482650000001,37.318913299999998,JDU4MTI3MSM1MSMkMiMkMCMkMDAkMzgxMTkxIzIxIyQxIyQ1IyQ3OSQyNjEyMjIjNjEjJDEjJDQjJDgz
차앤박피부과의원,의원,경기,안산단원구,고잔동,"경기도 안산시 단원구 중앙대로 907, 1동 (고잔동, 안산종합상가1402~1404호, 1405호일부)",031-405-7878,http://www.cnpskin.com,39533,1,1,126.83771609999999,37.317108599999997,JDU4MTI3MSM1MSMkMiMkMCMkMDAkMzgxMTkxIzExIyQxIyQzIyQ4MiQyNjE4MzIjODEjJDEjJDIjJDgz
프로포즈성형외과의원,의원,경기,안산단원구,고잔동,"경기도 안산시 단원구 고잔1길 17, 402,403,501호 (고잔동, 대유빌딩)",031-485-8275,http://propose-ps.co.kr/,39248,1,0,126.8355995,37.318672900000003,JDU4MTI3MSM1MSMkMiMkMCMkMDAkMzgxMTkxIzExIyQxIyQ3IyQxMyQ0NjEwMDIjNjEjJDEjJDQjJDgz
하이맨비뇨기과의원,의원,경기,안산단원구,고잔동,"경기도 안산시 단원구 예술대학로 17, 405호 (고잔동, 안산중앙노블레스)",031-410-7540,http://www.highman.co.kr/html/01_highman/highman_03.php?ppc=POS004,39750,1,0,126.8365081,37.318705899999998,JDU4MTI3MSM1MSMkMiMkMCMkMDAkMzgxNzAyIzQxIyQxIyQ3IyQ2MiQyNjE0ODEjODEjJDEjJDYjJDgz
항사랑외과의원,의원,경기,안산단원구,고잔동,"경기도 안산시 단원구 광덕대로 174, 304,305호 (고잔동, 월드타운)",031-486-9975,http://www.chizil.org,37673,1,0,126.8310371,37.311929599999999,JDU4MTI3MSM1MSMkMiMkMCMkMDAkMzgxOTYxIzIxIyQxIyQ5IyQ3OSQyNjEwMDIjODEjJDEjJDIjJDgz
미래의원,의원,경기,안산상록구,본오동,"경기도 안산시 상록구 샘골로 144, 201~202호 (본오동, 유경빌딩)",031-501-6777,http://,37926,1,0,126.8633526,37.296619300000003,JDQ4MTYyMiM1MSMkMiMkMCMkMDAkNTgxOTYxIzMxIyQxIyQzIyQ3OSQ0NjEwMDIjNDEjJDEjJDgjJDgz
삼성본오의원,의원,경기,안산상록구,본오동,"경기도 안산시 상록구 용신로 384, (본오동)",031-418-0567,http://www.sbono.co.kr/,36985,1,0,126.8647153,37.301414700000002,JDU4MTI3MSM1MSMkMiMkMCMkMDAkMzgxOTYxIzExIyQxIyQ3IyQ4MiQyNjE0ODEjNjEjJDEjJDAjJDgz
우리외과의원,의원,경기,안산상록구,본오동,"경기도 안산시 상록구 석호로 310-1, 1~3층 (본오동)",031-418-7114,http://urigs.com,36301,1,0,126.8650966,37.293291699999997,JDQ4MTYyMiM1MSMkMiMkMCMkMDAkNTgxMzUxIzExIyQxIyQ3IyQ3MiQ0NjEwMDIjNjEjJDEjJDgjJDgz
행복한여성의원,의원,경기,안산상록구,본오동,"경기도 안산시 상록구 샘골로 187, 2층 (본오동)",031-438-3501,http://www.hisam.co.kr,38012,1,0,126.86300300000001,37.300502999999999,JDQ4MTYyMiM1MSMkMiMkMCMkMDAkNDgxMzUxIzIxIyQxIyQ5IyQ5MiQzNjEwMDIjNjEjJDEjJDQjJDgz
현제의원,의원,경기,안산상록구,사동,"경기도 안산시 상록구 초당로 52, 2층 (사동)",031-419-5377,http://www.hyunjei.com/index.asp,37266,1,0,126.8532178,37.284645599999998,JDQ4MTYyMiM1MSMkMiMkMCMkMDAkNDgxNzAyIzMxIyQxIyQ3IyQxMyQzNjEwMDIjODEjJDEjJDYjJDgz
성모가정의원,의원,경기,안성시,공도읍,"경기도 안성시 공도읍 진사길 23, 2층 (광동아이비타운)",031-654-7511,http://doctorfm.co.kr/index.asp,36437,1,0,127.13900340000001,36.992274700000003,JDQ4MTYyMiM1MSMkMiMkMCMkMDAkNDgxMTkxIzMxIyQxIyQzIyQxMyQyNjE0ODEjNjEjJDEjJDgjJDgz
예소람의원,의원,경기,안성시,서인동,"경기도 안성시 중앙로 380, 3층 (서인동)",031-674-8275,http://,35922,1,0,127.26888339999999,37.007510400000001,JDQ4MTYyMiM1MSMkMiMkMCMkMDAkNDgxOTYxIzUxIyQxIyQxIyQ3MiQzNjE0ODEjNTEjJDEjJDYjJDgz
웰의원,의원,경기,안성시,석정동,"경기도 안성시 중앙로 368, 3층 (석정동, 모아빌딩)",671-6400,http://blog.naver.com/mdkim5/,40310,1,0,127.2676156,37.007731800000002,JDU4MTI3MSM1MSMkMiMkMCMkMDAkMzgxNzAyIzExIyQyIyQzIyQwMCQyNjEwMDIjNjEjJDEjJDQjJDgz
하나여성의원,의원,경기,안성시,서인동,"경기도 안성시 안성맞춤대로 1043, (서인동)",031-677-7700,www.hanamom.com/,38204,1,0,127.26902149999999,37.006591800000002,JDU4MTI3MSM1MSMkMiMkMCMkMDAkMzgxNzAyIzExIyQxIyQ3IyQ3MiQ0NjEwMDIjNDEjJDEjJDgjJDgz
김영도피부과의원,의원,경기,안양동안구,호계동,"경기도 안양시 동안구 경수대로 540, 3층 (호계동)",031-454-6644,http://www.hayan-pibu.co.kr/,36649,1,1,126.958288,37.371013499999997,JDQ4MTYyMiM1MSMkMiMkMCMkMDAkMzgxNzAyIzUxIyQxIyQ1IyQ5MiQzNjEwMDIjNDEjJDEjJDgjJDgz
다샘의원,의원,경기,안양동안구,관양동,"경기도 안양시 동안구 시민대로327번길 6, 417,418호 (관양동, W에이스타워)",031-425-1175,http://www.dsclinic.co.kr,42458,1,0,126.96700749999999,37.396665400000003,JDQ4MTYyMiM1MSMkMiMkMCMkMDAkNTgxOTYxIzExIyQxIyQ3IyQ3MiQyNjE0ODEjODEjJDEjJDIjJDgz
라마르프리미어의원,의원,경기,안양동안구,비산동,"경기도 안양시 동안구 시민대로 161, 2층 (비산동, 안양무역센터)",031-387-0285,http://www.pclamar.co.kr,42919,4,0,126.9491852,37.390505300000001,JDU4MTI3MSM1MSMkMiMkMCMkMDAkMzgxNzAyIzIxIyQxIyQ5IyQ3OSQ0NjEwMDIjNjEjJDEjJDAjJDgz
라자로성모의원,의원,경기,안양동안구,호계동,"경기도 안양시 동안구 경수대로 428, (호계동)",031-452-8836,www.lazaroclinic.com/,38749,1,0,126.9625171,37.362237800000003,JDU4MTI3MSM1MSMkMiMkMCMkMDAkMzgxMzUxIzUxIyQxIyQxIyQ2MiQ0NjEwMDIjNTEjJDEjJDIjJDgz
리라의원,의원,경기,안양동안구,호계동,"경기도 안양시 동안구 동안로 120, 평촌스포츠센타 604호, 605호 (호계동)",031-360-7545,https://www.liraclinic.co.kr,45407,1,0,126.95224829999999,37.389561200000003,JDU4MTI3MSM1MSMkMiMkMCMkMDAkNTgxOTYxIzIxIyQxIyQ5IyQ4MiQzNjE4MzIjNjEjJDEjJDAjJDgz
리안피부과의원,의원,경기,안양동안구,관양동,"경기도 안양시 동안구 관평로305번길 3, 대진빌딩 3층 302호 (관양동)",031-476-1900,http://www.rean.kr/,39946,1,1,126.95687599999999,37.403648099999998,JDU4MTI3MSM1MSMkMiMkMCMkMDAkMzgxMTkxIzMxIyQxIyQzIyQxMyQzNjE0ODEjNDEjJDEjJDQjJDgz
맑은성모이비인후과의원,의원,경기,안양동안구,비산동,"경기도 안양시 동안구 관악대로 135, 306호 (비산동, 삼성레미안상가)",031-468-8275,http://www.cleanentclinic.com,41022,1,0,126.939502,37.399684899999997,JDU4MTI3MSM1MSMkMiMkMCMkMDAkMzgxNzAyIzUxIyQxIyQxIyQwMyQ0NjEwMDIjODEjJDEjJDIjJDgz
박가정의원,의원,경기,안양동안구,호계동,"경기도 안양시 동안구 경수대로 430, 203호 (호계동, 이편한세상대림아파트상가A동)",031-423-9776,http://www.parkfmclinic.co.kr/index.asp,39437,1,0,126.9625829,37.3642045,JDQ4MTYyMiM1MSMkMiMkMCMkMDAkMzgxNzAyIzUxIyQxIyQxIyQwMyQyNjE4MzIjNjEjJDEjJDgjJDgz
상쾌한이비인후과의원,의원,경기,안양동안구,비산동,"경기도 안양시 동안구 관악대로 103, 503호 .504호 (비산동, 103에비뉴)",031-441-7300,http://,38099,1,0,126.9354443,37.399150200000001,JDQ4MTYyMiM1MSMkMiMkMCMkMDAkNTgxOTYxIzUxIyQyIyQxIyQwMCQzNjEwMDIjODEjJDEjJDYjJDgz
서울비뇨기과의원,의원,경기,안양동안구,호계동,"경기도 안양시 동안구 시민대로 190, 힐스테이트 범계역 모비우스 2층 204, 205, 206호 (호계동)",031-383-3100,http://www.uroseoul.com/intro/clinic_07.jsp,39933,1,0,126.9515756,37.390912399999998,JDU4MTI3MSM1MSMkMiMkMCMkMDAkMzgxMTkxIzMxIyQxIyQzIyQ5MiQyNjEyMjIjODEjJDEjJDYjJDgz
스페셜성형외과의원,의원,경기,안양동안구,관양동,"경기도 안양시 동안구 시민대로 260, 안양금융센터 A.F.C 302-305호 (관양동)",031-385-4450,http://www.specialclinic.co.kr,41018,3,0,126.959418,37.393502900000001,JDU4MTI3MSM1MSMkMiMkMCMkMDAkMzgxNzAyIzUxIyQxIyQxIyQxMyQzNjEyMjIjNDEjJDEjJDgjJDgz
아미비뇨기과의원,의원,경기,안양동안구,비산동,"경기도 안양시 동안구 시민대로 175, 303호 (비산동, 동안프라자)",031-381-5188,http://www.hoho.name,37344,1,0,126.95043029999999,37.391353799999997,JDQ4MTYyMiM1MSMkMiMkMCMkMDAkNTgxMzUxIzIxIyQxIyQxIyQwMyQyNjEyMjIjNzEjJDEjJDgjJDgz
연세삼성의원,의원,경기,안양동안구,호계동,"경기도 안양시 동안구 포도원로 37-1, (호계동)",031-429-0702,http://www.happyhang.net,41970,1,0,126.9661335,37.362553499999997,JDU4MTI3MSM1MSMkMiMkMCMkMDAkMzgxMzUxIzUxIyQxIyQxIyQ5MiQzNjEwMDIjNDEjJDEjJDgjJDgz
연세이원성형외과의원,의원,경기,안양동안구,호계동,"경기도 안양시 동안구 동안로 120, 평촌스포츠센타 606,607호 (호계동)",031-476-0021,http://www.e1clinic.com,39099,1,0,126.95224829999999,37.389561200000003,JDU4MTI3MSM1MSMkMiMkMCMkMDAkMzgxMTkxIzIxIyQxIyQ1IyQxMyQyNjEyMjIjNDEjJDEjJDgjJDgz
예고은피부과의원,의원,경기,안양동안구,관양동,"경기도 안양시 동안구 관악대로 480, 402호 (관양동, 우정타운)",031-386-7582,http://www.yegoeun.com,38349,1,1,126.9753927,37.402470999999998,JDU4MTI3MSM1MSMkMiMkMCMkMDAkMzgxMzUxIzIxIyQyIyQxIyQwMCQ0NjEwMDIjNzEjJDEjJDgjJDgz
이병택정형외과의원,의원,경기,안양동안구,관양동,"경기도 안양시 동안구 관평로170번길 43, 훼미리타운 2층 212~213호 (관양동)",031-386-7579,http://www.bestjoint.co.kr/,39562,1,0,126.96317519999999,37.393319099999999,JDU4MTI3MSM1MSMkMiMkMCMkMDAkMzgxMTkxIzExIyQxIyQ3IyQ4OSQzNjEwMDIjNjEjJDEjJDAjJDgz
이화미즈산부인과의원,의원,경기,안양동안구,평촌동,"경기도 안양시 동안구 흥안대로 458, 2층 (평촌동)",031-423-8575,http://www.ewhamiz.com,38694,1,0,126.97611569999999,37.394899199999998,JDU4MTI3MSM1MSMkMiMkMCMkMDAkMzgxMzUxIzQxIyQxIyQ3IyQwMyQyNjEwMDIjNDEjJDEjJDQjJDgz
청담산부인과의원,의원,경기,안양동안구,호계동,"경기도 안양시 동안구 시민대로 214, 304호 (호계동, 다운타운빌딩)",031-383-3703,http://www.echungdam.com/,39562,1,0,126.9548145,37.3919353,JDU4MTI3MSM1MSMkMiMkMCMkMDAkMzgxMTkxIzExIyQxIyQ3IyQ5OSQzNjE0ODEjNTEjJDEjJDYjJDgz
코넬비뇨기과의원,의원,경기,안양동안구,관양동,"경기도 안양시 동안구 관악대로 488, 201호 (관양동, 창덕에버빌)",031-425-7080,http://www.conel.co.kr,39895,1,0,126.9753778,37.402258600000003,JDU4MTI3MSM1MSMkMiMkMCMkMDAkMzgxNzAyIzIxIyQxIyQ1IyQ2MiQzNjE0ODEjNjEjJDEjJDgjJDgz
평촌고운세상피부과의원,의원,경기,안양동안구,비산동,"경기도 안양시 동안구 시민대로 199, (주)신한방 평촌지구 매장1 3층 일부호 (비산동)",031-385-2100,http://www.beautyforever.co.kr,38327,3,3,126.95307440000001,37.392243800000003,JDU4MTI3MSM1MSMkMiMkMCMkMDAkMzgxMzUxIzExIyQxIyQ3IyQwMyQ0NjEwMDIjNzEjJDEjJDgjJDgz
프로비뇨기과의원,의원,경기,안양동안구,관양동,"경기도 안양시 동안구 흥안대로 527, 404호 (관양동, 나야빌딩)",031-421-7511,http://www.manclinic.co.kr,40546,1,0,126.9761498,37.4011365,JDU4MTI3MSM1MSMkMiMkMCMkMDAkMzgxMTkxIzIxIyQyIyQ5IyQwMCQ0NjEwMDIjNDEjJDEjJDgjJDgz
홍피부과의원,의원,경기,안양동안구,호계동,"경기도 안양시 동안구 동안로 120, 310호 (호계동, 올림픽스포츠센타)",031-382-3487,http://www.hongskin.com/,33968,1,1,126.95224829999999,37.389561200000003,JDQ4MTYyMiM1MSMkMiMkMCMkMDAkMzgxNzAyIzIxIyQxIyQ5IyQ2MiQyNjEyMjIjNTEjJDEjJDYjJDgz
손내과의원,의원,경기,안양만안구,안양동,"경기도 안양시 만안구 안양로 339, (안양동)",031-446-2288,http://www.drson.co.kr/,31807,1,0,126.91857280000001,37.401760899999999,JDQ4MTYyMiM1MSMkMiMkMCMkMDAkMzgxOTYxIzQxIyQxIyQ3IyQ2MiQyNjEwMDIjNTEjJDEjJDYjJDgz
아름다운선의원,의원,경기,안양만안구,안양동,"경기도 안양시 만안구 만안로 241, 10층 (안양동, 대성빌딩)",031-447-7400,http://www.seonclinic.net,39926,1,0,126.921586,37.401637999999998,JDU4MTI3MSM1MSMkMiMkMCMkMDAkMzgxMTkxIzMxIyQxIyQzIyQ4MiQyNjEyMjIjNDEjJDEjJDgjJDgz
안양피부과의원,의원,경기,안양만안구,안양동,"경기도 안양시 만안구 안양로 304, (안양동,지상2층)",031-388-2561,http://www.anyangskin.co.kr,34758,1,1,126.92136050000001,37.399273200000003,JDQ4MTYyMiM1MSMkMiMkMCMkMDAkMzgxOTYxIzMxIyQxIyQzIyQ3MiQyNjE4MzIjNjEjJDEjJDAjJDgz
에스앤비의원,의원,경기,안양만안구,안양동,"경기도 안양시 만안구 안양로 303, 609호 (안양동, 메쎄포스빌)",031-465-7277,http://www.chandbeauty.com/index.asp,38854,1,0,126.9208266,37.398814600000001,JDU4MTI3MSM1MSMkMiMkMCMkMDAkMzgxOTYxIzExIyQxIyQ3IyQ3OSQzNjE0ODEjNTEjJDEjJDYjJDgz
연세신통외과의원,의원,경기,안양만안구,안양동,"경기도 안양시 만안구 안양로314번길 24, 1,2,3,5,6층 (안양동)",031-444-8275,http://www.shintong.com,36950,11,0,126.9217834,37.400577599999998,JDQ4MTYyMiM1MSMkMiMkMCMkMDAkNDgxNzAyIzIxIyQxIyQ1IyQ4OSQzNjEyMjIjNDEjJDEjJDQjJDgz
우성외과의원,의원,경기,안양만안구,박달동,"경기도 안양시 만안구 박달로 502, (박달동)",031-446-5157,http://www.wosungclinic.com/,35096,1,0,126.90829840000001,37.402426200000001,JDQ4MTYyMiM1MSMkMiMkMCMkMDAkNDgxMzUxIzMxIyQxIyQ3IyQ5MiQyNjEyMjIjNTEjJDEjJDYjJDgz
웰비뇨기과의원,의원,경기,안양만안구,안양동,"경기도 안양시 만안구 병목안로 2, 802,803호 (안양동, PROJECT 240 TOWER)",031-463-5005,http://www.stone75.com/,40135,1,0,126.91988360000001,37.399945700000004,JDU4MTI3MSM1MSMkMiMkMCMkMDAkMzgxMTkxIzQxIyQxIyQ3IyQ5MiQ0NjE0ODEjNDEjJDEjJDgjJDgz
한나이브 성형외과의원,의원,경기,안양만안구,안양동,"경기도 안양시 만안구 안양로 330-1, 3,4,5층 (안양동)",031-441-2288,http://www.beautifuleve.co.kr,40711,7,0,126.919673,37.401332600000003,JDU4MTI3MSM1MSMkMiMkMCMkMDAkMzgxNzAyIzMxIyQxIyQzIyQ5OSQzNjEyMjIjNDEjJDEjJDgjJDgz
해소아청소년과피부과의원,의원,경기,안양만안구,안양동,"경기도 안양시 만안구 태평로52번길 37, 3층 302호 (안양동, 링크오 빌딩)",031-442-1177,https://sundr.modoo.at,42803,2,1,126.9312212,37.396086599999997,JDQ4MTYyMiM1MSMkMiMkMCMkMDAkNDgxMTkxIzIxIyQxIyQxIyQ3OSQzNjE4MzIjODEjJDEjJDYjJDgz
21세기의원,의원,경기,양주시,광사동,"경기도 양주시 고읍남로 18, (광사동, 가보프라자 501,502호)",031-856-3007,http://www.21skin.co.kr,40683,1,0,127.079453,37.794981,JDQ4MTYyMiM1MSMkMiMkMCMkMDAkNTgxMzUxIzMxIyQxIyQ3IyQ2MiQyNjEwMDIjNjEjJDEjJDQjJDgz
드림365소아청소년과의원,의원,경기,양주시,옥정동,"경기도 양주시 회천남로 92, 센타프라자 606호,901~903호 (옥정동)",031-863-9090,http://www.smilelee.co.kr/,43515,4,0,127.0922092,37.818568399999997,JDQ4MTYyMiM1MSMkMiMkMCMkMDAkNDgxOTYxIzQxIyQxIyQ3IyQ4MiQzNjE0ODEjNjEjJDEjJDAjJDgz
베리미의원,의원,경기,양주시,옥정동,"경기도 양주시 옥정동로7다길 74, 부자로타워 9층 (옥정동)",031-864-7582,https://yangju.veryme.co.kr/,46050,1,0,127.0928184,37.820733599999997,JDU4MTI3MSM1MSMkMiMkOCMkMDAkMzgxMzUxIzExIyQxIyQzIyQ4MiQyNjE4MzIjNjEjJDEjJDAjJDgz
뷰티온피부과의원 양주옥정점,의원,경기,양주시,옥정동,"경기도 양주시 회천남로 76, 한덕타워 404호 (옥정동)",031-861-4447,https://yangju.beautyon.co.kr/,45611,2,1,127.0940531,37.818553000000001,JDU4MTI3MSM1MSMkMiMkMCMkMDAkNTgxOTYxIzQxIyQxIyQ3IyQ4MiQ0NjE0ODEjNDEjJDEjJDgjJDgz
성모의원,의원,경기,양주시,덕계동,"경기도 양주시 평화로 1435, (덕계동)",031-863-2098,http://sung-moclinic.co.kr/,35069,1,0,127.0460107,37.819040899999997,JDQ4MTYyMiM1MSMkMiMkMCMkMDAkNDgxMzUxIzMxIyQxIyQ3IyQ4MiQyNjE4MzIjNjEjJDEjJDAjJDgz
성모정형외과의원,의원,경기,양주시,덕정동,"경기도 양주시 독바위로 5, (덕정동)",031-859-1119,http://,38124,1,0,127.0629881,37.841015599999999,JDQ4MTYyMiM1MSMkMiMkMCMkMDAkNTgxOTYxIzUxIyQxIyQxIyQwMyQzNjE4MzIjNDEjJDEjJDgjJDgz
양주베스트내과의원,의원,경기,양주시,백석읍,"경기도 양주시 백석읍 양주산성로 573, 3층",031-877-5220,https://yanjubest.modoo.at,44985,2,0,126.9902886,37.786832199999999,JDU4MTI3MSM1MSMkMiMkMCMkMDAkNTgxMzUxIzUxIyQxIyQxIyQ2MiQyNjE4MzIjNzEjJDEjJDgjJDgz
피어리움의원,의원,경기,양주시,옥정동,"경기도 양주시 회천남로 80, 대방엘리움 어반시티 오피스텔 3층 301,302호 (옥정동)",031-8088-7005,https://pierium.kr,45492,1,0,127.09342530000001,37.818562800000002,JDU4MTI3MSM1MSMkMiMkMCMkMDAkNTgxOTYxIzMxIyQxIyQ3IyQ3OSQ0NjE0ODEjNDEjJDEjJDgjJDgz
굿비뇨기과의원,의원,경기,양평군,양평읍,"경기도 양평군 양평읍 시민로 37, 4층",031-775-0875,http://www.good-clinic.co.kr,40613,1,0,127.4957359,37.490587300000001,JDQ4MTYyMiM1MSMkMiMkMCMkMDAkNTgxMzUxIzExIyQyIyQzIyQwMCQyNjE0ODEjNDEjJDEjJDgjJDgz
하나로의원,의원,경기,양평군,양평읍,"경기도 양평군 양평읍 시민로 12, 1층",031-771-9990,http://www.ehanaro.co.kr,40259,1,0,127.49352039999999,37.489421399999998,JDU4MTI3MSM1MSMkMiMkMCMkMDAkMzgxMTkxIzUxIyQxIyQ1IyQ2MiQ0NjE0ODEjNDEjJDEjJDgjJDgz
조은형외과의원,의원,경기,여주시,홍문동,"경기도 여주시 세종로 69, 3층 (홍문동)",886-7114,http://chosurg.co.kr/,38280,1,0,127.6356093,37.291512300000001,JDU4MTI3MSM1MSMkMiMkMCMkMDAkMzgxMzUxIzExIyQxIyQ3IyQ3MiQzNjEwMDIjNTEjJDEjJDIjJDgz
강남성형외과의원,의원,경기,오산시,오산동,"경기도 오산시 오산로 209, 6층 (오산동)",031-377-7575,http://www.osknps.co.kr,36571,1,0,127.0681826,37.145404900000003,JDQ4MTYyMiM1MSMkMiMkMCMkMDAkNDgxNzAyIzExIyQxIyQzIyQ2MiQzNjEwMDIjNjEjJDEjJDAjJDgz
두리이비인후과의원,의원,경기,오산시,원동,"경기도 오산시 경기대로 155, 신한프라자A 201,202호 (원동)",031-378-2204,http://www.doorient.com/,39205,3,0,127.07311319999999,37.138647599999999,JDU4MTI3MSM1MSMkMiMkMCMkMDAkMzgxOTYxIzMxIyQxIyQ3IyQ2MiQzNjE4MzIjODEjJDEjJDYjJDgz
연세으뜸정형외과의원,의원,경기,오산시,오산동,"경기도 오산시 오산로 199, 401~403호 (오산동)",031-378-7525,http://www.primeos.co.kr/,40239,1,0,127.06829329999999,37.144703499999999,JDU4MTI3MSM1MSMkMiMkMCMkMDAkMzgxMTkxIzUxIyQxIyQ1IyQ5OSQzNjE4MzIjODEjJDEjJDYjJDgz
올바른삼성내과의원,의원,경기,오산시,궐동,"경기도 오산시 죽담1로 29, 메디타워 4층 401~402호 (궐동)",031-378-9666,https://allbareunsmc.com,46122,1,0,127.05220439999999,37.160375500000001,JDU4MTI3MSM1MSMkMiMkNCMkMDAkMzgxMzUxIzIxIyQxIyQxIyQ5MiQyNjE4MzIjNDEjJDEjJDgjJDgz
장편한현내과의원,의원,경기,오산시,원동,"경기도 오산시 경기대로 154, 2층 220~224호 (원동)",031-373-4761,https://www.modoo.at/home/signup/authentication,44953,2,0,127.0738662,37.138498499999997,JDU4MTI3MSM1MSMkMiMkMCMkMDAkNTgxMzUxIzQxIyQxIyQ3IyQxMyQyNjEwMDIjNDEjJDEjJDgjJDgz
청담맥의원,의원,경기,오산시,원동,"경기도 오산시 경기대로 155, 신한프라자A 5층 501호 (원동)",031-372-1264,http://www.cdmac.co.kr/,40786,1,0,127.07311319999999,37.138647599999999,JDU4MTI3MSM1MSMkMiMkMCMkMDAkMzgxNzAyIzQxIyQxIyQ3IyQ5OSQyNjEyMjIjNDEjJDEjJDgjJDgz
한솔비뇨기과의원,의원,경기,오산시,오산동,"경기도 오산시 역광장로 55, 동일빌딩 4층 (오산동)",031-377-9400,http://www.hansolclinic.kr,37020,1,0,127.06744140000001,37.145360099999998,JDQ4MTYyMiM1MSMkMiMkMCMkMDAkNDgxNzAyIzMxIyQxIyQzIyQ2MiQzNjEyMjIjNjEjJDEjJDAjJDgz
굿닥터의원,의원,경기,용인기흥구,구갈동,"경기도 용인시 기흥구 구갈로 55, 3층 (구갈동, JJ프라자 )",031-8009-0365,http://www.gooddocskin.com,42923,1,0,127.11089029999999,37.279353100000002,JDU4MTI3MSM1MSMkMiMkMCMkMDAkMzgxNzAyIzIxIyQxIyQ5IyQwMyQyNjE4MzIjNTEjJDEjJDYjJDgz
미가피부과의원,의원,경기,용인기흥구,보정동,"경기도 용인시 기흥구 죽전로 20, (보정동, 죽전누리에뜰207호)",031-889-5891,http://www.migaskin.co.kr,40584,1,1,127.1107808,37.319955899999997,JDU4MTI3MSM1MSMkMiMkMCMkMDAkMzgxNzAyIzIxIyQxIyQ1IyQ4OSQ0NjE0ODEjNzEjJDEjJDgjJDgz
미앤유의원,의원,경기,용인기흥구,보정동,"경기도 용인시 기흥구 죽전로 49, (보정동)",031-889-5959,http://menyouclinic.com/,38791,1,0,127.1142799,37.320718300000003,JDU4MTI3MSM1MSMkMiMkMCMkMDAkMzgxMzUxIzUxIyQxIyQ1IyQwMyQyNjE4MzIjODEjJDEjJDYjJDgz
베르나르의원,의원,경기,용인기흥구,보라동,"경기도 용인시 기흥구 한보라1로10번길 6-10, (보라동, 휘성빌딩 5층)",031-8005-6633,http://www.bernard.co.kr,39778,1,0,127.1082869,37.253951100000002,JDU4MTI3MSM1MSMkMiMkMCMkMDAkMzgxMTkxIzIxIyQxIyQ1IyQwMyQyNjEwMDIjNjEjJDEjJDQjJDgz
베스톤비뇨기과의원,의원,경기,용인기흥구,중동,"경기도 용인시 기흥구 동백중앙로 283, (중동, 골드프라자 B동 4층)",031-286-6608,http://www.bestoneclinic.co.kr/,39512,1,0,127.15348779999999,37.278013000000001,JDU4MTI3MSM1MSMkMiMkMCMkMDAkMzgxMTkxIzExIyQxIyQzIyQ4OSQ0NjE0ODEjNTEjJDEjJDIjJDgz
삼성노블카운티의원,의원,경기,용인기흥구,하갈동,"경기도 용인시 기흥구 덕영대로 1751, (하갈동)",031-208-8150,http://,37007,2,0,127.0838705,37.253347499999997,JDQ4MTYyMiM1MSMkMiMkMCMkMDAkNDgxNzAyIzIxIyQxIyQ5IyQxMyQyNjEyMjIjNDEjJDEjJDgjJDgz
서울성모내과의원,의원,경기,용인기흥구,신갈동,"경기도 용인시 기흥구 신갈로58번길 16-1, (신갈동, 신갈우체국)",031-284-7198,http://www.stmarys.kr/,40592,1,0,127.1076137,37.272226699999997,JDU4MTI3MSM1MSMkMiMkMCMkMDAkMzgxNzAyIzIxIyQxIyQ1IyQ5OSQzNjEwMDIjNDEjJDEjJDQjJDgz
아이앤미가정의학과의원,의원,경기,용인기흥구,청덕동,"경기도 용인시 기흥구 구성3로28번길 32, (청덕동, 일월프라자 302, 303호)",031-286-5588,www.inme.co.kr/,40074,1,0,127.1521324,37.2964488,JDU4MTI3MSM1MSMkMiMkMCMkMDAkMzgxMTkxIzMxIyQxIyQzIyQ4MiQzNjEwMDIjNjEjJDEjJDgjJDgz
임마누엘피부과의원,의원,경기,용인기흥구,보정동,"경기도 용인시 기흥구 죽전로 46, (보정동, 타워시티 604호)",031-889-7533,http://immanuelskin.co.kr,41023,1,1,127.1138541,37.320292000000002,JDU4MTI3MSM1MSMkMiMkMCMkMDAkMzgxNzAyIzUxIyQxIyQxIyQwMyQzNjE4MzIjNDEjJDEjJDgjJDgz
장혜원가정의학과의원,의원,경기,용인기흥구,보라동,"경기도 용인시 기흥구 사은로126번길 6, (보라동, 신원프라자 203호)",031-286-9914,http://www.boor.co.kr,40050,1,0,127.1181898,37.255188599999997,JDQ4MTYyMiM1MSMkMiMkMCMkMDAkNDgxNzAyIzMxIyQxIyQzIyQ4MiQyNjEyMjIjNjEjJDEjJDgjJDgz
중동서울정형외과의원,의원,경기,용인기흥구,중동,"경기도 용인시 기흥구 언동로217번길 1, (중동)",031-287-0770,www.jdseoul.co.kr/,39437,4,0,127.1441129,37.276684199999998,JDQ4MTYyMiM1MSMkMiMkMCMkMDAkNTgxMzUxIzMxIyQyIyQzIyQwMCQyNjE0ODEjNTEjJDEjJDYjJDgz
크리스마스의원,의원,경기,용인기흥구,신갈동,"경기도 용인시 기흥구 신갈로 52, 501호 (신갈동, 동인빌빙)",1644-1225,http://www.nunco.co.kr,37800,3,0,127.1059365,37.271284000000001,JDQ4MTYyMiM1MSMkMiMkMCMkMDAkNDgxMTkxIzMxIyQxIyQzIyQ5OSQzNjEwMDIjNjEjJDEjJDgjJDgz
광교미소모아내과의원,의원,경기,용인수지구,상현동,"경기도 용인시 수지구 광교중앙로 301, 403호 (상현동, 드림타워)",031-212-1475,http://www.misomoa.co.kr/,40994,2,0,127.06871839999999,37.2969741,JDU4MTI3MSM1MSMkMiMkMCMkMDAkMzgxOTYxIzIxIyQxIyQxIyQ2MiQzNjE4MzIjNTEjJDEjJDYjJDgz
더아이비의원,의원,경기,용인수지구,,"경기도 용인시 수지구 광교중앙로 314, 5층 501,502,503호 (상현동, 세현빌딩)",031-281-2881,http://www.ivy0920.co.kr/,38125,1,0,127.0698178,37.297899700000002,JDQ4MTYyMiM1MSMkMiMkMCMkMDAkNDgxNzAyIzIxIyQyIyQxIyQwMCQyNjEwMDIjNzEjJDEjJDgjJDgz
메디미의원,의원,경기,용인수지구,상현동,"경기도 용인시 수지구 만현로 110, A동 304호 (상현동, 원희캐슬프라자)",031-264-2800,www.medimiclinic.com/,40109,1,0,127.0848651,37.306722600000001,JDU4MTI3MSM1MSMkMiMkMCMkMDAkMzgxMTkxIzQxIyQxIyQ3IyQ4MiQyNjE4MzIjNTEjJDEjJDIjJDgz
사랑내과의원,의원,경기,용인수지구,죽전동,"경기도 용인시 수지구 대지로 58, 가동 308호 (죽전동, 선진포리스트)",031-266-7575,http://www.dryclinic.co.kr,42494,1,0,127.11498039999999,37.328492599999997,JDQ4MTYyMiM1MSMkMiMkMCMkMDAkMzgxOTYxIzMxIyQxIyQ3IyQ4OSQzNjEwMDIjODEjJDEjJDIjJDgz
송샘산부인과의원,의원,경기,용인수지구,죽전동,"경기도 용인시 수지구 용구대로 2702, 동춘프라자 3층 (죽전동)",031-266-3777,ssog.kr,45768,1,0,127.1092428,37.3267387,JDQ4MTYyMiM1MSMkMiMkMCMkMDAkNTgxMzUxIzUxIyQxIyQ1IyQwMyQyNjEyMjIjNDEjJDEjJDgjJDgz
수지미래산부인과의원,의원,경기,용인수지구,풍덕천동,"경기도 용인시 수지구 포은대로313번길 4, 수지미래빌딩 지하2층~지하1층, 1층~4층 (풍덕천동)",031-896-3333,http://www.sujimirae.co.kr,37327,10,0,127.08642639999999,37.315025800000001,JDQ4MTYyMiM1MSMkMiMkMCMkMDAkNTgxMzUxIzIxIyQxIyQxIyQ3OSQyNjE4MzIjNzEjJDEjJDgjJDgz
아름다운피부과의원,의원,경기,용인수지구,상현동,"경기도 용인시 수지구 광교중앙로 316, 302-1~303호 (상현동, 킴앤코시티하임Ⅰ)",031-212-7375,http://www.아름다운피부과.한국,41067,1,1,127.0698593,37.298149799999997,JDU4MTI3MSM1MSMkMiMkMCMkMDAkMzgxNzAyIzUxIyQxIyQ1IyQ2MiQyNjE0ODEjNDEjJDEjJDgjJDgz
아름담피부과의원,의원,경기,용인수지구,풍덕천동,"경기도 용인시 수지구 풍덕천로 127, 3층 302~303호 (풍덕천동, 수지프라자)",031-276-7765,http://www.arumdam.kr,39505,1,1,127.09576509999999,37.323400900000003,JDU4MTI3MSM1MSMkMiMkMCMkMDAkMzgxMTkxIzExIyQxIyQzIyQ4OSQyNjE0ODEjNzEjJDEjJDgjJDgz
피터소아청소년과의원,의원,경기,용인수지구,동천동,"경기도 용인시 수지구 고기로45번길 40, 한화 포레나 수지동천 근린생활시설 212호 (동천동)",031-261-7383,https://peterped.creatorlink.net/,41256,1,0,127.0931841,37.340315699999998,JDU4MTI3MSM1MSMkMiMkMCMkMDAkNDgxMzUxIzExIyQxIyQzIyQxMyQzNjE0ODEjODEjJDEjJDYjJDgz
한마음내과영상의학과의원,의원,경기,용인수지구,풍덕천동,"경기도 용인시 수지구 풍덕천로 122, 4층 405,405-1호 (풍덕천동, 하나로프라자)",031-263-8090,http://www.hanmaummedi.co.kr/,39293,3,0,127.09555779999999,37.322527700000002,JDU4MTI3MSM1MSMkMiMkMCMkMDAkMzgxNzAyIzQxIyQyIyQ3IyQwMCQzNjE4MzIjODEjJDEjJDYjJDgz
해맑은소아청소년과의원,의원,경기,용인수지구,신봉동,"경기도 용인시 수지구 신봉2로 2, 센트럴500 207호 (신봉동)",031-896-8297,http://www.sunsoa.co.kr/,39016,1,0,127.0780476,37.323208399999999,JDQ4MTYyMiM1MSMkMiMkMCMkMDAkNDgxOTYxIzMxIyQxIyQ3IyQ3MiQzNjE4MzIjNjEjJDEjJDQjJDgz
서울내과의원,의원,경기,용인처인구,포곡읍,"경기도 용인시 처인구 포곡읍 포곡로 97-4, 97",031-333-2237,http://seoulim.kr,40585,3,0,127.2161121,37.269255999999999,JDU4MTI3MSM1MSMkMiMkMCMkMDAkMzgxNzAyIzIxIyQxIyQ1IyQ4OSQzNjEwMDIjNTEjJDEjJDIjJDgz
열린연합의원,의원,경기,용인처인구,삼가동,"경기도 용인시 처인구 중부대로 1154, 203호 (삼가동, 인앤인프라자)",031-322-8876,http://,41688,1,0,127.173327,37.239322299999998,JDQ4MTYyMiM1MSMkMiMkMCMkMDAkNDgxOTYxIzQxIyQxIyQ3IyQ4OSQyNjE0ODEjNjEjJDEjJDQjJDgz
용인서울안과의원,의원,경기,용인처인구,김량장동,"경기도 용인시 처인구 금령로 86, 3층 303 304 305 306 316호 (김량장동)",031-333-1500,https://www.용인서울안과.com,43061,2,0,127.20580510000001,37.235082499999997,JDU4MTI3MSM1MSMkMiMkMCMkMDAkNDgxMTkxIzIxIyQxIyQxIyQxMyQyNjEyMjIjNjEjJDEjJDgjJDgz
용인우리내과의원,의원,경기,용인처인구,김량장동,"경기도 용인시 처인구 금령로71번길 3, 3층 (김량장동)",031-323-1667,http://yonginwoori.com,40421,1,0,127.2037885,37.235222700000001,JDU4MTI3MSM1MSMkMiMkMCMkMDAkMzgxNzAyIzExIyQxIyQ3IyQ3MiQzNjE0ODEjNDEjJDEjJDgjJDgz
우리가정의원,의원,경기,용인처인구,김량장동,"경기도 용인시 처인구 금령로85번길 1, (김량장동)",031-323-0923,blog.naver.com/drkyeon,37683,1,0,127.20570379999999,37.235495700000001,JDQ4MTYyMiM1MSMkMiMkMCMkMDAkNTgxOTYxIzExIyQxIyQzIyQwMyQyNjE4MzIjODEjJDEjJDIjJDgz
길내과의원,의원,경기,의정부시,가능동,"경기도 의정부시 평화로 660, 3층 (가능동, 동진빌딩)",031-844-4667,http://www.medkil.com/index.asp,35327,1,0,127.04481509999999,37.750894099999996,JDQ4MTYyMiM1MSMkMiMkMCMkMDAkNDgxOTYxIzExIyQxIyQzIyQ3OSQyNjEyMjIjNDEjJDEjJDQjJDgz
나음내과의원,의원,경기,의정부시,의정부동,"경기도 의정부시 시민로 31, 네오타워빌딩 2, 3층 (의정부동)",031-928-5628,http://naumclinic.kr/,42606,4,0,127.0387126,37.738552300000002,JDU4MTI3MSM1MSMkMiMkMCMkMDAkNTgxMzUxIzUxIyQxIyQ1IyQxMyQ0NjEwMDIjODEjJDEjJDYjJDgz
로앤산부인과의원,의원,경기,의정부시,의정부동,"경기도 의정부시 시민로 117, 13,14층 (의정부동, 나이키빌딩)",031-856-2288,http://www.prime-sm.com/,42289,4,0,127.0483933,37.738715900000003,JDQ4MTYyMiM1MSMkMiMkMCMkMDAkNDgxNzAyIzIxIyQxIyQxIyQ2MiQzNjEyMjIjNjEjJDEjJDQjJDgz
멘파워비뇨기과의원,의원,경기,의정부시,금오동,"경기도 의정부시 청사로 37, 605호 (금오동, 신세계프라자)",031-851-6400,http://www.man-power.co.kr/sub01/sub01_0406.php,39149,1,0,127.0698807,37.751520399999997,JDU4MTI3MSM1MSMkMiMkMCMkMDAkMzgxMzUxIzIxIyQxIyQ1IyQ3MiQzNjE4MzIjNDEjJDEjJDgjJDgz
모네맑은의원,의원,경기,의정부시,호원동,"경기도 의정부시 평화로 381, 4층 (호원동)",031-878-2337,http://blog.naver.com/monetclinic,40452,1,0,127.0478937,37.725979199999998,JDU4MTI3MSM1MSMkMiMkMCMkMDAkMzgxNzAyIzExIyQxIyQ3IyQwMyQ0NjEwMDIjNTEjJDEjJDYjJDgz
새서울의원,의원,경기,의정부시,가능동,"경기도 의정부시 평화로 660, 2층 (가능동, 동진빌딩)",031-821-2800,http://www.hemoclub.com,37002,1,0,127.04481509999999,37.750894099999996,JDQ4MTYyMiM1MSMkMiMkMCMkMDAkNDgxMTkxIzMxIyQxIyQzIyQ2MiQ0NjE0ODEjNjEjJDEjJDQjJDgz
세인트의원,의원,경기,의정부시,의정부동,"경기도 의정부시 평화로 540, 6층 (의정부동, 퍼시픽타워)",031-829-1004,http://leaders-clinic.com,41015,2,0,127.0477801,37.740076000000002,JDU4MTI3MSM1MSMkMiMkMCMkMDAkMzgxNzAyIzUxIyQxIyQxIyQ5MiQzNjE4MzIjNjEjJDEjJDAjJDgz
소망가정의학과의원,의원,경기,의정부시,신곡동,"경기도 의정부시 능곡로 66, 으뜸마을 신명아파트 2층 (신곡동)",031-856-2200,http://www.beautysomang.co.kr/,36858,1,0,127.0617645,37.743321600000002,JDU4MTI3MSM1MSMkMiMkMCMkMDAkMzgxMzUxIzQxIyQxIyQ3IyQxMyQ0NjE0ODEjNjEjJDEjJDAjJDgz
아름다운피부과의원,의원,경기,의정부시,의정부동,"경기도 의정부시 시민로 118, 7층 (의정부동)",031-879-0075,http://thebeautifulclinic.com,40212,1,1,127.04823039999999,37.7384013,JDU4MTI3MSM1MSMkMiMkMCMkMDAkMzgxMTkxIzUxIyQxIyQxIyQ4MiQzNjEwMDIjNjEjJDEjJDQjJDgz
예일항외과의원,의원,경기,의정부시,의정부동,"경기도 의정부시 평화로 540, 5층 502호 (의정부동)",031-840-8275,http://www.yeilclinic.com,36312,1,0,127.0477801,37.740076000000002,JDQ4MTYyMiM1MSMkMiMkMCMkMDAkNDgxMTkxIzIxIyQxIyQ5IyQ4OSQzNjE4MzIjODEjJDEjJDYjJDgz
요한비뇨기과의원,의원,경기,의정부시,의정부동,"경기도 의정부시 시민로 39, 303-305호 (의정부동, 대정프라자)",031-855-8822,www.johanuro.com/,37333,1,0,127.0394526,37.738553000000003,JDQ4MTYyMiM1MSMkMiMkMCMkMDAkNTgxMzUxIzIxIyQxIyQxIyQ4MiQyNjE0ODEjNjEjJDEjJDgjJDgz
유앤아이의원,의원,경기,의정부시,민락동,"경기도 의정부시 천보로 44, 4(일부)층 (민락동)",031-894-5977,https://www.ujbuni114.co.kr/,45630,3,0,127.0963397,37.744325699999997,JDU4MTI3MSM1MSMkMiMkMCMkMDAkNTgxOTYxIzQxIyQxIyQ3IyQxMyQ0NjE0ODEjNTEjJDEjJDYjJDgz
의정부빔스테틱의원,의원,경기,의정부시,의정부동,"경기도 의정부시 시민로 80, 센트럴타워 503~507호 (의정부동)",031-841-7979,http://www.ystops.co.kr/,40283,3,0,127.04387,37.738111400000001,JDU4MTI3MSM1MSMkMiMkMCMkMDAkMzgxMTkxIzUxIyQxIyQ1IyQwMyQzNjEyMjIjNjEjJDEjJDAjJDgz
차앤박피부과의원,의원,경기,의정부시,의정부동,"경기도 의정부시 시민로 117, 3층 (의정부동, 나이키빌딩)",031-856-5353,http://www.cnpskin.com,39139,1,1,127.0483933,37.738715900000003,JDU4MTI3MSM1MSMkMiMkMCMkMDAkMzgxOTYxIzIxIyQxIyQ5IyQxMyQ0NjEwMDIjODEjJDEjJDYjJDgz
참고은의원,의원,경기,의정부시,의정부동,"경기도 의정부시 평화로 635, 미림프라자 302호 (의정부동)",031-847-5882,http://www.cgeskin.com/,43892,1,0,127.0448571,37.748658800000001,JDU4MTI3MSM1MSMkMiMkMCMkMDAkMzgxMzUxIzMxIyQxIyQ3IyQ2MiQyNjE4MzIjNDEjJDEjJDgjJDgz
닥터지의원,의원,경기,이천시,창전동,"경기도 이천시 이섭대천로 1224, 5층 (창전동)",031-638-8889,http://www.realclinic.co.kr,43710,1,0,127.4470915,37.279506699999999,JDU4MTI3MSM1MSMkMiMkMCMkMDAkMzgxNzAyIzIxIyQxIyQxIyQxMyQzNjEwMDIjNjEjJDEjJDAjJDgz
서울비뇨기과의원,의원,경기,이천시,창전동,"경기도 이천시 이섭대천로 1212, (창전동)",031-638-8877,http://www.seoulpibu.co.kr/,38017,1,0,127.4472488,37.278451400000002,JDQ4MTYyMiM1MSMkMiMkMCMkMDAkNTgxOTYxIzMxIyQxIyQ3IyQ5OSQyNjE0ODEjODEjJDEjJDIjJDgz
서울외과의원,의원,경기,이천시,창전동,"경기도 이천시 이섭대천로 1212, (창전동)",633-1122,http://www.seoulop.kr,38037,1,0,127.4472488,37.278451400000002,JDU4MTI3MSM1MSMkMiMkMCMkMDAkNTgxOTYxIzUxIyQyIyQxIyQwMCQyNjEyMjIjNzEjJDEjJDgjJDgz
송정한빛의원,의원,경기,이천시,송정동,"경기도 이천시 증신로291번길 106, 2층 (송정동)",031-633-4377,www.hanvit-clinic.co.kr/,37278,1,0,127.43468590000001,37.295686699999997,JDQ4MTYyMiM1MSMkMiMkMCMkMDAkNTgxMzUxIzExIyQxIyQzIyQxMyQzNjEwMDIjNjEjJDEjJDgjJDgz
앤엠의원,의원,경기,이천시,창전동,"경기도 이천시 영창로 213, 5층 (창전동, 서영빌딩)",631-3288,http://www.nmclinic.co.kr/,40074,1,0,127.4462705,37.281093599999998,JDQ4MTYyMiM1MSMkMiMkMCMkMDAkNTgxOTYxIzUxIyQxIyQ1IyQ3MiQyNjE4MzIjNTEjJDEjJDYjJDgz
장내과의원,의원,경기,이천시,중리동,"경기도 이천시 이섭대천로 1199, 2층 (중리동)",,http://www.jangim.co.kr/,44263,1,0,127.44650230000001,37.277450600000002,JDQ4MTYyMiM1MSMkMiMkMCMkMDAkMzgxMTkxIzIxIyQxIyQ1IyQ2MiQyNjE4MzIjNDEjJDEjJDQjJDgz
365삼성i소아청소년과의원,의원,경기,파주시,목동동,"경기도 파주시 교하로 87, 8층 (목동동, 삼성프라자)",031-945-7545,http://www.ssdreamsoa.com/,43026,3,0,126.73393350000001,37.727651899999998,JDU4MTI3MSM1MSMkMiMkMCMkMDAkMzgxOTYxIzExIyQxIyQ3IyQ5MiQyNjEyMjIjODEjJDEjJDIjJDgz
김재헌내과의원,의원,경기,파주시,금촌동,"경기도 파주시 중앙로 328, 엠에이치타워 6층 1~3호 (금촌동)",031-941-8480,http://www.pajusinjang.com/,36981,1,0,126.77452630000001,37.764879399999998,JDQ4MTYyMiM1MSMkMiMkMCMkMDAkNDgxNzAyIzIxIyQxIyQ5IyQ3OSQyNjE4MzIjNjEjJDEjJDAjJDgz
라임비뇨기과의원,의원,경기,파주시,동패동,"경기도 파주시 와석순환로 125, 303,304호 (동패동, 현대프라자)",031-957-4212,http://www.paju-lime.com,41045,1,0,126.7458544,37.712090799999999,JDU4MTI3MSM1MSMkMiMkMCMkMDAkMzgxNzAyIzUxIyQxIyQ1IyQ4OSQ0NjEwMDIjNTEjJDEjJDYjJDgz
서울훼밀리의원,의원,경기,파주시,동패동,"경기도 파주시 청석로 256, 4층 (동패동, 교하일번가)",031-947-6025,http://www.535sc.com,38979,1,0,126.7176874,37.724677100000001,JDU4MTI3MSM1MSMkMiMkMCMkMDAkMzgxMzUxIzQxIyQxIyQ3IyQ5OSQ0NjE0ODEjNTEjJDEjJDYjJDgz
속편한내과의원,의원,경기,파주시,금촌동,"경기도 파주시 후곡로 21, 301호 (금촌동, 용석파워프라자)",031-943-7582,http://www.sok7582.com,37792,2,0,126.77393259999999,37.755524200000004,JDQ4MTYyMiM1MSMkMiMkMCMkMDAkNTgxOTYxIzQxIyQxIyQ3IyQwMyQzNjEyMjIjNzEjJDEjJDgjJDgz
수피부과의원,의원,경기,파주시,동패동,"경기도 파주시 미래로 371, 301호 (동패동)",031-949-0505,www.sooskin.net,41774,3,3,126.7458695,37.711056499999998,JDU4MTI3MSM1MSMkMiMkMCMkMDAkNDgxMzUxIzMxIyQxIyQ3IyQwMyQyNjEwMDIjNjEjJDEjJDQjJDgz
스노우의원,의원,경기,파주시,와동동,"경기도 파주시 경의로 1246, 201호~205호 (와동동)",031-941-0912,https://paju-snow.co.kr,45482,2,0,126.7612285,37.728648,JDU4MTI3MSM1MSMkMiMkMCMkMDAkNTgxOTYxIzMxIyQxIyQzIyQ5MiQzNjEyMjIjNDEjJDEjJDQjJDgz
에센스피부과의원,의원,경기,파주시,동패동,"경기도 파주시 청석로 272, 602호 (동패동, 센타프라자1)",031-946-0700,http://www.essence-skin.co.kr/,38979,1,1,126.717702,37.726117899999998,JDU4MTI3MSM1MSMkMiMkMCMkMDAkMzgxOTYxIzIxIyQxIyQxIyQ4MiQyNjEyMjIjNzEjJDEjJDgjJDgz
연세가정의학과의원,의원,경기,파주시,금촌동,"경기도 파주시 문화로 65, (금촌동)",031-946-0115,http://www.yonseifamily.net/,37925,1,0,126.7757483,37.760246000000002,JDQ4MTYyMiM1MSMkMiMkMCMkMDAkNTgxOTYxIzMxIyQxIyQzIyQ5OSQzNjEwMDIjNTEjJDEjJDIjJDgz
연세영의원,의원,경기,파주시,야당동,"경기도 파주시 경의로 1080, 307호 (야당동)",031-947-2567,https://www.maypure.co.kr,45561,1,0,126.75999419999999,37.713812300000001,JDU4MTI3MSM1MSMkMiMkMCMkMDAkNTgxOTYxIzMxIyQxIyQ3IyQwMyQyNjE4MzIjODEjJDEjJDYjJDgz
오늘도365의원,의원,경기,파주시,야당동,"경기도 파주시 경의로 1080, 명동프라자 2층 205호 (야당동)",1800-1197,http://www.ohneuldo.com,45023,1,0,126.75999419999999,37.713812300000001,JDU4MTI3MSM1MSMkMiMkMCMkMDAkNTgxMzUxIzUxIyQxIyQ1IyQ5OSQyNjE4MzIjODEjJDEjJDYjJDgz
우리내과의원,의원,경기,파주시,야당동,"경기도 파주시 와석순환로 70, 301호 (야당동, 신운정프라자2)",031-957-5966,http://nanum-medical.co.kr,40903,1,0,126.7514955,37.710462999999997,JDU4MTI3MSM1MSMkMiMkMCMkMDAkMzgxNzAyIzQxIyQxIyQ3IyQ4OSQyNjE0ODEjNzEjJDEjJDgjJDgz
운정연세사랑의원,의원,경기,파주시,와동동,"경기도 파주시 미래로 610, 401,402호 (와동동, 운정메디컬프라자)",031-945-5975,http://www.sarangclinic.kr,40457,2,0,126.7514601,37.731623200000001,JDU4MTI3MSM1MSMkMiMkMCMkMDAkMzgxNzAyIzExIyQxIyQ3IyQxMyQyNjEwMDIjNjEjJDEjJDQjJDgz
중앙항외과의원,의원,경기,파주시,금릉동,"경기도 파주시 중앙로 193, (금능동, 메트로프라자 4층)",031-946-1761,http://www.pajugs.co.kr,33943,1,0,126.7819859,37.754511999999998,JDQ4MTYyMiM1MSMkMiMkMCMkMDAkMzgxNzAyIzIxIyQxIyQ5IyQ5OSQzNjEyMjIjNDEjJDEjJDgjJDgz
참사랑소아청소년과의원,의원,경기,파주시,동패동,"경기도 파주시 청석로 256, 교하일번가빌딩 404호, 407호 (동패동)",031-937-8757,http://www.ttped.kr/,44925,1,0,126.7176874,37.724677100000001,JDU4MTI3MSM1MSMkMiMkMCMkMDAkMzgxMTkxIzUxIyQxIyQ1IyQwMyQ0NjEwMDIjODEjJDEjJDYjJDgz
강남뷰베스트의원,의원,경기,평택시,평택동,"경기도 평택시 중앙2로 25, 5층 (평택동)",031-692-2789,http://www.viewlady.com/,39204,2,0,127.08987329999999,36.991753600000003,JDU4MTI3MSM1MSMkMiMkMCMkMDAkMzgxOTYxIzMxIyQxIyQ3IyQ5OSQyNjEyMjIjNTEjJDEjJDYjJDgz
닥터박의원,의원,경기,평택시,평택동,"경기도 평택시 중앙2로 25, (평택동)",031-655-8272,https://drpark.modoo.at/,44078,1,0,127.08987329999999,36.991753600000003,JDU4MTI3MSM1MSMkMiMkMCMkMDAkMzgxMzUxIzMxIyQxIyQzIyQ3OSQ0NjE0ODEjNjEjJDEjJDgjJDgz
리톤의원,의원,경기,평택시,서정동,"경기도 평택시 특구로 42, 1,2층 (서정동)",031-8029-5577,http://retoneclinic.com/,46163,1,0,127.06369479999999,37.069300699999999,JDU4MTI3MSM1MSMkMiMkNCMkMDAkMzgxMzUxIzIxIyQxIyQ1IyQ3OSQ0NjEwMDIjNjEjJDEjJDQjJDgz
메가비뇨의학과의원,의원,경기,평택시,평택동,"경기도 평택시 평택로32번길 25, 3층 (평택동)",,https://megauro-pt.com,45138,1,0,127.0890047,36.991427299999998,JDU4MTI3MSM1MSMkMiMkMCMkMDAkNTgxOTYxIzExIyQxIyQzIyQ5MiQzNjE0ODEjNDEjJDEjJDgjJDgz
바로그의원,의원,경기,평택시,평택동,"경기도 평택시 평택로32번길 25, 1층 (평택동)",031-652-5670,https://barogclinic.com/branch/br32/subindex.php,45852,1,0,127.0890047,36.991427299999998,JDU4MTI3MSM1MSMkMiMkNCMkMDAkMzgxMzUxIzExIyQxIyQzIyQ5MiQzNjE0ODEjNjEjJDEjJDgjJDgz
박인호피부과의원,의원,경기,평택시,안중읍,"경기도 평택시 안중읍 안현로서8길 17, 8층",031-683-8626,http://blog.naver.com/inhers_skin,41318,1,1,126.923344,36.978744300000002,JDU4MTI3MSM1MSMkMiMkMCMkMDAkNDgxMzUxIzExIyQxIyQ3IyQ4MiQyNjEwMDIjODEjJDEjJDYjJDgz
뷰티라운지의원,의원,경기,평택시,고덕동,"경기도 평택시 고덕중앙로 200-4, 우성고덕타워 1101호~1108호,1118호 (고덕동)",031-662-0801,http://pyeongtaek.beautyloungeclinic.com/,45489,1,0,127.0442098,37.047773300000003,JDU4MTI3MSM1MSMkMiMkMCMkMDAkNTgxOTYxIzMxIyQxIyQzIyQwMyQyNjEyMjIjNjEjJDEjJDAjJDgz
속편한내과의원,의원,경기,평택시,평택동,"경기도 평택시 평택로32번길 21, 2층 (평택동)",031-656-1088,http://www.ptsok.co.kr/,40480,2,0,127.08878249999999,36.9912767,JDU4MTI3MSM1MSMkMiMkMCMkMDAkMzgxNzAyIzIxIyQxIyQxIyQ4OSQzNjEwMDIjNjEjJDEjJDgjJDgz
엠디피부과의원,의원,경기,평택시,평택동,"경기도 평택시 평택1로 4, (평택동)",031-655-5151,http://www.md-skin.co.kr/,34761,1,1,127.0870848,36.992365499999998,JDQ4MTYyMiM1MSMkMiMkMCMkMDAkNDgxMzUxIzIxIyQxIyQxIyQ5MiQyNjE4MzIjNjEjJDEjJDgjJDgz
우리메디의원,의원,경기,평택시,평택동,"경기도 평택시 중앙2로 16, 2층 202호 (평택동)",031-682-4999,https://woorimediclinic.kr,43182,1,0,127.08862209999999,36.991468099999999,JDU4MTI3MSM1MSMkMiMkMCMkMDAkNTgxOTYxIzUxIyQxIyQxIyQ5OSQzNjEwMDIjNjEjJDEjJDAjJDgz
유앤아이의원,의원,경기,평택시,비전동,"경기도 평택시 평남로 862, 2층 201호 (비전동)",031-647-6618,https://www.ptuni114.co.kr/,45282,2,0,127.1114954,37.0004749,JDU4MTI3MSM1MSMkMiMkMCMkMDAkNTgxOTYxIzIxIyQxIyQxIyQ2MiQzNjEyMjIjODEjJDEjJDYjJDgz
임가정의원,의원,경기,평택시,포승읍,"경기도 평택시 포승읍 여술로 21, 2층 (선구빌딩)",031-683-0516,http://www.limfm.co.kr/,38699,1,0,126.8450402,36.988286700000003,JDQ4MTYyMiM1MSMkMiMkMCMkMDAkNDgxNzAyIzIxIyQxIyQ5IyQ5OSQzNjEwMDIjNjEjJDEjJDQjJDgz
제일비뇨기과의원,의원,경기,평택시,서정동,"경기도 평택시 서정역로 38, (서정동, 파크랜드 2층)",031-657-1133,http://www.pjuro.com/main,41003,1,0,127.0560206,37.057603899999997,JDU4MTI3MSM1MSMkMiMkMCMkMDAkMzgxNzAyIzUxIyQxIyQxIyQ4MiQyNjEwMDIjODEjJDEjJDIjJDgz
차앤박피부과의원,의원,경기,평택시,평택동,"경기도 평택시 중앙2로 2, 3층 (평택동)",031-651-9200,http://www.cnpskin.com,38770,2,2,127.08723550000001,36.991629799999998,JDU4MTI3MSM1MSMkMiMkMCMkMDAkMzgxMzUxIzUxIyQxIyQxIyQ5MiQ0NjEwMDIjNjEjJDEjJDAjJDgz
하나로내과의원,의원,경기,평택시,청북읍,"경기도 평택시 청북읍 청북남로 254, 청북센터프라자 203-205호",031-682-8217,http://www.ajhanaro.com/,38287,2,0,126.91594000000001,37.019667900000002,JDU4MTI3MSM1MSMkMiMkMCMkMDAkMzgxMzUxIzExIyQxIyQ3IyQ3MiQ0NjE0ODEjNzEjJDEjJDgjJDgz
서울의원,의원,경기,포천시,신읍동,"경기도 포천시 중앙로 138, 2,3,4층 (신읍동)",031-536-1197,dr9clinic.com,37736,1,0,127.2044509,37.898347999999999,JDU4MTI3MSM1MSMkMiMkMCMkMDAkMzgxMTkxIzExIyQxIyQ3IyQ4MiQzNjEwMDIjNDEjJDEjJDgjJDgz
이함내과의원,의원,경기,포천시,신읍동,"경기도 포천시 왕방로 130, (신읍동)",031-531-7574,http://www.ehamclinic.co.kr,40666,2,0,127.1925462,37.894987800000003,JDU4MTI3MSM1MSMkMiMkMCMkMDAkMzgxNzAyIzIxIyQxIyQ5IyQ4MiQyNjEwMDIjNTEjJDEjJDIjJDgz
중앙신경외과의원,의원,경기,포천시,신읍동,"경기도 포천시 중앙로 115, (신읍동)",031-533-7784,http://www.nsdrlee.co.kr,37566,1,0,127.202517,37.896812199999999,JDQ4MTYyMiM1MSMkMiMkMCMkMDAkNTgxMzUxIzQxIyQxIyQ3IyQwMyQyNjE4MzIjNzEjJDEjJDgjJDgz
기쁨항맥외과의원,의원,경기,하남시,신장동,"경기도 하남시 대청로 33, 907호 (신장동, 현대베스코아빌딩)",031-796-3497,http://www.hanamhangmac.co.kr/index.asp,35774,1,0,127.2160105,37.541102700000003,JDU4MTI3MSM1MSMkMiMkMCMkMDAkMzgxMzUxIzUxIyQxIyQ1IyQwMyQyNjEwMDIjNTEjJDEjJDIjJDgz
닥터에버스의원 미사점,의원,경기,하남시,망월동,"경기도 하남시 미사강변동로 81, 미사역 큐브앤 타워 6층 604,605,606,607호 (망월동)",031-8027-8717,https://evers11.co.kr/,45218,3,0,127.1927499,37.562259400000002,JDU4MTI3MSM1MSMkMiMkMCMkMDAkNTgxOTYxIzExIyQxIyQ3IyQ4MiQzNjE4MzIjNjEjJDEjJDQjJDgz
브리즌의원 하남미사,의원,경기,하남시,망월동,"경기도 하남시 미사강변중앙로 185, 골든타임 301~306호 (망월동)",031-793-9393,http://breezenclinic.com,45548,1,0,127.1898217,37.562935699999997,JDU4MTI3MSM1MSMkMiMkMCMkMDAkNTgxOTYxIzMxIyQxIyQ3IyQ4MiQzNjE4MzIjNzEjJDEjJDgjJDgz
삼성내과의원,의원,경기,하남시,덕풍동,"경기도 하남시 덕풍동로 111, 402호 (덕풍동, 풍산캐슬빌딩)",031-796-3341,http://hanamsm.co.kr,40147,1,0,127.2084564,37.551205299999999,JDU4MTI3MSM1MSMkMiMkMCMkMDAkMzgxMTkxIzQxIyQxIyQ3IyQwMyQyNjEyMjIjODEjJDEjJDYjJDgz
실로암피부과의원,의원,경기,하남시,신장동,"경기도 하남시 대청로 33, 현대베스코아빌딩 8층 801호~803호 (신장동)",031-791-0675,http://www.siloamskin.co.kr/,36042,1,1,127.2160002,37.541060100000003,JDQ4MTYyMiM1MSMkMiMkMCMkMDAkNDgxOTYxIzUxIyQxIyQ1IyQ5MiQ0NjE0ODEjNzEjJDEjJDgjJDgz
에브리업의원,의원,경기,하남시,학암동,"경기도 하남시 위례학암로14번길 31, 경서타워2 2층 201,202,203호 (학암동)",02-2138-3193,https://everyup.co.kr/,45736,1,0,127.1576656,37.487448399999998,JDU4MTI3MSM1MSMkMiMkMCMkMDAkNTgxOTYxIzUxIyQxIyQ1IyQ4MiQyNjE4MzIjNTEjJDEjJDYjJDgz
줌앤업의원,의원,경기,하남시,덕풍동,"경기도 하남시 덕풍동로 111, 501호 (덕풍동, 풍산캐슬빌딩)",795-7929,http://zoomandup.com/,39902,1,0,127.2084564,37.551205299999999,JDQ4MTYyMiM1MSMkMiMkMCMkMDAkMzgxNzAyIzMxIyQxIyQ3IyQ4MiQ0NjEwMDIjODEjJDEjJDIjJDgz
토마토미비뇨기과의원,의원,경기,하남시,덕풍동,"경기도 하남시 신장로 156, 308호 (덕풍동, 하남프라자)",031-796-7582,http://www.tomatoclinic.co.kr,39493,1,0,127.20194650000001,37.539929200000003,JDU4MTI3MSM1MSMkMiMkMCMkMDAkMzgxOTYxIzUxIyQxIyQ1IyQ5MiQzNjE4MzIjNDEjJDEjJDQjJDgz
그레이스피부과의원,의원,경기,화성동탄구,반송동,"경기도 화성시 동탄구 동탄중앙로 200, B동 3층 E03호 (반송동, 메타폴리스)",031-8015-5337,http://,40597,1,1,127.0688912,37.2027924,JDU4MTI3MSM1MSMkMiMkMCMkMDAkMzgxNzAyIzIxIyQxIyQ1IyQ4MiQyNjE0ODEjODEjJDEjJDIjJDgz
김현미산부인과의원,의원,경기,화성동탄구,반송동,"경기도 화성시 동탄구 동탄솔빛로 68, 계림빌딩 204,205호 (반송동)",031-613-7582,http://khmobgy.co.kr,40714,1,0,127.0748602,37.194445199999997,JDU4MTI3MSM1MSMkMiMkMCMkMDAkMzgxNzAyIzMxIyQxIyQzIyQ4MiQyNjEwMDIjODEjJDEjJDYjJDgz
동탄아이디의원,의원,경기,화성동탄구,오산동,"경기도 화성시 동탄구 동탄대로 489, 동탄역우성타워 706,707호 (오산동)",031-8050-5040,https://dt.idclinic.co.kr/,45768,1,0,127.0982637,37.197359200000001,JDU4MTI3MSM1MSMkMiMkNCMkMDAkMzgxMzUxIzExIyQxIyQzIyQ3OSQzNjE4MzIjNDEjJDEjJDQjJDgz
리프탑의원,의원,경기,화성동탄구,오산동,"경기도 화성시 동탄구 동탄대로 537, 라스플로레스 325.326 (오산동)",031-372-6508,https://liftop.co.kr/,44655,1,0,127.097959,37.202226199999998,JDU4MTI3MSM1MSMkMiMkNCMkMDAkMzgxMzUxIzIxIyQxIyQxIyQ4OSQzNjEyMjIjNDEjJDEjJDgjJDgz
마음담은내과의원,의원,경기,화성동탄구,능동,"경기도 화성시 동탄구 동탄지성로 134, 한솔프라자, 403호 (능동)",031-8015-3700,www.maumdamun.co.kr/,40329,1,0,127.0609874,37.209582400000002,JDU4MTI3MSM1MSMkMiMkMCMkMDAkMzgxNzAyIzExIyQxIyQzIyQ5MiQzNjE0ODEjODEjJDEjJDYjJDgz
미뉴얼의원,의원,경기,화성동탄구,산척동,"경기도 화성시 동탄구 동탄순환대로 263, 409~410호 (산척동)",031-373-0317,http://dt.menewal.co.kr/,45723,1,0,127.1185789,37.1711527,JDU4MTI3MSM1MSMkMiMkMCMkMDAkNTgxOTYxIzUxIyQxIyQ1IyQ2MiQyNjE4MzIjODEjJDEjJDYjJDgz
미즈파크산부인과의원,의원,경기,화성동탄구,능동,"경기도 화성시 동탄구 동탄지성로 139, 양진빌딩, 2~8층 (능동)",031-8003-7575,https://dongtanmizpark.com,39735,3,0,127.0601939,37.209343099999998,JDU4MTI3MSM1MSMkMiMkNCMkMDAkMzgxMzUxIzExIyQyIyQ3IyQwMCQzNjEwMDIjNDEjJDEjJDgjJDgz
뷰레스트의원,의원,경기,화성동탄구,오산동,"경기도 화성시 동탄구 동탄대로 537, 226~228호 (오산동)",031-376-2812,http://dongtan.beautyloungeclinic.co.kr/,44504,1,0,127.097959,37.202226199999998,JDU4MTI3MSM1MSMkMiMkMCMkMDAkNTgxMzUxIzExIyQyIyQzIyQwMCQyNjE0ODEjNjEjJDEjJDAjJDgz
삼성봄그린산부인과의원,의원,경기,화성동탄구,산척동,"경기도 화성시 동탄구 동탄순환대로 257, 종산타워 304(일부)~305호 (산척동)",031-377-3537,https://www.bomgreenclinic.co.kr,44979,1,0,127.1185212,37.170620399999997,JDU4MTI3MSM1MSMkMiMkMCMkMDAkNTgxMzUxIzUxIyQxIyQxIyQ5OSQzNjE4MzIjNjEjJDEjJDQjJDgz
서울아산센트럴내과의원,의원,경기,화성동탄구,산척동,"경기도 화성시 동탄구 동탄순환대로 257, 종산타워 301~304호 (산척동)",031-375-0020,http://www.centralclinic.co.kr,44935,3,0,127.1185212,37.170620399999997,JDU4MTI3MSM1MSMkMiMkMCMkMDAkNTgxMzUxIzQxIyQxIyQ3IyQ5MiQyNjE4MzIjNTEjJDEjJDIjJDgz
신수아소아청소년과의원,의원,경기,화성동탄구,영천동,"경기도 화성시 동탄구 동탄순환대로 690, 애플스퀘어 301,304,305호 (영천동)",031-352-9595,http://www.soaclinic.co.kr/,44145,1,0,127.11155909999999,37.206546199999998,JDU4MTI3MSM1MSMkMiMkMCMkMDAkMzgxNzAyIzIxIyQxIyQ5IyQxMyQ0NjE0ODEjNDEjJDEjJDgjJDgz
에르샤몽의원,의원,경기,화성동탄구,목동,"경기도 화성시 동탄구 동탄신리천로 406, 204~209호, 216~218호 (목동)",031-376-0650,http://www.herchamondt.com,44494,1,0,127.1229707,37.182155199999997,JDU4MTI3MSM1MSMkMiMkNCMkMDAkMzgxMzUxIzIxIyQxIyQxIyQwMyQyNjE0ODEjNTEjJDEjJDYjJDgz
연세내과의원,의원,경기,화성동탄구,능동,"경기도 화성시 동탄구 10용사로 343-2, (능동)",031-8003-6588,서동탄연세.한국,39577,1,0,127.0558339,37.199431699999998,JDQ4MTYyMiM1MSMkMiMkMCMkMDAkNDgxMzUxIzQxIyQxIyQ3IyQ4MiQzNjEwMDIjNzEjJDEjJDgjJDgz
연세키즈소아청소년과의원,의원,경기,화성동탄구,능동,"경기도 화성시 동탄구 동탄지성로 136, 우리프라자, 2층 201호,202호 (능동)",031-8015-1375,http://www.yonseikids.co.kr,40708,2,0,127.0606973,37.209668600000001,JDU4MTI3MSM1MSMkMiMkMCMkMDAkMzgxNzAyIzIxIyQxIyQ5IyQ5OSQyNjE4MzIjNDEjJDEjJDQjJDgz
우리들내과의원,의원,경기,화성동탄구,반송동,"경기도 화성시 동탄구 동탄원천로 163, 504호 (반송동, 위너스타)",031-8015-1600,http://www.wooridlclinic.com/index.asp,40183,1,0,127.0737048,37.207385600000002,JDU4MTI3MSM1MSMkMiMkMCMkMDAkMzgxMTkxIzUxIyQyIyQxIyQwMCQyNjE4MzIjNzEjJDEjJDgjJDgz
자연미인의원,의원,경기,화성동탄구,목동,"경기도 화성시 동탄구 동탄신리천로 411, 우성스타타워B 311~312호 (목동)",,http://www.자연미인.com,45833,1,0,127.124087,37.182688400000004,JDU4MTI3MSM1MSMkMiMkNCMkMDAkMzgxMzUxIzExIyQxIyQzIyQ4MiQzNjEwMDIjNzEjJDEjJDgjJDgz
청담맑은피부과의원,의원,경기,화성동탄구,반송동,"경기도 화성시 동탄구 동탄반석로 204, 402,403호 (반송동, 제일프라자)",031-613-8811,http://dongtanskinblog.com/,39554,1,1,127.07281999999999,37.206680800000001,JDU4MTI3MSM1MSMkMiMkMCMkMDAkMzgxMTkxIzExIyQxIyQ3IyQ4OSQ0NjEwMDIjNzEjJDEjJDgjJDgz
플러스정형외과의원,의원,경기,화성동탄구,반송동,"경기도 화성시 동탄구 동탄반석로 204, 604,605호 (반송동, 제일프라자)",031-8015-0075,http://www.plus-os.co.kr/,39870,1,0,127.07281999999999,37.206680800000001,JDQ4MTYyMiM1MSMkMiMkMCMkMDAkNDgxMzUxIzMxIyQxIyQzIyQ2MiQzNjE0ODEjNDEjJDEjJDgjJDgz
하나이비인후과의원,의원,경기,화성동탄구,반송동,"경기도 화성시 동탄구 동탄반석로 120, 2층 (반송동, 제일프라자)",031-8015-0061,http://www.dthana.com,41519,1,0,127.0716829,37.199659099999998,JDU4MTI3MSM1MSMkMiMkMCMkMDAkMzgxNzAyIzExIyQxIyQ3IyQ4OSQzNjEwMDIjNDEjJDEjJDQjJDgz
하얀세상의원,의원,경기,화성동탄구,반송동,"경기도 화성시 동탄구 동탄반석로 130, 드림프라자 403호 (반송동)",031-8003-3119,http://www.white-clinic.co.kr/,39464,1,0,127.0714265,37.200468399999998,JDU4MTI3MSM1MSMkMiMkMCMkMDAkMzgxNzAyIzMxIyQxIyQ3IyQ4MiQzNjEyMjIjNjEjJDEjJDgjJDgz
헤어로의원,의원,경기,화성동탄구,장지동,"경기도 화성시 동탄구 동탄대로1길 3, 401~403호 (장지동)",070-8211-2776,https://naver.me/GvcQfDJC,45652,2,0,127.1037615,37.159823000000003,JDU4MTI3MSM1MSMkMiMkMCMkMDAkNTgxOTYxIzUxIyQyIyQxIyQwMCQ0NjE0ODEjNjEjJDEjJDgjJDgz
서울명진내과의원,의원,경기,화성만세구,향남읍,"경기도 화성시 만세구 향남읍 상신하길로298번길 7-21, 4층 407-410호",031-8043-5688,http://www.과천탑내과.com/,42836,1,0,126.91247540000001,37.115172200000003,JDU4MTI3MSM1MSMkMiMkMCMkMDAkMzgxNzAyIzQxIyQxIyQ3IyQ2MiQzNjEyMjIjODEjJDEjJDIjJDgz
아름다운의원,의원,경기,화성만세구,향남읍,"경기도 화성시 만세구 향남읍 향남로 392, 502호 (우성메디피아)",031-354-1086,http://mi-skin.net/,39958,1,0,126.9214487,37.130051199999997,JDQ4MTYyMiM1MSMkMiMkMCMkMDAkNDgxNzAyIzQxIyQxIyQ3IyQ4MiQyNjEyMjIjODEjJDEjJDYjJDgz
참맑은의원,의원,경기,화성만세구,남양읍,"경기도 화성시 만세구 남양성지로 139-1, 201호 (남양동, 국제포인트프라자)",031-366-7533,http://www.chamclinic.co.kr,40470,1,0,126.8183638,37.209083800000002,JDU4MTI3MSM1MSMkMiMkMCMkMDAkMzgxNzAyIzExIyQxIyQ3IyQ4OSQyNjEyMjIjNjEjJDEjJDQjJDgz
화성향남뷰티온의원,의원,경기,화성만세구,향남읍,"경기도 화성시 만세구 향남읍 발안양감로 211, 501~504호",031-353-7510,https://hyangnam.beautyon.co.kr/,46174,1,0,126.9131982,37.115767099999999,JDU4MTI3MSM1MSMkMiMkNCMkMDAkMzgxMzUxIzIxIyQxIyQ1IyQ5OSQyNjEyMjIjNTEjJDEjJDIjJDgz
노블클래식의원,의원,경기,화성병점구,반월동,"경기도 화성시 병점구 영통로26번길 15, 명성프라자 401, 402, 405호 (반월동)",031-206-5533,http://www.nobleclassic.com,40651,2,0,127.0655708,37.234101299999999,JDU4MTI3MSM1MSMkMiMkMCMkMDAkMzgxNzAyIzIxIyQxIyQ5IyQ5OSQzNjEyMjIjNjEjJDEjJDAjJDgz
서울삼성내과의원,의원,경기,화성병점구,병점동,"경기도 화성시 병점구 병점2로 38, 2층(전체),3층 (302~303)호 (병점동)",031-231-0055,http://www.bssclinic.com,39148,6,0,127.04101230000001,37.2064035,JDU4MTI3MSM1MSMkMiMkMCMkMDAkMzgxOTYxIzMxIyQxIyQzIyQ3MiQzNjEyMjIjNDEjJDEjJDgjJDgz
연세헤븐피부과의원,의원,경기,화성병점구,진안동,"경기도 화성시 병점구 병점1로 221, 5층 (진안동, 화인메디컬프라자)",031-234-6004,https://ysheaven.mobidoc.us/,38328,2,2,127.04183310000001,37.213597900000003,JDU4MTI3MSM1MSMkMiMkNCMkMDAkMzgxMzUxIzExIyQxIyQzIyQ3OSQ0NjEwMDIjNjEjJDEjJDgjJDgz
팔복내과가정의학과의원,의원,경기,화성효행구,봉담읍,"경기도 화성시 효행구 봉담읍 동화길 85, 304~306호",031-278-2525,http://www.palboc.co.kr/,40863,2,0,126.9583456,37.216926800000003,JDU4MTI3MSM1MSMkMiMkMCMkMDAkMzgxNzAyIzMxIyQxIyQ3IyQ5MiQyNjEyMjIjNDEjJDEjJDgjJDgz
(의)성광의료재단 차움의원,의원,서울,강남구,청담동,"서울특별시 강남구 도산대로 442, 피엔폴루스 2층일부, 3층일부 (청담동)",02-3015-5000,http://www.chaum.net,40318,23,0,127.0441055,37.523321799999998,JDQ4MTg4MSM1MSMkMiMkNCMkMDAkNDgxMzUxIzUxIyQxIyQxIyQ5OSQ0NjE0ODEjNzEjJDEjJDgjJDgz
10년전당신의오늘의원,의원,서울,강남구,청담동,"서울특별시 강남구 도산대로 452, JS빌딩 3층 (청담동)",02-541-0333,http://www.chps.co.kr,44435,1,0,127.0457468,37.523624099999999,JDQ4MTg4MSM1MSMkMiMkNCMkMDAkMzgxNzAyIzIxIyQxIyQ5IyQ3MiQyNjE4MzIjNzEjJDEjJDgjJDgz
123의원,의원,서울,강남구,대치동,"서울특별시 강남구 삼성로 212, 241호 (대치동, 은마상가 B블럭)",02-567-9123,http://www.123nunco.com,39738,1,0,127.0650701,37.497741499999997,JDQ4MTg4MSM1MSMkMiMkNCMkMDAkNDgxMzUxIzExIyQxIyQzIyQ4OSQyNjEyMjIjNDEjJDEjJDQjJDgz
747의원,의원,서울,강남구,논현동,"서울특별시 강남구 도산대로 122, 에메랄드타워 8층 (논현동)",02-546-0747,http://747clinic.com,45975,1,0,127.02214050000001,37.516854000000002,JDQ4MTg4MSM1MSMkMiMkNCMkMDAkNTgxMzUxIzIxIyQxIyQ1IyQ5MiQyNjE0ODEjODEjJDEjJDIjJDgz
강남고운세상피부과의원,의원,서울,강남구,역삼동,"서울특별시 강남구 테헤란로2길 8, 3층 (역삼동)",02-3477-2020,http://www.beautyforever.co.kr,42635,1,1,127.02872859999999,37.4976293,JDQ4MTg4MSM1MSMkMiMkNCMkMDAkMzgxMTkxIzQxIyQxIyQ3IyQ3MiQzNjE4MzIjNTEjJDEjJDYjJDgz
강남미켈란의원,의원,서울,강남구,청담동,"서울특별시 강남구 도산대로 521, 3층 (청담동)",02-540-0808,http://www.mhair.co.kr,36792,1,0,127.0504024,37.524874099999998,JDQ4MTg4MSM1MSMkMiMkMCMkMDAkNDgxMzUxIzUxIyQxIyQ1IyQ5OSQzNjE4MzIjNDEjJDEjJDgjJDgz
강남비엘에스의원,의원,서울,강남구,역삼동,"서울특별시 강남구 강남대로 432, 점프밀라노 8층 4호 (역삼동)",02-6677-2777,https://www.blsclinic8.com/,46079,1,0,127.0266249,37.501235000000001,JDQ4MTg4MSM1MSMkMiMkOCMkMDAkMzgxMTkxIzMxIyQxIyQzIyQxMyQ0NjE0ODEjNDEjJDEjJDgjJDgz
강남삼성드림이비인후과의원,의원,서울,강남구,역삼동,"서울특별시 강남구 강남대로 372, (역삼동, FINE TOWER)",02-539-0365,http://ssdream.co.kr/,40623,3,0,127.029122,37.496027099999999,JDQ4MTg4MSM1MSMkMiMkNCMkMDAkNDgxOTYxIzQxIyQxIyQ3IyQ4OSQzNjE4MzIjNDEjJDEjJDgjJDgz
강남성모이비인후과의원,의원,서울,강남구,역삼동,"서울특별시 강남구 강남대로 334, (역삼동, 6층일부)",02-552-5400,http://www.kangnament.com,39891,1,0,127.0304818,37.4929925,JDQ4MTg4MSM1MSMkMiMkNCMkMDAkNDgxMTkxIzExIyQxIyQ3IyQ3OSQ0NjE0ODEjODEjJDEjJDYjJDgz
강남셀리팅의원,의원,서울,강남구,역삼동,"서울특별시 강남구 테헤란로 121, 11층, 13층 1101, 1301호(역삼동, 원빌딩) (역삼동)",02-555-1382,http://www.picasoskin.com,40030,2,0,127.03107540000001,37.499420999999998,JDQ4MTg4MSM1MSMkMiMkNCMkMDAkMzgxMTkxIzUxIyQxIyQxIyQ3MiQzNjEyMjIjNDEjJDEjJDgjJDgz
강남우태하피부과의원,의원,서울,강남구,역삼동,"서울특별시 강남구 강남대로 370, 5층 (역삼동, 강남클리닉빌딩)",02-567-1675,http://wooskin.co.kr/2014_wooskin/,37365,1,1,127.0292292,37.4958654,JDQ4MTg4MSM1MSMkMiMkNCMkMDAkMzgxMzUxIzIxIyQyIyQxIyQwMCQzNjE4MzIjNjEjJDEjJDgjJDgz
강남유앤아이의원,의원,서울,강남구,역삼동,"서울특별시 강남구 강남대로 470, 808타워 5,6층 (역삼동)",02-6927-6022,http://www.uni114.co.kr,43188,11,0,127.0250552,37.504347899999999,JDQ4MTg4MSM1MSMkMiMkNCMkMDAkNDgxOTYxIzMxIyQxIyQ3IyQ3OSQ0NjE0ODEjNjEjJDEjJDQjJDgz
강남조은눈안과의원,의원,서울,강남구,역삼동,"서울특별시 강남구 테헤란로 107, 비전타워 7층,9층 (역삼동)",02-535-8001,http://www.visionclinic.co.kr,40102,2,0,127.0287237,37.498663999999998,JDQ4MTg4MSM1MSMkMiMkNCMkMDAkMzgxNzAyIzIxIyQxIyQxIyQ5OSQzNjEwMDIjODEjJDEjJDYjJDgz
강남코모키이비인후과의원,의원,서울,강남구,역삼동,"서울특별시 강남구 강남대로 378, (역삼동, 준빌딩 4층)",02-508-0075,http://www.komoki.com/,40697,2,0,127.0286835,37.496671599999999,JDQ4MTg4MSM1MSMkMiMkNCMkMDAkNDgxOTYxIzIxIyQyIyQ1IyQwMCQ0NjEwMDIjNjEjJDEjJDgjJDgz
강남피어리의원,의원,서울,강남구,논현동,"서울특별시 강남구 강남대로 590, 10층 (논현동, 미혜빌딩)",02-515-0202,http://www.periclinic.com/,40785,1,0,127.02043740000001,37.5145482,JDQ4MTg4MSM1MSMkMiMkNCMkMDAkNDgxOTYxIzMxIyQxIyQ3IyQ4OSQzNjE4MzIjNjEjJDEjJDAjJDgz
강남하트스캔의원,의원,서울,강남구,대치동,"서울특별시 강남구 테헤란로114길 38, 동일타워 지하1층 (대치동)",564-3070,http://www.heartscan.co.kr/,36412,14,0,127.0669929,37.507124300000001,JDQ4MTg4MSM1MSMkMiMkMCMkMDAkNDgxNzAyIzExIyQxIyQzIyQ5OSQzNjE0ODEjNjEjJDEjJDgjJDgz
개포센트럴이비인후과의원,의원,서울,강남구,개포동,"서울특별시 강남구 언주로7길 6, 2층 203,203-1,204,218호 (개포동, 개포자이르네)",02-577-2577,https://gaepocentral.modoo.at/,44985,1,0,127.055481,37.478558300000003,JDQ4MTg4MSM1MSMkMiMkOCMkMDAkMzgxMzUxIzUxIyQxIyQ1IyQ3OSQzNjE4MzIjNTEjJDEjJDIjJDgz
고우석제이엠오피부과의원,의원,서울,강남구,논현동,"서울특별시 강남구 도산대로 104, 1st Avenue 지하1층 (논현동)",02-3445-3456,http://www.e-jemo.co.kr,40847,2,1,127.0203412,37.516077500000002,JDQ4MTg4MSM1MSMkMiMkNCMkMDAkMzgxMzUxIzMxIyQxIyQ3IyQ3OSQ0NjEwMDIjNjEjJDEjJDgjJDgz
권오정리얼뷰티의원,의원,서울,강남구,대치동,"서울특별시 강남구 선릉로86길 12, 3층 (대치동)",02-569-5757,http://,43028,1,0,127.0509054,37.503121299999997,JDQ4MTg4MSM1MSMkMiMkNCMkMDAkMzgxNzAyIzQxIyQxIyQ3IyQ2MiQzNjEwMDIjNjEjJDEjJDQjJDgz
그로브원피부과의원,의원,서울,강남구,청담동,"서울특별시 강남구 도산대로 427, 파모소빌딩 4~5층 (청담동)",2,https://www.groveoneskin.com,46143,1,1,127.0425589,37.523948599999997,JDQ4MTg4MSM1MSMkMiMkOCMkMDAkMzgxMTkxIzQxIyQxIyQ3IyQ2MiQ0NjEwMDIjNjEjJDEjJDgjJDgz
글로리의원,의원,서울,강남구,논현동,"서울특별시 강남구 봉은사로 207, KJ빌딩 3층 (논현동)",02-6958-7525,http://www.gloryclinic.co.kr,45289,1,0,127.0346819,37.507845400000001,JDQ4MTg4MSM1MSMkMiMkOCMkMDAkMzgxOTYxIzIxIyQxIyQxIyQwMyQzNjEwMDIjNjEjJDEjJDQjJDgz
기쁨성형외과의원,의원,서울,강남구,도곡동,"서울특별시 강남구 강남대로 240, 양재SK허브프리모 206,207호 (도곡동)",02-578-9540,www.kibbumclinic.com/,39461,1,0,127.0344506,37.485265800000001,JDQ4MTg4MSM1MSMkMiMkMCMkMDAkNDgxMTkxIzUxIyQxIyQ1IyQ3MiQyNjEyMjIjNTEjJDEjJDYjJDgz
김인섭의원,의원,서울,강남구,개포동,"서울특별시 강남구 논현로 64, 삼우빌딩 3층 (개포동)",02-529-4318,http://www.kimclinic.net,44386,1,0,127.0468937,37.475914899999999,JDQ4MTg4MSM1MSMkMiMkMCMkMDAkNDgxOTYxIzMxIyQyIyQzIyQwMCQzNjE4MzIjODEjJDEjJDYjJDgz
김인환내과의원,의원,서울,강남구,수서동,"서울특별시 강남구 밤고개로1길 10, 212호 (수서동)",02-2040-6767,http://,32797,1,0,127.1018445,37.488024500000002,JDQ4MTg4MSM1MSMkMiMkMCMkMDAkNDgxOTYxIzExIyQxIyQ3IyQ4MiQzNjE4MzIjNjEjJDEjJDQjJDgz
김태욱외과의원,의원,서울,강남구,도곡동,"서울특별시 강남구 언주로30길 39, (도곡동, 4층일부)",02-578-9881,http://www.tpclinic.net/index.asp,36852,1,0,127.05322270000001,37.488761400000001,JDQ4MTg4MSM1MSMkMiMkMCMkMDAkNDgxMTkxIzUxIyQxIyQ1IyQ5MiQ0NjE0ODEjNzEjJDEjJDgjJDgz
김현석성형외과의원,의원,서울,강남구,신사동,"서울특별시 강남구 압구정로28길 19, 한익빌딩 4층 (신사동)",02-3442-7799,http://www.e-dream.co.kr,43024,1,0,127.0278655,37.525272100000002,JDQ4MTg4MSM1MSMkMiMkNCMkMDAkNDgxMTkxIzExIyQxIyQzIyQ4OSQyNjE4MzIjODEjJDEjJDYjJDgz
김혜영피부과의원,의원,서울,강남구,대치동,"서울특별시 강남구 선릉로 312, 303호 (대치동)",02-567-0307,http://www.doctor-skin.co.kr/,36283,1,1,127.0526586,37.497561300000001,JDQ4MTg4MSM1MSMkMiMkMCMkMDAkNDgxMTkxIzUxIyQxIyQxIyQ3MiQzNjE4MzIjODEjJDEjJDIjJDgz
네오유여성비뇨기과의원,의원,서울,강남구,역삼동,"서울특별시 강남구 강남대로 446, 한웰빌딩 5층일부 (역삼동)",02-555-2125,http://uniwomanclinic.com,38894,1,0,127.0259642,37.502400299999998,JDQ4MTg4MSM1MSMkMiMkNCMkMDAkMzgxMTkxIzQxIyQxIyQ3IyQ5MiQzNjEyMjIjNDEjJDEjJDQjJDgz
노블앤코의원,의원,서울,강남구,역삼동,"서울특별시 강남구 강남대로 422, 10층 (역삼동)",02-6247-3100,http://www.noblenco.com/,41026,1,0,127.0268811,37.500394999999997,JDQ4MTg4MSM1MSMkMiMkNCMkMDAkNDgxOTYxIzUxIyQxIyQxIyQ3OSQyNjEyMjIjODEjJDEjJDYjJDgz
눈피부과의원,의원,서울,강남구,신사동,"서울특별시 강남구 도산대로27길 33, 201호 (신사동)",02-3446-9523,http://www.eyeskin.co.kr,40814,1,1,127.0272981,37.522101399999997,JDQ4MTg4MSM1MSMkMiMkNCMkMDAkNDgxOTYxIzIxIyQxIyQ5IyQ5MiQzNjE0ODEjNDEjJDEjJDgjJDgz
뉴브의원,의원,서울,강남구,논현동,"서울특별시 강남구 강남대로 548, 건우빌딩 4층 (논현동)",031-935-5375,https://www.newve-skinclinic.co.kr/,44180,1,0,127.0219111,37.511038999999997,JDQ4MTg4MSM1MSMkMiMkOCMkMDAkMzgxMTkxIzIxIyQxIyQxIyQxMyQzNjEwMDIjODEjJDEjJDIjJDgz
뉴셀의원,의원,서울,강남구,청담동,"서울특별시 강남구 도산대로 417, FIRST LIGHT 타워 4층 (청담동)",1533-1701,https://newcell.co.kr,45777,1,0,127.0411177,37.523811299999998,JDQ4MTg4MSM1MSMkMiMkOCMkMDAkMzgxMTkxIzMxIyQxIyQ3IyQ3OSQzNjEwMDIjODEjJDEjJDIjJDgz
뉴엘의원,의원,서울,강남구,논현동,"서울특별시 강남구 도산대로 134, 5층 (논현동)",02-515-9998,http://www.nuelclinic.com,40714,3,0,127.02340909999999,37.517357199999999,JDQ4MTg4MSM1MSMkMiMkNCMkMDAkMzgxNzAyIzIxIyQxIyQ5IyQ5MiQyNjE0ODEjNzEjJDEjJDgjJDgz
뉴헤어모발성형외과의원,의원,서울,강남구,역삼동,"서울특별시 강남구 테헤란로 115, (역삼동, 서림빌딩 15층)",557-2022,http://www.new-hair.co.kr,40163,2,0,127.02999800000001,37.498981000000001,JDQ4MTg4MSM1MSMkMiMkNCMkMDAkNDgxMzUxIzExIyQxIyQ3IyQ4MiQzNjE4MzIjNTEjJDEjJDYjJDgz
다나성형외과의원,의원,서울,강남구,논현동,"서울특별시 강남구 강남대로 606, 삼주빌딩 10, 12층 (논현동)",02-512-0922,http://www.danaps.com,42653,4,0,127.0201694,37.515875700000002,JDQ4MTg4MSM1MSMkMiMkNCMkMDAkNDgxMzUxIzIxIyQxIyQxIyQ2MiQyNjE0ODEjODEjJDEjJDIjJDgz
다인피부과의원,의원,서울,강남구,신사동,"서울특별시 강남구 압구정로50길 8, 3층 (신사동)",02-542-0080,http://www.dainskin.co.kr/,37056,1,1,127.0380375,37.527806599999998,JDQ4MTg4MSM1MSMkMiMkNCMkMDAkMzgxMTkxIzExIyQxIyQ3IyQ3MiQyNjE4MzIjNTEjJDEjJDIjJDgz
다편한정형외과의원,의원,서울,강남구,역삼동,"서울특별시 강남구 언주로 329, 3층 (역삼동)",02-6959-9887,www.다편한정형외과.com,41751,1,0,127.044894,37.497225999999998,JDQ4MTg4MSM1MSMkMiMkNCMkMDAkNDgxMTkxIzMxIyQxIyQzIyQwMyQzNjE0ODEjNDEjJDEjJDQjJDgz
닥터김가정의학과의원,의원,서울,강남구,신사동,"서울특별시 강남구 압구정로 140, 현대빌딩 2층 (신사동)",02-542-2684,http://www.drkims-diet.com,39167,1,0,127.0240089,37.524669400000001,JDQ4MTg4MSM1MSMkMiMkNCMkMDAkMzgxNzAyIzExIyQxIyQ3IyQ3MiQyNjEyMjIjNDEjJDEjJDQjJDgz
닥터뉴셀의원,의원,서울,강남구,역삼동,"서울특별시 강남구 강남대로 458, 남영빌딩 7층 (역삼동)",02-6956-2227,https://drnewcell.com/,45470,4,0,127.0254743,37.503418500000002,JDQ4MTg4MSM1MSMkMiMkOCMkMDAkMzgxOTYxIzMxIyQxIyQzIyQxMyQ0NjEwMDIjNjEjJDEjJDAjJDgz
닥터베이직의원,의원,서울,강남구,논현동,"서울특별시 강남구 강남대로 478, 6층 (논현동, 제우빌딩)",02-3448-0090,http://www.drbasic.co.kr/,41064,1,0,127.0246963,37.505113600000001,JDQ4MTg4MSM1MSMkMiMkNCMkMDAkNDgxOTYxIzUxIyQxIyQxIyQ3OSQyNjEwMDIjNDEjJDEjJDgjJDgz
닥터손유나의원,의원,서울,강남구,신사동,"서울특별시 강남구 도산대로53길 6, 지우빌딩1층~5층일부 (신사동)",02-3443-1117,http://yssynclinic.cafe24.com/www/index.php,43760,3,0,127.0384351,37.5235536,JDQ4MTg4MSM1MSMkMiMkNCMkMDAkNDgxOTYxIzQxIyQxIyQ3IyQ3OSQyNjEwMDIjNjEjJDEjJDAjJDgz
닥터웰니스의원,의원,서울,강남구,삼성동,"서울특별시 강남구 선릉로 660, (삼성동, 브라운스톤 레전드208호)",02-3447-3101,http://www.drwellness.co.kr,40302,1,0,127.0423646,37.515552800000002,JDQ4MTg4MSM1MSMkMiMkNCMkMDAkNDgxMzUxIzUxIyQxIyQxIyQ3OSQyNjEwMDIjNjEjJDEjJDQjJDgz
대영성형외과의원,의원,서울,강남구,신사동,"서울특별시 강남구 압구정로 338, 2층 2호,3호 (신사동)",3446-7788,http://www.dyclinic.com,35887,1,0,127.0388919,37.527925600000003,JDQ4MTg4MSM1MSMkMiMkNCMkMDAkNDgxOTYxIzIxIyQxIyQxIyQ5OSQzNjEyMjIjODEjJDEjJDIjJDgz
대치더블유내과의원,의원,서울,강남구,대치동,"서울특별시 강남구 도곡로 408, 디마크 빌딩 407호 (대치동)",539-9939,http://w-med.co.kr,40592,1,0,127.05525,37.496628200000004,JDQ4MTg4MSM1MSMkMiMkNCMkMDAkNDgxOTYxIzExIyQxIyQ3IyQ2MiQ0NjE0ODEjNTEjJDEjJDIjJDgz
대치수피부과의원,의원,서울,강남구,대치동,"서울특별시 강남구 남부순환로 2941, 506호 (대치동, 대치탑프라자)",02-577-1175,http://www.slimlineskin.co.kr,39307,1,1,127.0619463,37.494269500000001,JDQ4MTg4MSM1MSMkMiMkMCMkMDAkNDgxMTkxIzQxIyQxIyQ3IyQ4MiQyNjEyMjIjODEjJDEjJDIjJDgz
대치오라클피부과의원,의원,서울,강남구,역삼동,"서울특별시 강남구 선릉로 319, 2층 (역삼동)",501-4818,http://www.skinland.com,40193,1,1,127.0517705,37.498044800000002,JDQ4MTg4MSM1MSMkMiMkNCMkMDAkNDgxMzUxIzMxIyQxIyQ3IyQ2MiQzNjE0ODEjNjEjJDEjJDgjJDgz
더나인(The Nine)피부과의원,의원,서울,강남구,대치동,"서울특별시 강남구 테헤란로64길 14, 108,109호 (대치동, 더 나인 오피스텔)",02-561-6718,the9derma-acne.com,35754,1,1,127.0509843,37.503985800000002,JDQ4MTg4MSM1MSMkMiMkMCMkMDAkNDgxMzUxIzUxIyQxIyQxIyQ4OSQyNjE0ODEjNDEjJDEjJDgjJDgz
더모어피부과의원,의원,서울,강남구,논현동,"서울특별시 강남구 도산대로 228, 연승빌딩 3층 (논현동)",02-541-3888,https://www.dermore.co.kr/,45909,2,1,127.0321606,37.520499399999999,JDQ4MTg4MSM1MSMkMiMkOCMkMDAkMzgxMTkxIzIxIyQxIyQ1IyQ4MiQyNjEyMjIjODEjJDEjJDIjJDgz
더블유성형외과의원,의원,서울,강남구,논현동,"서울특별시 강남구 강남대로 616, 신사미타워 11층 (신사동)",02-535-7433,www.gangnamw.co.kr/,40392,1,0,127.0198235,37.516843700000003,JDQ4MTg4MSM1MSMkMiMkNCMkMDAkNDgxMzUxIzUxIyQxIyQ1IyQ2MiQ0NjEwMDIjNjEjJDEjJDgjJDgz
더안청담의원,의원,서울,강남구,청담동,"서울특별시 강남구 도산대로 406, 청담퍼스트타워 2층 (청담동)",02-0000-0000,https://aanclinic.com,45177,1,0,127.0400155,37.522827399999997,JDQ4MTg4MSM1MSMkMiMkOCMkMDAkMzgxMTkxIzMxIyQyIyQ3IyQwMCQyNjEwMDIjNzEjJDEjJDgjJDgz
더원성형외과의원,의원,서울,강남구,신사동,"서울특별시 강남구 압구정로28길 40, (신사동, 신사동 더원 빌딩 2층일부, 3층)",512-3452,http://www.theoneclinic.co.kr/,39143,1,0,127.0274897,37.523948699999998,JDQ4MTg4MSM1MSMkMiMkNCMkMDAkMzgxNzAyIzExIyQxIyQ3IyQ3OSQyNjEwMDIjNjEjJDEjJDQjJDgz
더제이의원,의원,서울,강남구,논현동,"서울특별시 강남구 학동로 337, H타워 7층 (논현동)",02-1577-7051,www.thejskin.com,41687,1,0,127.0399436,37.517076500000002,JDQ4MTg4MSM1MSMkMiMkNCMkMDAkNDgxMTkxIzExIyQxIyQ3IyQ4OSQzNjEwMDIjNDEjJDEjJDgjJDgz
더피크의원,의원,서울,강남구,청담동,"서울특별시 강남구 도산대로57길 8, 승원빌딩 5층 (청담동)",02-6953-5874,http://thepeakclinic.com,45730,1,0,127.0414545,37.524140500000001,JDQ4MTg4MSM1MSMkMiMkOCMkMDAkMzgxMTkxIzExIyQxIyQzIyQ2MiQzNjEyMjIjNzEjJDEjJDgjJDgz
델픽의원,의원,서울,강남구,논현동,"서울특별시 강남구 강남대로 476, urbanhive 2층 (논현동)",02-511-8818,https://www.delphic.co.kr,45511,2,0,127.0248029,37.504915799999999,JDQ4MTg4MSM1MSMkMiMkOCMkMDAkMzgxOTYxIzMxIyQxIyQ3IyQ5MiQyNjE0ODEjNTEjJDEjJDIjJDgz
도곡리더스피부과의원,의원,서울,강남구,도곡동,"서울특별시 강남구 언주로30길 21, 2층 203호 (도곡동, 아카데미스위트)",02-575-2300,http://www.beautyleader.co.kr,43102,2,2,127.0520107,37.488901800000001,JDQ4MTg4MSM1MSMkMiMkNCMkMDAkMzgxMTkxIzUxIyQyIyQxIyQwMCQzNjE4MzIjNjEjJDEjJDQjJDgz
드림피부과의원,의원,서울,강남구,신사동,"서울특별시 강남구 압구정로 152, 302호 (신사동)",02-546-1613,http://www.dreamskin.co.kr/korean/index.asp,36557,2,2,127.0260696,37.525566099999999,JDQ4MTg4MSM1MSMkMiMkMCMkMDAkNTgxMzUxIzQxIyQxIyQ3IyQ3MiQzNjEyMjIjNjEjJDEjJDAjJDgz
디마레의원,의원,서울,강남구,역삼동,"서울특별시 강남구 봉은사로 116, 은성빌딩 2층 (역삼동)",02-511-4414,http://www.dimare.co.kr/,42317,1,0,127.0264135,37.504752799999999,JDQ4MTg4MSM1MSMkMiMkNCMkMDAkNDgxOTYxIzUxIyQxIyQxIyQ3OSQyNjE4MzIjNzEjJDEjJDgjJDgz
디바성형외과의원,의원,서울,강남구,논현동,"서울특별시 강남구 강남대로 584, 7층 (논현동, 운산빌딩)",02-542-7002,http://www.diva-ps.com,42311,1,0,127.02063510000001,37.513939200000003,JDQ4MTg4MSM1MSMkMiMkNCMkMDAkNDgxMzUxIzUxIyQxIyQxIyQ3MiQyNjE0ODEjNTEjJDEjJDYjJDgz
디아더피부과의원,의원,서울,강남구,신사동,"서울특별시 강남구 도산대로 307, 5층 (신사동)",02-6949-2790,http://theotherskin.com,46134,1,1,127.0349155,37.522279699999999,JDQ4MTg4MSM1MSMkMiMkOCMkMDAkMzgxMTkxIzQxIyQxIyQ3IyQ5OSQyNjEwMDIjNjEjJDEjJDgjJDgz
디알피부과의원,의원,서울,강남구,청담동,"서울특별시 강남구 도산대로 404, 퍼스트빌딩 4층 (청담동)",02-561-1675,http://www.majorskin.co.kr,39695,1,1,127.0398603,37.522927199999998,JDQ4MTg4MSM1MSMkMiMkNCMkMDAkMzgxNzAyIzUxIyQxIyQ1IyQ4MiQyNjEwMDIjNDEjJDEjJDQjJDgz
디앤에이피부과의원,의원,서울,강남구,신사동,"서울특별시 강남구 언주로 871, 호산병원 A동 5층 (신사동)",02-3444-1003,http://www.dnaskin.co.kr,40542,1,1,127.0333541,37.5285704,JDQ4MTg4MSM1MSMkMiMkMCMkMDAkNTgxMzUxIzUxIyQxIyQxIyQ2MiQyNjE4MzIjODEjJDEjJDYjJDgz
디유성형외과의원,의원,서울,강남구,역삼동,"서울특별시 강남구 테헤란로 105, 13층 (역삼동)",02-562-0507,https://www.duprs.com,45765,1,0,127.0285428,37.498646000000001,JDQ4MTg4MSM1MSMkMiMkOCMkMDAkMzgxMTkxIzExIyQxIyQ3IyQ2MiQ0NjE0ODEjNDEjJDEjJDQjJDgz
라메스피부과의원,의원,서울,강남구,역삼동,"서울특별시 강남구 언주로 563, 401동 118,119,120호 (역삼동)",02-549-5052,http://,40669,1,1,127.0381514,37.507931900000003,JDQ4MTg4MSM1MSMkMiMkNCMkMDAkNDgxOTYxIzIxIyQxIyQ1IyQ4OSQzNjEwMDIjODEjJDEjJDYjJDgz
라엘르의원,의원,서울,강남구,대치동,"서울특별시 강남구 선릉로86길 15, 현대선릉 GOLD TOWER 4층 404호 (대치동)",02-3288-3756,http://www.jnd7.com,39581,1,0,127.0508605,37.503531500000001,JDQ4MTg4MSM1MSMkMiMkNCMkMDAkMzgxNzAyIzUxIyQxIyQxIyQ4OSQzNjEwMDIjNDEjJDEjJDQjJDgz
라움성형외과의원,의원,서울,강남구,신사동,"서울특별시 강남구 논현로 848, 서경대학교,12층 일부 (신사동)",02-549-7788,http://www.raumps.com,40022,1,0,127.02885879999999,37.524570500000003,JDQ4MTg4MSM1MSMkMiMkMCMkMDAkNDgxOTYxIzIxIyQyIyQxIyQwMCQyNjEwMDIjNDEjJDEjJDgjJDgz
라인앤뷰의원,의원,서울,강남구,신사동,"서울특별시 강남구 도산대로 119, 12층 (신사동)",02-1600-9833,https://www.linenview.com/,43697,2,0,127.0214762,37.517322499999999,JDQ4MTg4MSM1MSMkMiMkNCMkMDAkNTgxMzUxIzExIyQxIyQzIyQ3MiQzNjE0ODEjNzEjJDEjJDgjJDgz
라프린의원,의원,서울,강남구,청담동,"서울특별시 강남구 삼성로 709, 지하1층,1층,6층일부 (청담동)",517-7811,laprinps.com,41589,1,0,127.0495363,37.5194306,JDQ4MTg4MSM1MSMkMiMkNCMkMDAkNDgxMzUxIzExIyQxIyQ3IyQ5OSQyNjE0ODEjNzEjJDEjJDgjJDgz
레스트의원,의원,서울,강남구,청담동,"서울특별시 강남구 선릉로158길 12, 3~4층 (청담동)",02-6951-2522,https://rest-clinic.com/,45769,1,0,127.0410317,37.525358900000001,JDQ4MTg4MSM1MSMkMiMkOCMkMDAkMzgxMTkxIzExIyQyIyQ3IyQwMCQyNjE0ODEjNzEjJDEjJDgjJDgz
레이디유로비뇨기과의원,의원,서울,강남구,논현동,"서울특별시 강남구 강남대로 606, 6층 (논현동)",,http://www.ladyuro.com/,37124,1,0,127.0201694,37.515875700000002,JDQ4MTg4MSM1MSMkMiMkMCMkMDAkNTgxMzUxIzExIyQxIyQzIyQ2MiQzNjEwMDIjNjEjJDEjJDAjJDgz
레이어의원,의원,서울,강남구,신사동,"서울특별시 강남구 압구정로 162, 베네하임시티 4층 405, 406호 (신사동)",02-3444-1011,https://www.layerclinic.com/,46182,1,0,127.0274689,37.526332699999998,JDQ4MTg4MSM1MSMkMiMkOCMkMDAkMzgxMTkxIzUxIyQxIyQxIyQ4OSQyNjE0ODEjNzEjJDEjJDgjJDgz
로렌의원,의원,서울,강남구,신사동,"서울특별시 강남구 강남대로 616, 신사미타워 17층 (신사동)",02-561-5773,http://www.laurenclinic.com,43924,1,0,127.0198235,37.516843700000003,JDQ4MTg4MSM1MSMkMiMkNCMkMDAkNDgxMzUxIzExIyQxIyQzIyQ4MiQzNjEwMDIjNDEjJDEjJDgjJDgz
로얄라인의원,의원,서울,강남구,논현동,"서울특별시 강남구 강남대로 562, KM강남빌딩 4층 (논현동)",02-540-8868,http://www.ryline-clinic.com,45177,1,0,127.0212815,37.512186399999997,JDQ4MTg4MSM1MSMkMiMkOCMkMDAkMzgxOTYxIzExIyQxIyQ3IyQ3MiQzNjEyMjIjNjEjJDEjJDQjJDgz
로웰성형외과의원,의원,서울,강남구,역삼동,"서울특별시 강남구 테헤란로 121, 원빌딩 8~9층 (역삼동)",0507-1471-1454,http://www.lowellprs.com,45358,2,0,127.03107540000001,37.499420999999998,JDQ4MTg4MSM1MSMkMiMkOCMkMDAkMzgxOTYxIzIxIyQxIyQ5IyQ5OSQzNjEwMDIjNjEjJDEjJDAjJDgz
루미에의원,의원,서울,강남구,역삼동,"서울특별시 강남구 강남대로 446, (역삼동, 6층일부)",558-8275,http://lumieskin.com/,39954,2,0,127.0259642,37.502400299999998,JDQ4MTg4MSM1MSMkMiMkNCMkMDAkMzgxMTkxIzIxIyQxIyQxIyQ2MiQzNjE4MzIjNjEjJDEjJDAjJDgz
루아베피부과의원,의원,서울,강남구,청담동,"서울특별시 강남구 도산대로 435, 삼이빌딩 5층 (청담동)",02-3444-7577,https://www.louave.com,45853,1,1,127.04330880000001,37.524041400000002,JDQ4MTg4MSM1MSMkMiMkOCMkMDAkMzgxMTkxIzQxIyQxIyQ3IyQwMyQzNjEwMDIjNTEjJDEjJDIjJDgz
루피엘의원,의원,서울,강남구,논현동,"서울특별시 강남구 선릉로 669, 상경빌딩 7층 (논현동)",02-516-8890,http://www.lupiel.co.kr,45876,2,0,127.041237,37.516637899999999,JDQ4MTg4MSM1MSMkMiMkOCMkMDAkMzgxMTkxIzIxIyQxIyQ1IyQ4OSQyNjEyMjIjNDEjJDEjJDgjJDgz
루호성형외과의원,의원,서울,강남구,신사동,"서울특별시 강남구 강남대로 616, 신사미타워 4층,701호층 (신사동)",516-0013,https://www.luho.kr,41085,4,0,127.0198235,37.516843700000003,JDQ4MTg4MSM1MSMkMiMkNCMkMDAkMzgxNzAyIzMxIyQxIyQzIyQ4OSQzNjEyMjIjODEjJDEjJDYjJDgz
르디테의원,의원,서울,강남구,신사동,"서울특별시 강남구 도산대로 121, YK타워 4층 (신사동)",02-6085-0578,https://ledetail.kr,46149,1,0,127.0217421,37.517415399999997,JDQ4MTg4MSM1MSMkMiMkOCMkMDAkMzgxMTkxIzQxIyQxIyQ3IyQ3MiQyNjEyMjIjNjEjJDEjJDgjJDgz
르모아의원,의원,서울,강남구,역삼동,"서울특별시 강남구 선릉로 301, 201호 (역삼동)",02-565-2486,https://lemoirclinic.com,45699,1,0,127.0524695,37.496482200000003,JDQ4MTg4MSM1MSMkMiMkOCMkMDAkMzgxOTYxIzUxIyQxIyQ1IyQwMyQ0NjE0ODEjNjEjJDEjJDAjJDgz
리나여성의원,의원,서울,강남구,도곡동,"서울특별시 강남구 남부순환로 2609, 하늘빌딩 401호 (도곡동)",02-577-2025,https://rena-clinic.com,45853,1,0,127.0351301,37.484980200000003,JDQ4MTg4MSM1MSMkMiMkOCMkMDAkMzgxMTkxIzIxIyQxIyQxIyQ4MiQzNjEwMDIjNjEjJDEjJDgjJDgz
리더스피부과의원,의원,서울,강남구,청담동,"서울특별시 강남구 도산대로 409, S&S TOWER 4,5층 (청담동)",02-2088-7828,http://www.beautyleader.co.kr,44921,1,1,127.04048539999999,37.523712699999997,JDQ4MTg4MSM1MSMkMiMkNCMkMDAkNDgxMzUxIzIxIyQxIyQ5IyQ2MiQzNjEwMDIjNDEjJDEjJDgjJDgz
리드미피부과의원,의원,서울,강남구,대치동,"서울특별시 강남구 도곡로 409, 402호 (대치동)",02-567-9357,http://www.menmi.co.kr/,38719,1,1,127.05517999999999,37.497387400000001,JDQ4MTg4MSM1MSMkMiMkNCMkMDAkMzgxMTkxIzIxIyQxIyQ5IyQ5MiQyNjEyMjIjODEjJDEjJDIjJDgz
리디아여성의원,의원,서울,강남구,역삼동,"서울특별시 강남구 강남대로 432, 8층 801호 (역삼동, 점프밀라노)",02-3482-2300,http://www.luceclinic.kr,42201,1,0,127.0266249,37.501235000000001,JDQ4MTg4MSM1MSMkMiMkNCMkMDAkMzgxNzAyIzIxIyQyIyQxIyQwMCQzNjEwMDIjNjEjJDEjJDgjJDgz
리디안의원,의원,서울,강남구,신사동,"서울특별시 강남구 논현로 836, 2,4층 (신사동)",02-6959-5508,www.lydianc.com,43775,1,0,127.0286162,37.523074600000001,JDQ4MTg4MSM1MSMkMiMkNCMkMDAkMzgxMzUxIzIxIyQyIyQ1IyQwMCQzNjE4MzIjNTEjJDEjJDIjJDgz
리무브의원,의원,서울,강남구,역삼동,"서울특별시 강남구 봉은사로 110, 6층 (역삼동)",02-2038-8037,https://removeclinic.com/,46135,1,0,127.0258189,37.504580400000002,JDQ4MTg4MSM1MSMkMiMkNCMkMDAkNTgxOTYxIzUxIyQxIyQxIyQ3OSQzNjEwMDIjNjEjJDEjJDQjJDgz
리본성형외과의원,의원,서울,강남구,논현동,"서울특별시 강남구 도산대로 110, 케이비엘 센터 2층 (논현동)",02-543-3355,http://www.rebornps.com,37271,2,0,127.0210472,37.516274899999999,JDQ4MTg4MSM1MSMkMiMkNCMkMDAkMzgxMzUxIzMxIyQxIyQ3IyQxMyQyNjEwMDIjNjEjJDEjJDgjJDgz
리앤웰성형외과의원,의원,서울,강남구,역삼동,"서울특별시 강남구 테헤란로 216, 신웅타워 4층 (역삼동)",02-6228-6886,https://www.reandwell.com,46013,1,0,127.0401789,37.501434000000003,JDQ4MTg4MSM1MSMkMiMkOCMkMDAkMzgxMTkxIzMxIyQxIyQzIyQ3OSQ0NjE0ODEjNjEjJDEjJDgjJDgz
리얼리성형외과의원,의원,서울,강남구,역삼동,"서울특별시 강남구 강남대로 422, 7층 (역삼동)",02-553-2500,https://www.realeeps.com,45908,1,0,127.0270069,37.500400800000001,JDQ4MTg4MSM1MSMkMiMkOCMkMDAkMzgxMTkxIzIxIyQxIyQ1IyQ4MiQyNjEwMDIjNDEjJDEjJDQjJDgz
리연케이의원,의원,서울,강남구,신사동,"서울특별시 강남구 언주로172길 64, 지하1층일부, 3층, 4층일부 (신사동)",558-5581,http://gigibe.co.kr,41360,3,0,127.0390321,37.526662199999997,JDQ4MTg4MSM1MSMkMiMkNCMkMDAkMzgxNzAyIzMxIyQxIyQ3IyQxMyQzNjEwMDIjNjEjJDEjJDQjJDgz
리오브피부과의원,의원,서울,강남구,신사동,"서울특별시 강남구 압구정로36길 8, 3층 (신사동)",02-6958-8815,https://reorbskin.com,46094,1,1,127.0313402,37.527962000000002,JDQ4MTg4MSM1MSMkMiMkOCMkMDAkMzgxMTkxIzMxIyQxIyQ3IyQ2MiQyNjE0ODEjNjEjJDEjJDgjJDgz
리올의원,의원,서울,강남구,논현동,"서울특별시 강남구 도산대로 138, 11층 (논현동)",02-6952-1630,https://www.liolclinic.com,45763,2,0,127.0238282,37.517475400000002,JDQ4MTg4MSM1MSMkMiMkOCMkMDAkMzgxMTkxIzExIyQxIyQ3IyQ5OSQzNjE0ODEjNTEjJDEjJDIjJDgz
리프톤피부과의원,의원,서울,강남구,신사동,"서울특별시 강남구 도산대로 119, 8층 9층 (신사동)",02-6677-6300,https://www.liftonskin.com,45251,5,3,127.0214762,37.517322499999999,JDQ4MTg4MSM1MSMkMiMkOCMkMDAkMzgxOTYxIzIxIyQyIyQxIyQwMCQyNjEyMjIjNjEjJDEjJDAjJDgz
리핏의원,의원,서울,강남구,삼성동,"서울특별시 강남구 테헤란로 443, 애플트리타워 2층 (삼성동)",02-501-3288,https://www.cellinclinic7.com/,45579,1,0,127.0556179,37.506953299999999,JDQ4MTg4MSM1MSMkMiMkOCMkMDAkMzgxOTYxIzQxIyQxIyQ3IyQ5MiQ0NjEwMDIjNTEjJDEjJDIjJDgz
린의원,의원,서울,강남구,청담동,"서울특별시 강남구 압구정로 450, 4,5층 (청담동)",02-3448-3003,http://www.lyhnclinic.com,39127,1,0,127.0459498,37.525896000000003,JDQ4MTg4MSM1MSMkMiMkNCMkMDAkMzgxNzAyIzExIyQxIyQ3IyQ5OSQ0NjEwMDIjNjEjJDEjJDQjJDgz
릴리브의원,의원,서울,강남구,신사동,"서울특별시 강남구 논현로 842, 압구정빌딩 6층 (신사동)",02-2138-2775,https://www.relieveclinic.co.kr,45645,1,0,127.0287459,37.524050899999999,JDQ4MTg4MSM1MSMkMiMkOCMkMDAkMzgxOTYxIzUxIyQxIyQ1IyQ3OSQyNjE4MzIjNjEjJDEjJDQjJDgz
림피부과의원,의원,서울,강남구,신사동,"서울특별시 강남구 압구정로28길 14, 4층 (신사동)",02-545-3462,http://www.mineskin.com,44959,1,1,127.0276016,37.5257127,JDQ4MTg4MSM1MSMkMiMkMCMkMDAkNDgxNzAyIzMxIyQxIyQ3IyQ2MiQzNjEwMDIjNzEjJDEjJDgjJDgz
마시멜로의원,의원,서울,강남구,청담동,"서울특별시 강남구 선릉로158길 5, 4,5층 (청담동)",02-3443-7878,http://www.msmskin.co.kr/,39902,1,0,127.0405616,37.525753799999997,JDQ4MTg4MSM1MSMkMiMkNCMkMDAkMzgxMTkxIzIxIyQxIyQ1IyQ4OSQyNjE4MzIjNjEjJDEjJDgjJDgz
마이디피부과의원,의원,서울,강남구,도곡동,"서울특별시 강남구 강남대로 242, 크리스탈빌딩 4층 (도곡동)",576-5033,http://www.mydskin.co.kr/,40214,1,1,127.0341031,37.485373000000003,JDQ4MTg4MSM1MSMkMiMkNCMkMDAkNDgxOTYxIzExIyQxIyQzIyQwMyQzNjEwMDIjNDEjJDEjJDgjJDgz
마이셀의원,의원,서울,강남구,논현동,"서울특별시 강남구 도산대로 108, 7층,8층 (논현동)",02-568-5959,https://mycell.co.kr/,45546,3,0,127.0206793,37.516188700000001,JDQ4MTg4MSM1MSMkMiMkMCMkMDAkNTgxMzUxIzIxIyQxIyQxIyQ5MiQyNjE4MzIjNTEjJDEjJDIjJDgz
마이어스의원,의원,서울,강남구,청담동,"서울특별시 강남구 삼성로 766, 유림빌딩 6층 (청담동)",02-544-4913,http://myers.co.kr/xe/index.php,40821,2,0,127.0482153,37.523264300000001,JDQ4MTg4MSM1MSMkMiMkNCMkMDAkMzgxOTYxIzMxIyQxIyQzIyQ4OSQyNjEyMjIjNjEjJDEjJDQjJDgz
마이피부과의원,의원,서울,강남구,삼성동,"서울특별시 강남구 테헤란로87길 13, 4층 (삼성동, 서영빌딩)",02-3453-7500,http://www.miclinic.net/,36987,2,2,127.0586131,37.508636099999997,JDQ4MTg4MSM1MSMkMiMkNCMkMDAkMzgxOTYxIzUxIyQxIyQxIyQ3OSQyNjEyMjIjNzEjJDEjJDgjJDgz
마인성형외과의원,의원,서울,강남구,신사동,"서울특별시 강남구 논현로 813, (신사동, 지하1층,3층,4층,5층,6층)",516-1175,http://www.mineps.com,40707,1,0,127.0276396,37.5212389,JDQ4MTg4MSM1MSMkMiMkNCMkMDAkNDgxOTYxIzIxIyQxIyQ1IyQ2MiQyNjE0ODEjNDEjJDEjJDQjJDgz
매직피부과의원,의원,서울,강남구,역삼동,"서울특별시 강남구 테헤란로 328, 동우빌딩 4층 (역삼동)",02-3453-3114,http://www.emagicskin.com,37244,1,1,127.0476984,37.503715100000001,JDQ4MTg4MSM1MSMkMiMkMCMkMDAkNTgxOTYxIzUxIyQyIyQ1IyQwMCQyNjE0ODEjODEjJDEjJDYjJDgz
맥스웰피부과의원,의원,서울,강남구,역삼동,"서울특별시 강남구 테헤란로 120, 상경빌딩 10,11층 (역삼동)",02-566-5824,http://www.maxwellhair.co.kr,39640,4,1,127.0309467,37.498617199999998,JDQ4MTg4MSM1MSMkMiMkNCMkMDAkMzgxNzAyIzUxIyQxIyQxIyQxMyQzNjEwMDIjODEjJDEjJDIjJDgz
메가그라프트성형외과의원,의원,서울,강남구,신사동,"서울특별시 강남구 압구정로 158, 진우빌딩 3층 (신사동)",02-3444-0831,https://www.megagraft.com,45707,1,0,127.0269935,37.5262046,JDQ4MTg4MSM1MSMkMiMkNCMkMDAkNDgxMzUxIzIxIyQxIyQxIyQxMyQyNjE4MzIjODEjJDEjJDYjJDgz
메리성형외과의원,의원,서울,강남구,신사동,"서울특별시 강남구 논현로175길 6, 4층 A호 (신사동)",02-512-0799,https://www.merryps.com/,45137,1,0,127.02793560000001,37.526372000000002,JDQ4MTg4MSM1MSMkMiMkOCMkMDAkMzgxOTYxIzExIyQxIyQzIyQxMyQyNjEyMjIjNjEjJDEjJDQjJDgz
메이드유의원,의원,서울,강남구,논현동,"서울특별시 강남구 강남대로 516, 제아메디컬빌딩 2, 3, 4층 (논현동)",02-547-4711,www.madeu.co.kr/,43642,1,0,127.0231572,37.508274299999997,JDQ4MTg4MSM1MSMkMiMkNCMkMDAkNDgxOTYxIzMxIyQxIyQ3IyQ5MiQzNjE4MzIjODEjJDEjJDIjJDgz
메종프리베의원,의원,서울,강남구,신사동,"서울특별시 강남구 논현로158길 6, 2~5층 (신사동)",02-515-9889,http://www.drosclinic.com/new2012,38702,5,0,127.0288024,37.521994800000002,JDQ4MTg4MSM1MSMkMiMkNCMkMDAkMzgxOTYxIzExIyQxIyQ3IyQ4MiQzNjEyMjIjODEjJDEjJDYjJDgz
멘토의원,의원,서울,강남구,대치동,"서울특별시 강남구 삼성로 314, (대치동, 보양빌딩 5층일부)",02-552-4080,http://www.mentorclinic.co.kr/,39673,1,0,127.06063949999999,37.500039800000003,JDQ4MTg4MSM1MSMkMiMkNCMkMDAkMzgxNzAyIzExIyQxIyQ3IyQ4OSQ0NjEwMDIjODEjJDEjJDIjJDgz
모던스탠다드의원,의원,서울,강남구,역삼동,"서울특별시 강남구 강남대로 458, 남영빌딩 3, 4층 (역삼동)",02-6232-5732,https://modern-standard.co.kr,45538,1,0,127.0254743,37.503418500000002,JDQ4MTg4MSM1MSMkMiMkOCMkMDAkMzgxOTYxIzQxIyQxIyQ3IyQ2MiQyNjEyMjIjNTEjJDEjJDYjJDgz
모델로피부과의원,의원,서울,강남구,청담동,"서울특별시 강남구 압구정로60길 21, 분더샵 청담A N관 5층 (청담동)",02-591-5851,http://www.modelo.co.kr,38169,1,1,127.04196210000001,37.525874600000002,JDQ4MTg4MSM1MSMkMiMkMCMkMDAkNTgxOTYxIzQxIyQxIyQ3IyQwMyQzNjE4MzIjNDEjJDEjJDQjJDgz
모두모의원,의원,서울,강남구,논현동,"서울특별시 강남구 강남대로 584, 성일빌딩 5층 (논현동)",02-591-9559,https://mdmclinic.com/,42447,1,0,127.02063510000001,37.513939200000003,JDQ4MTg4MSM1MSMkMiMkOCMkMDAkMzgxMTkxIzMxIyQxIyQ3IyQ3OSQzNjE4MzIjNjEjJDEjJDAjJDgz
모리의원,의원,서울,강남구,역삼동,"서울특별시 강남구 선릉로 431, 에스케이허브오피스텔 301,302,303호 (역삼동)",02-562-8878,http://www.clicktalmo.com,42039,1,0,127.0491411,37.503457400000002,JDQ4MTg4MSM1MSMkMiMkNCMkMDAkMzgxNzAyIzUxIyQyIyQ1IyQwMCQzNjE4MzIjNzEjJDEjJDgjJDgz
모리치피부과의원,의원,서울,강남구,신사동,"서울특별시 강남구 논현로175길 6, 2층 (신사동)",02-518-6888,http://richhair.com/,37384,1,1,127.02793560000001,37.526372000000002,JDQ4MTg4MSM1MSMkMiMkNCMkMDAkMzgxMzUxIzIxIyQxIyQ1IyQwMyQyNjE0ODEjNDEjJDEjJDgjJDgz
모제림성형외과의원,의원,서울,강남구,신사동,"서울특별시 강남구 논현로 842, 압구정빌딩 5,7층 (신사동)",1600-5827,http://www.hairdoc.co.kr,38260,17,1,127.0287459,37.524050899999999,JDQ4MTg4MSM1MSMkMiMkNCMkMDAkMzgxOTYxIzUxIyQxIyQxIyQ5OSQzNjEwMDIjNjEjJDEjJDgjJDgz
모힐의원,의원,서울,강남구,신사동,"서울특별시 강남구 논현로 833, 505호 (신사동, 재경빌딩)",1899-7527,www.moheal.co.kr,41976,1,0,127.02791000000001,37.522835800000003,JDQ4MTg4MSM1MSMkMiMkNCMkMDAkNDgxMTkxIzUxIyQxIyQxIyQ2MiQyNjE0ODEjNzEjJDEjJDgjJDgz
몬스터의원,의원,서울,강남구,신사동,"서울특별시 강남구 압구정로30길 16, 아크힐즈16 4, 6층 (신사동)",02-543-2488,http://www.monsterclinic.com,44943,1,0,127.0290645,37.526441900000002,JDQ4MTg4MSM1MSMkMiMkOCMkMDAkMzgxMzUxIzUxIyQxIyQxIyQ2MiQzNjE0ODEjNDEjJDEjJDgjJDgz
뮤즈의원,의원,서울,강남구,역삼동,"서울특별시 강남구 강남대로 452, 대연빌딩 2~5층 (역삼동)",02-1544-2994,http://museclinic.co.kr/,41373,2,0,127.0257154,37.502857900000002,JDQ4MTg4MSM1MSMkMiMkNCMkMDAkNDgxMTkxIzExIyQxIyQ3IyQ3MiQyNjEwMDIjODEjJDEjJDIjJDgz
미드나잇의원,의원,서울,강남구,논현동,"서울특별시 강남구 학동로20길 66, 2,3층 (논현동)",02-515-7585,https://www.midnightclinic.co.kr,45644,1,0,127.02656140000001,37.509869500000001,JDQ4MTg4MSM1MSMkMiMkOCMkMDAkMzgxOTYxIzUxIyQxIyQ1IyQ3OSQyNjEyMjIjNzEjJDEjJDgjJDgz
미사랑성형외과의원,의원,서울,강남구,논현동,"서울특별시 강남구 강남대로 526, 13,14층 (논현동)",02-1577-7765,http://www.eoprs.co.kr,37812,1,0,127.0227162,37.509160299999998,JDQ4MTg4MSM1MSMkMiMkMCMkMDAkNTgxMzUxIzUxIyQyIyQxIyQwMCQzNjE4MzIjNjEjJDEjJDAjJDgz
미샹떼의원,의원,서울,강남구,신사동,"서울특별시 강남구 논현로 826, 제이와이(JY빌딩) 5층 (신사동)",02-5664-7588,http://www.cosmetic.or.kr/,43388,1,0,127.0285624,37.522236900000003,JDQ4MTg4MSM1MSMkMiMkNCMkMDAkMzgxMTkxIzUxIyQxIyQxIyQwMyQyNjEyMjIjNDEjJDEjJDgjJDgz
미오의원,의원,서울,강남구,역삼동,"서울특별시 강남구 강남대로 372, FINE TOWER 2층 (역삼동)",02-558-5550,https://www.mioclinic.co.kr/,46170,1,0,127.0290705,37.496034999999999,JDQ4MTg4MSM1MSMkMiMkOCMkMDAkMzgxMTkxIzQxIyQxIyQ3IyQxMyQyNjE4MzIjNTEjJDEjJDYjJDgz
미인피부과의원,의원,서울,강남구,청담동,"서울특별시 강남구 압구정로 461, 210호 (청담동, 네이처 포엠)",02-594-3375,http://www.meinclinic.com/,42398,1,1,127.0472279,37.525274000000003,JDQ4MTg4MSM1MSMkMiMkNCMkMDAkMzgxOTYxIzIxIyQyIyQxIyQwMCQzNjEwMDIjNjEjJDEjJDQjJDgz
미큐의원,의원,서울,강남구,역삼동,"서울특별시 강남구 강남대로 354, 혜천빌딩 1303호 (역삼동)",313-4566,http://www.miqclinic.com,40631,1,0,127.0297456,37.494662499999997,JDQ4MTg4MSM1MSMkMiMkNCMkMDAkMzgxMTkxIzIxIyQxIyQxIyQ2MiQzNjEwMDIjODEjJDEjJDIjJDgz
미파문피부과의원,의원,서울,강남구,역삼동,"서울특별시 강남구 강남대로 468, 5층 (역삼동, 충림빌딩)",02-564-2065,http://mifamoon.com/moon/,40854,1,1,127.0251636,37.504159799999996,JDQ4MTg4MSM1MSMkMiMkNCMkMDAkMzgxMzUxIzQxIyQxIyQ3IyQ4OSQyNjE4MzIjNDEjJDEjJDgjJDgz
민의원,의원,서울,강남구,논현동,"서울특별시 강남구 도산대로 326, 대동타워 4층 (논현동)",02-515-2119,http://www.min-clinic.co.kr,40150,3,0,127.037756,37.522354200000002,JDQ4MTg4MSM1MSMkMiMkNCMkMDAkNDgxOTYxIzExIyQxIyQzIyQ4OSQzNjE4MzIjNjEjJDEjJDgjJDgz
바바성형외과의원,의원,서울,강남구,논현동,"서울특별시 강남구 강남대로 498, 명성빌딩 4~6층 (논현동)",02-6207-8570,https://vavaps.com/,45545,4,0,127.0238928,37.506695499999999,JDQ4MTg4MSM1MSMkMiMkOCMkMDAkMzgxOTYxIzQxIyQxIyQ3IyQ5OSQ0NjEwMDIjNjEjJDEjJDgjJDgz
바탕성형외과의원,의원,서울,강남구,논현동,"서울특별시 강남구 강남대로 476, (논현동, 7층)",02-517-5953,https://www.batangps.com,41486,2,0,127.0248029,37.504915799999999,JDQ4MTg4MSM1MSMkMiMkOCMkMDAkMzgxOTYxIzIxIyQxIyQ5IyQ2MiQzNjEyMjIjNzEjJDEjJDgjJDgz
박소아청소년과의원,의원,서울,강남구,수서동,"서울특별시 강남구 광평로19길 10, 205호 (수서동, 까치마을상가)",02-226-1223,http://,35348,1,0,127.0878214,37.484988399999999,JDQ4MTg4MSM1MSMkMiMkMCMkMDAkNDgxMzUxIzUxIyQxIyQ1IyQxMyQ0NjEwMDIjODEjJDEjJDYjJDgz
밸런스랩성형외과의원,의원,서울,강남구,신사동,"서울특별시 강남구 도산대로 109, 동원빌딩 3,4층 (신사동)",1661-8581,http://balancelab.kr,45001,5,0,127.0205249,37.516869100000001,JDQ4MTg4MSM1MSMkMiMkOCMkMDAkMzgxMzUxIzUxIyQyIyQ1IyQwMCQyNjE0ODEjNzEjJDEjJDgjJDgz
베리굿피부과의원,의원,서울,강남구,신사동,"서울특별시 강남구 논현로 841, (신사동, 제이비 미소빌딩 306호)",02-514-3880,http://www.hdhskin.com,42466,1,1,127.027762,37.5240297,JDQ4MTg4MSM1MSMkMiMkMCMkMDAkNDgxMzUxIzQxIyQxIyQ3IyQwMyQzNjE0ODEjODEjJDEjJDIjJDgz
벧엘피부과의원,의원,서울,강남구,역삼동,"서울특별시 강남구 봉은사로 310, 5층 (역삼동)",02-532-3110,http://bethelskin.com,43040,2,2,127.0409847,37.509167900000001,JDQ4MTg4MSM1MSMkMiMkNCMkMDAkNDgxMzUxIzExIyQxIyQ3IyQ4MiQzNjEyMjIjNjEjJDEjJDQjJDgz
벨로의원,의원,서울,강남구,신사동,"서울특별시 강남구 도산대로 111, S-TOWER 7,8,9층 (신사동)",02-545-1202,https://www.belloclinic.com,45623,3,0,127.020708,37.516965200000001,JDQ4MTg4MSM1MSMkMiMkOCMkMDAkMzgxOTYxIzUxIyQxIyQxIyQ5MiQyNjEwMDIjNTEjJDEjJDYjJDgz
벨리시모의원,의원,서울,강남구,청담동,"서울특별시 강남구 도산대로 409, S&S TOWER 11층 (청담동)",02-3448-7582,http://www.pgmclinic.com,44622,3,0,127.04048539999999,37.523712699999997,JDQ4MTg4MSM1MSMkMiMkNCMkMDAkMzgxNzAyIzExIyQxIyQzIyQ4OSQ0NjEwMDIjNDEjJDEjJDgjJDgz
봉봉성형외과의원,의원,서울,강남구,논현동,"서울특별시 강남구 논현로 657, 1~4층 (논현동, 그린빌딩)",02-542-3100,http://www.bongbongclinic.com,40035,4,0,127.0311145,37.512555800000001,JDQ4MTg4MSM1MSMkMiMkNCMkMDAkNDgxMzUxIzIxIyQyIyQ5IyQwMCQyNjEwMDIjNDEjJDEjJDgjJDgz
브랜뉴의원,의원,서울,강남구,청담동,"서울특별시 강남구 압구정로 437, 청담동일신빌딩 4층 (청담동)",511-3075,http://www.brandnewclinic.com/,40205,3,0,127.0451436,37.526948400000002,JDQ4MTg4MSM1MSMkMiMkNCMkMDAkMzgxNzAyIzMxIyQxIyQzIyQ5MiQzNjE0ODEjNjEjJDEjJDgjJDgz
블리스의원,의원,서울,강남구,신사동,"서울특별시 강남구 언주로 865, 태승빌딩 4~5층 401, 501호 (신사동)",02-556-7575,http://blissclinic.co.kr/,44504,2,0,127.03323949999999,37.527763899999997,JDQ4MTg4MSM1MSMkMiMkOCMkMDAkMzgxMzUxIzIxIyQxIyQxIyQ4OSQyNjEwMDIjNjEjJDEjJDgjJDgz
비아이오성형외과의원,의원,서울,강남구,신사동,"서울특별시 강남구 도산대로 107, 2층, 3층, 4층 / 도산대로1길 107, 2층, 3층, 4층 / 도산대로1길 7, 2층, 3층, 4층 (신사동)",02-535-9000,http://www.biops.kr,43213,8,0,127.0201484,37.516863100000002,JDQ4MTg4MSM1MSMkMiMkMCMkMDAkMzgxNzAyIzQxIyQxIyQ3IyQwMyQzNjEwMDIjNDEjJDEjJDgjJDgz
비알피부과의원,의원,서울,강남구,신사동,"서울특별시 강남구 논현로 857, A857 4층 일부 (신사동)",518-2510,http://www.braunskin.co.kr/,41068,1,1,127.0281157,37.525355300000001,JDQ4MTg4MSM1MSMkMiMkNCMkMDAkNDgxOTYxIzQxIyQxIyQ3IyQxMyQzNjE4MzIjODEjJDEjJDYjJDgz
비앤영의원,의원,서울,강남구,역삼동,"서울특별시 강남구 강남대로 406, GLASS TOWER 6층 (역삼동)",02-593-1003,http://beandyoung.com/,44851,3,0,127.02764519999999,37.498952699999997,JDQ4MTg4MSM1MSMkMiMkNCMkMDAkNDgxOTYxIzUxIyQxIyQxIyQ5OSQyNjEyMjIjNTEjJDEjJDYjJDgz
비티큐의원,의원,서울,강남구,대치동,"서울특별시 강남구 선릉로90길 48, 2층,3층,4층 (대치동)",070-4131-9048,https://www.btq.co.kr,45812,1,0,127.0530851,37.504961199999997,JDQ4MTg4MSM1MSMkMiMkOCMkMDAkMzgxMTkxIzExIyQxIyQ3IyQxMyQ0NjE0ODEjNjEjJDEjJDgjJDgz
뽀드베베의원,의원,서울,강남구,논현동,"서울특별시 강남구 강남대로 598, 7층 (논현동)",02-544-6761,http://www.podbebe.co.kr/,38992,1,0,127.0203715,37.515199199999998,JDQ4MTg4MSM1MSMkMiMkNCMkMDAkNDgxOTYxIzExIyQxIyQzIyQ5MiQyNjEyMjIjODEjJDEjJDYjJDgz
삼성비앤에스의원,의원,서울,강남구,대치동,"서울특별시 강남구 테헤란로 514, 삼흥2빌딩 9층 (대치동)",02-501-4341,bnsclinic.co.kr,41305,1,0,127.0597679,37.5074386,JDQ4MTg4MSM1MSMkMiMkOCMkMDAkMzgxMzUxIzUxIyQxIyQ1IyQ2MiQzNjEyMjIjNTEjJDEjJDYjJDgz
서울ND(엔디)의원,의원,서울,강남구,논현동,"서울특별시 강남구 선릉로 641, 3층 302, 303호 (논현동)",02-3443-9920,http://www.ndcare.kr/,40253,1,0,127.04230769999999,37.513763300000001,JDQ4MTg4MSM1MSMkMiMkNCMkMDAkNDgxMzUxIzQxIyQxIyQ3IyQ3OSQzNjE4MzIjODEjJDEjJDIjJDgz
서울박내과의원,의원,서울,강남구,대치동,"서울특별시 강남구 남부순환로397길 57, 4,5,6층 (대치동, 대치메디칼센터)",02-557-9570,http://www.seoulparkmed.com/,38057,3,0,127.05831689999999,37.493057399999998,JDQ4MTg4MSM1MSMkMiMkNCMkMDAkMzgxOTYxIzIxIyQxIyQ5IyQxMyQyNjEyMjIjNzEjJDEjJDgjJDgz
서울배내과의원,의원,서울,강남구,역삼동,"서울특별시 강남구 논현로 509, 송암II빌딩 2,4층 (역삼동)",02-529-3002,http://doctorbae.co.kr/,41267,3,0,127.03611600000001,37.5019299,JDQ4MTg4MSM1MSMkMiMkNCMkMDAkNDgxOTYxIzUxIyQxIyQ1IyQxMyQzNjE0ODEjNzEjJDEjJDgjJDgz
서울아트라인의원,의원,서울,강남구,청담동,"서울특별시 강남구 압구정로 449, 청하빌딩 4층 (청담동)",02-548-4845,http://www.midameun.com,44076,0,0,127.046539,37.526257999999999,JDQ4MTg4MSM1MSMkMiMkNCMkMDAkMzgxMTkxIzIxIyQxIyQxIyQ4MiQzNjE4MzIjODEjJDEjJDYjJDgz
서울피부과의원,의원,서울,강남구,신사동,"서울특별시 강남구 언주로154길 16, 서울레이저빌딩 3층 (신사동)",02-512-4343,http://www.seoulskin.com/,36837,1,1,127.0346748,37.5232867,JDQ4MTg4MSM1MSMkMiMkMCMkMDAkNTgxOTYxIzExIyQxIyQ3IyQ3MiQyNjE0ODEjNTEjJDEjJDIjJDgz
선릉탑비뇨기과의원,의원,서울,강남구,역삼동,"서울특별시 강남구 선릉로 513, APEXTOWER 3층 (역삼동)",02-556-4090,http://www.topclinic.co.kr,36168,2,0,127.0483291,37.5052789,JDQ4MTg4MSM1MSMkMiMkMCMkMDAkNDgxNzAyIzMxIyQxIyQzIyQ3MiQzNjEyMjIjNjEjJDEjJDgjJDgz
설레임의원,의원,서울,강남구,역삼동,"서울특별시 강남구 강남대로 376, 11층 (역삼동)",511-7674,http://www.gangnamskin.co.kr,40702,2,0,127.02880620000001,37.496574699999996,JDQ4MTg4MSM1MSMkMiMkNCMkMDAkNDgxOTYxIzIxIyQxIyQ1IyQxMyQyNjE4MzIjNDEjJDEjJDgjJDgz
세레스의원,의원,서울,강남구,논현동,"서울특별시 강남구 언주로 720, 지하1,2층 B112~B116,B201~206,B209~221호 (논현동)",02-733-2638,www.auradr.com,40276,3,0,127.0358999,37.518070999999999,JDQ4MTg4MSM1MSMkMiMkNCMkMDAkNDgxMTkxIzMxIyQxIyQ3IyQwMyQzNjEyMjIjNTEjJDEjJDIjJDgz
세븐데이즈성형외과의원,의원,서울,강남구,신사동,"서울특별시 강남구 선릉로161길 8, 계전빌딩 2층 (신사동)",02-508-3888,http://www.my7days.co.kr,40323,1,0,127.0396715,37.527211100000002,JDQ4MTg4MSM1MSMkMiMkMCMkMDAkNTgxMzUxIzExIyQxIyQzIyQwMyQyNjE0ODEjNTEjJDEjJDIjJDgz
세진피부과의원,의원,서울,강남구,신사동,"서울특별시 강남구 언주로172길 30, 3,4 층 (신사동)",02-515-2741,http://www.sejinskin.com,40281,1,1,127.03623709999999,37.527262100000002,JDQ4MTg4MSM1MSMkMiMkNCMkMDAkNDgxMzUxIzQxIyQxIyQ3IyQ5MiQzNjEwMDIjNTEjJDEjJDIjJDgz
셀리에의원,의원,서울,강남구,논현동,"서울특별시 강남구 도산대로 108, 렉스타워 5층 (논현동)",02-6358-0123,https://cellierclinic.com,45967,1,0,127.0206793,37.516188700000001,JDQ4MTg4MSM1MSMkMiMkOCMkMDAkMzgxMTkxIzIxIyQxIyQ5IyQ2MiQyNjEwMDIjNDEjJDEjJDgjJDgz
셀린피부과의원,의원,서울,강남구,논현동,"서울특별시 강남구 학동로 215, 씨엘타워 6층 603호 (논현동)",02-516-1211,http://www.ljh.co.kr,43567,1,1,127.03256829999999,37.514874800000001,JDQ4MTg4MSM1MSMkMiMkNCMkMDAkNDgxOTYxIzMxIyQxIyQzIyQ5MiQzNjE4MzIjNDEjJDEjJDgjJDgz
셀온피부과의원,의원,서울,강남구,청담동,"서울특별시 강남구 선릉로152길 37, 청담동 올리브빌딩 3층 (청담동)",02-546-1112,http://www.4clinic.co.kr,39813,1,1,127.04268089999999,37.524639700000002,JDQ4MTg4MSM1MSMkMiMkNCMkMDAkNDgxMzUxIzExIyQxIyQ3IyQ5OSQyNjE4MzIjNDEjJDEjJDgjJDgz
소요의원,의원,서울,강남구,신사동,"서울특별시 강남구 도산대로 317, 호림아트센터 1빌딩 5층 (신사동)",02-511-0050,http://www.soyoclinic.com,39685,1,0,127.0363445,37.522697600000001,JDQ4MTg4MSM1MSMkMiMkNCMkMDAkMzgxOTYxIzMxIyQxIyQzIyQ3MiQyNjEwMDIjNjEjJDEjJDgjJDgz
순수피부과의원,의원,서울,강남구,대치동,"서울특별시 강남구 남부순환로 3032, 2층 (대치동, 한보상가 203-5호)",02-575-8008,http://www.soonsooskin.com/,37823,1,1,127.0638482,37.494248200000001,JDQ4MTg4MSM1MSMkMiMkNCMkMDAkMzgxOTYxIzExIyQxIyQ3IyQwMyQ0NjE0ODEjNDEjJDEjJDQjJDgz
스마트맨의원,의원,서울,강남구,청담동,"서울특별시 강남구 도산대로 419, 305호 (청담동)",586-5861,http://www.smartmc.co.kr,41703,1,0,127.0416493,37.523847099999998,JDQ4MTg4MSM1MSMkMiMkNCMkMDAkNDgxOTYxIzQxIyQxIyQ3IyQ4OSQzNjEwMDIjNjEjJDEjJDAjJDgz
스타트성형외과의원,의원,서울,강남구,신사동,"서울특별시 강남구 강남대로 616, 신사미타워 14층 (신사동)",02-518-7588,http://www.yonseitop.com/,43378,1,0,127.0198235,37.516843700000003,JDQ4MTg4MSM1MSMkMiMkNCMkMDAkNDgxMzUxIzUxIyQxIyQ1IyQxMyQzNjEwMDIjNDEjJDEjJDQjJDgz
시너지성형외과의원,의원,서울,강남구,신사동,"서울특별시 강남구 도산대로 107, BIO 1층,5층 (신사동)",1577-3153,http://www.ok-babi.com,41059,1,0,127.0201484,37.516863100000002,JDQ4MTg4MSM1MSMkMiMkNCMkMDAkNDgxOTYxIzMxIyQxIyQzIyQ2MiQ0NjE0ODEjODEjJDEjJDIjJDgz
신논현톡스앤필의원,의원,서울,강남구,논현동,"서울특별시 강남구 강남대로 484, HK빌딩 2,3층 (논현동)",02-6951-4882,https://www.toxnfill9.com,45673,6,0,127.0243961,37.505629900000002,JDQ4MTg4MSM1MSMkMiMkOCMkMDAkMzgxOTYxIzUxIyQxIyQ1IyQ3MiQzNjEwMDIjODEjJDEjJDIjJDgz
신사멜로우피부과의원,의원,서울,강남구,논현동,"서울특별시 강남구 도산대로 138, 에스알빌딩 12층 (논현동)",02-548-5007,https://doctormellow-ss.com,45750,2,2,127.0238282,37.517475400000002,JDQ4MTg4MSM1MSMkMiMkOCMkMDAkMzgxMTkxIzExIyQxIyQzIyQxMyQzNjE0ODEjNzEjJDEjJDgjJDgz
신소애여성의원,의원,서울,강남구,역삼동,"서울특별시 강남구 논현로 537, B2층, 2~5층 (역삼동)",02-3453-5712,http://www.sinsoeclinic.com,37702,3,0,127.03496250000001,37.5042574,JDQ4MTg4MSM1MSMkMiMkNCMkMDAkMzgxMzUxIzUxIyQxIyQ1IyQ2MiQzNjEwMDIjNDEjJDEjJDgjJDgz
신유외과의원,의원,서울,강남구,도곡동,"서울특별시 강남구 강남대로 256, 2층 (도곡동, 대우양재디오빌)",02-557-6075,www.sbreast.co.kr,41824,3,0,127.0335456,37.486491600000001,JDQ4MTg4MSM1MSMkMiMkNCMkMDAkNDgxMTkxIzMxIyQxIyQ3IyQ4MiQ0NjE0ODEjNjEjJDEjJDAjJDgz
신학철피부과의원,의원,서울,강남구,대치동,"서울특별시 강남구 삼성로 418, 1~3층 (대치동)",02-501-7575,http://www.doctorlaser.co.kr/,36269,1,1,127.05824370000001,37.504415999999999,JDQ4MTg4MSM1MSMkMiMkMCMkMDAkNDgxOTYxIzIxIyQxIyQxIyQ4OSQyNjE4MzIjNTEjJDEjJDIjJDgz
씨앤피차앤박피부과의원,의원,서울,강남구,신사동,"서울특별시 강남구 압구정로 168, 4층 (신사동)",02-515-2100,http://www.cnpskin.com,37055,1,1,127.02800070000001,37.526629200000002,JDQ4MTg4MSM1MSMkMiMkMCMkMDAkNTgxOTYxIzMxIyQxIyQ3IyQ4OSQzNjE0ODEjODEjJDEjJDIjJDgz
아도의원,의원,서울,강남구,역삼동,"서울특별시 강남구 봉은사로 110, 3,4층 (역삼동)",02-567-4110,https://www.adoclinic.com/,46121,1,0,127.0258189,37.504580400000002,JDQ4MTg4MSM1MSMkMiMkOCMkMDAkMzgxMTkxIzMxIyQxIyQ3IyQwMyQzNjEyMjIjNjEjJDEjJDAjJDgz
아르뜨의원,의원,서울,강남구,논현동,"서울특별시 강남구 도산대로 104, 1st Avenue 15층 (논현동)",0507-1339-1361,http://www.medicalartist.co.kr,41766,1,0,127.0203412,37.516077500000002,JDQ4MTg4MSM1MSMkMiMkNCMkMDAkNDgxOTYxIzExIyQxIyQzIyQ4OSQ0NjE0ODEjNjEjJDEjJDAjJDgz
아메르의원,의원,서울,강남구,논현동,"서울특별시 강남구 논현로 611, 2층 (논현동)",02-541-4151,https://shineyou-gn.co.kr/,45538,1,0,127.0331121,37.508244400000002,JDQ4MTg4MSM1MSMkMiMkOCMkMDAkMzgxOTYxIzQxIyQxIyQ3IyQ4OSQzNjE0ODEjODEjJDEjJDIjJDgz
아이델성형외과의원,의원,서울,강남구,논현동,"서울특별시 강남구 봉은사로 117, 이건빌딩 2층 (논현동)",02-3442-5900,www.idelps.com,43780,2,0,127.0264873,37.505319800000002,JDQ4MTg4MSM1MSMkMiMkNCMkMDAkNTgxOTYxIzExIyQxIyQ3IyQxMyQ0NjE0ODEjNDEjJDEjJDgjJDgz
아이라인성형외과의원,의원,서울,강남구,논현동,"서울특별시 강남구 학동로 342, 에스케이 허브블루 202~203호 (논현동)",02-540-8666,http://www.ilines.co.kr,36494,1,0,127.0408461,37.516749500000003,JDQ4MTg4MSM1MSMkMiMkNCMkMDAkMzgxMTkxIzUxIyQxIyQ1IyQ3OSQzNjEyMjIjNDEjJDEjJDgjJDgz
아이앤지성형외과의원,의원,서울,강남구,역삼동,"서울특별시 강남구 강남대로 446, 한웰빌딩 7층일부 (역삼동)",02-557-7004,http://www.ingps.co.kr,41109,1,0,127.0259642,37.502400299999998,JDQ4MTg4MSM1MSMkMiMkNCMkMDAkNDgxOTYxIzUxIyQxIyQ1IyQ3OSQzNjE0ODEjNDEjJDEjJDgjJDgz
아이유의원,의원,서울,강남구,역삼동,"서울특별시 강남구 강남대로 402, 시계탑빌딩 10층 (역삼동)",02-517-7539,http://www.i-you.co.kr,42305,1,0,127.0278562,37.498817600000002,JDQ4MTg4MSM1MSMkMiMkNCMkMDAkMzgxOTYxIzUxIyQxIyQ1IyQxMyQzNjE4MzIjNDEjJDEjJDQjJDgz
아이탑성형외과의원,의원,서울,강남구,역삼동,"서울특별시 강남구 봉은사로 108, 글라스톤빌딩 12층 (역삼동)",02-555-3555,http://www.eyetop.co.kr,44168,1,0,127.0256122,37.504546300000001,JDQ4MTg4MSM1MSMkMiMkNCMkMDAkNDgxMzUxIzUxIyQxIyQxIyQ5OSQzNjEwMDIjNTEjJDEjJDIjJDgz
안성열성형외과피부과의원,의원,서울,강남구,논현동,"서울특별시 강남구 도산대로 116, 논현빌딩 2층 (논현동)",512-2627,http://www.pscliahn.com,35088,1,1,127.0215419,37.5166051,JDQ4MTg4MSM1MSMkMiMkMCMkMDAkNDgxNzAyIzIxIyQxIyQ1IyQ5OSQyNjE4MzIjNzEjJDEjJDgjJDgz
안아픈세상의원,의원,서울,강남구,청담동,"서울특별시 강남구 도산대로 513, 402호 (청담동)",02-3448-7755,http://www.thepaincenter.co.kr/,37802,1,0,127.0494875,37.524794999999997,JDQ4MTg4MSM1MSMkMiMkNCMkMDAkMzgxOTYxIzMxIyQxIyQ3IyQwMyQyNjEwMDIjNjEjJDEjJDAjJDgz
압구정디오성형외과의원,의원,서울,강남구,논현동,"서울특별시 강남구 강남대로 590, 13층 (논현동, 미혜빌딩)",02-514-0350,http://www.dio-ps.com,42838,1,0,127.02043740000001,37.5145482,JDQ4MTg4MSM1MSMkMiMkNCMkMDAkMzgxNzAyIzUxIyQxIyQxIyQ4OSQyNjE4MzIjNTEjJDEjJDYjJDgz
압구정리더스피부과의원,의원,서울,강남구,신사동,"서울특별시 강남구 언주로 843, 4,5층 (신사동)",1588-7333,http://www.beautyleader.co.kr,41254,1,1,127.0329302,37.525739899999998,JDQ4MTg4MSM1MSMkMiMkNCMkMDAkNDgxOTYxIzUxIyQxIyQ1IyQwMyQ0NjE0ODEjNTEjJDEjJDIjJDgz
압구정리앤스타의원,의원,서울,강남구,신사동,"서울특별시 강남구 언주로174길 27, 2~4층 (신사동)",02-511-5115,www.leenstar.com,46042,2,0,127.0361711,37.528182000000001,JDQ4MTg4MSM1MSMkMiMkNCMkMDAkNDgxMTkxIzIxIyQxIyQxIyQ3MiQ0NjE0ODEjNDEjJDEjJDgjJDgz
압구정맘모스헤어라인의원,의원,서울,강남구,신사동,"서울특별시 강남구 논현로 878, 중산빌딩 2층 (신사동)",02-518-8782,http://www.mammothseoul.com,45189,1,0,127.0289679,37.5270966,JDQ4MTg4MSM1MSMkMiMkOCMkMDAkMzgxOTYxIzExIyQxIyQ3IyQ4MiQzNjEyMjIjNTEjJDEjJDIjJDgz
압구정미라클의원,의원,서울,강남구,신사동,"서울특별시 강남구 선릉로157길 14, 한주빌딩 5층 (신사동)",02-1588-6930,http://www.naturaldoctors.co.kr/,44918,2,0,127.03884960000001,37.526159700000001,JDQ4MTg4MSM1MSMkMiMkMCMkMDAkNDgxNzAyIzExIyQxIyQzIyQ2MiQyNjE4MzIjNTEjJDEjJDIjJDgz
압구정바로보기안과의원,의원,서울,강남구,신사동,"서울특별시 강남구 압구정로 152, 704호 (신사동, 극동스포츠빌딩)",02-548-3133,http://www.barobogi.com/,42450,1,0,127.0260696,37.525566099999999,JDQ4MTg4MSM1MSMkMiMkMCMkMDAkNTgxOTYxIzExIyQxIyQzIyQ4OSQ0NjE0ODEjNTEjJDEjJDIjJDgz
압구정튠의원,의원,서울,강남구,신사동,"서울특별시 강남구 논현로 868, 구정빌딩 5층 (신사동)",02-540-8011,http://www.jnd7.com,44314,2,0,127.02891200000001,37.5260958,JDQ4MTg4MSM1MSMkMiMkNCMkMDAkNDgxMTkxIzExIyQxIyQ3IyQ4OSQ0NjE0ODEjNjEjJDEjJDgjJDgz
압구정페이스라인성형외과의원,의원,서울,강남구,신사동,"서울특별시 강남구 논현로 838, 원방프라자 1층 일부 (신사동)",02-541-8668,http://www.face-line.co.kr,38919,1,0,127.0286669,37.523355100000003,JDQ4MTg4MSM1MSMkMiMkNCMkMDAkNDgxMTkxIzExIyQxIyQzIyQ4MiQyNjEyMjIjNzEjJDEjJDgjJDgz
압구정하나내과의원,의원,서울,강남구,신사동,"서울특별시 강남구 압구정로 328, 효정빌딩 3층 (신사동)",02-3443-7550,https://www.agjhana.com,45527,2,0,127.03747370000001,37.528344500000003,JDQ4MTg4MSM1MSMkMiMkOCMkMDAkMzgxOTYxIzMxIyQxIyQ3IyQxMyQzNjE0ODEjNDEjJDEjJDQjJDgz
앤플러스의원,의원,서울,강남구,신사동,"서울특별시 강남구 논현로 831, 네오스 6층 (신사동)",511-6300,http://www.nplusclinic.com/,40471,1,0,127.027873,37.522588200000001,JDQ4MTg4MSM1MSMkMiMkNCMkMDAkNDgxOTYxIzExIyQxIyQ3IyQ5OSQyNjE4MzIjNzEjJDEjJDgjJDgz
양재차앤박피부과의원,의원,서울,강남구,도곡동,"서울특별시 강남구 강남대로 240, 양재SK허브프리모 310~313호 (도곡동)",3463-2400,http://www.cnpskin.com,42002,3,3,127.0344506,37.485265800000001,JDQ4MTg4MSM1MSMkMiMkMCMkMDAkNDgxNzAyIzIxIyQyIyQ5IyQwMCQyNjEyMjIjNTEjJDEjJDIjJDgz
에버그린피부과의원,의원,서울,강남구,도곡동,"서울특별시 강남구 언주로30길 13, 201호 (도곡동, 대림아크로빌, 대림아크로텔)",02-2187-7377,http://www.egskin.co.kr/,37435,1,1,127.0511303,37.488225700000001,JDQ4MTg4MSM1MSMkMiMkNCMkMDAkMzgxMzUxIzIxIyQxIyQ5IyQ2MiQzNjE4MzIjNjEjJDEjJDgjJDgz
에버피부과의원,의원,서울,강남구,신사동,"서울특별시 강남구 압구정로 222, 3층 (신사동)",02-795-9553,http://www.clinicever.co.kr,37883,2,1,127.03176879999999,37.5284312,JDQ4MTg4MSM1MSMkMiMkNCMkMDAkMzgxMTkxIzMxIyQxIyQzIyQ3OSQzNjE0ODEjNDEjJDEjJDQjJDgz
에스디피부과의원,의원,서울,강남구,신사동,"서울특별시 강남구 압구정로 226, 3층 (신사동, 성수빌딩)",02-549-7574,http://www.sdderm.co.kr,40077,1,1,127.03256279999999,37.528695200000001,JDQ4MTg4MSM1MSMkMiMkNCMkMDAkMzgxMzUxIzQxIyQxIyQ3IyQ5MiQyNjEwMDIjODEjJDEjJDIjJDgz
에스씨301의원,의원,서울,강남구,삼성동,"서울특별시 강남구 영동대로 611, Chan&Chan Tower 3,4,지하1층 (삼성동)",02-511-1550,http://www.sc301.co.kr,41549,2,0,127.05942949999999,37.514727600000001,JDQ4MTg4MSM1MSMkMiMkNCMkMDAkNDgxOTYxIzIxIyQyIyQ1IyQwMCQzNjEyMjIjNDEjJDEjJDgjJDgz
에스앤유김방순피부과의원,의원,서울,강남구,신사동,"서울특별시 강남구 압구정로 314, YOHAN빌딩 4층 (신사동)",3444-3939,http://www.snuclinic.co.kr/,39133,1,1,127.0358164,37.528724799999999,JDQ4MTg4MSM1MSMkMiMkNCMkMDAkNDgxOTYxIzIxIyQxIyQ1IyQ4MiQyNjEwMDIjNTEjJDEjJDIjJDgz
에스엔브이의원,의원,서울,강남구,청담동,"서울특별시 강남구 선릉로162길 49, 5층 (청담동)",02-540-2227,https://snvclinic.com,45534,1,0,127.0446075,37.526213499999997,JDQ4MTg4MSM1MSMkMiMkOCMkMDAkMzgxOTYxIzQxIyQxIyQ3IyQ3OSQzNjE4MzIjNjEjJDEjJDQjJDgz
에스원성형외과의원,의원,서울,강남구,신사동,"서울특별시 강남구 압구정로28길 22-5, 4층 (신사동)",02-546-8859,http://www.sonebk.com,40128,1,0,127.0271911,37.524986300000002,JDQ4MTg4MSM1MSMkMiMkNCMkMDAkNDgxOTYxIzIxIyQxIyQ5IyQ2MiQ0NjEwMDIjNDEjJDEjJDQjJDgz
에스원이비인후과의원,의원,서울,강남구,논현동,"서울특별시 강남구 강남대로 598, 보림빌딩 6층 (논현동)",02-516-8871,http://www.soneps.com,40134,1,0,127.0203715,37.515199199999998,JDQ4MTg4MSM1MSMkMiMkNCMkMDAkMzgxMTkxIzQxIyQxIyQ3IyQ4MiQzNjEyMjIjNTEjJDEjJDIjJDgz
에이든의원,의원,서울,강남구,청담동,"서울특별시 강남구 도산대로57길 8, 승원빌딩 6층 (청담동)",02-515-3351,https://aidenclinic.co.kr,45765,1,0,127.0414545,37.524140500000001,JDQ4MTg4MSM1MSMkMiMkOCMkMDAkMzgxMTkxIzExIyQxIyQ3IyQ5OSQyNjE4MzIjNjEjJDEjJDAjJDgz
에이치투오의원,의원,서울,강남구,신사동,"서울특별시 강남구 선릉로 803, 메타타워Ⅳ 8층 (신사동)",02-593-5670,http://www.htoaging.com,40970,1,0,127.0389977,37.5239312,JDQ4MTg4MSM1MSMkMiMkNCMkMDAkMzgxOTYxIzUxIyQyIyQ1IyQwMCQ0NjE0ODEjNjEjJDEjJDAjJDgz
에이트성형외과의원,의원,서울,강남구,신사동,"서울특별시 강남구 논현로 828, 국제빌딩 지하1,1,2층 (신사동)",1855-0858,https://www.eightprs.com,43245,10,0,127.0285281,37.522451400000001,JDQ4MTg4MSM1MSMkMiMkNCMkMDAkMzgxNzAyIzUxIyQxIyQ1IyQ5OSQ0NjEwMDIjNjEjJDEjJDgjJDgz
에프아이성형외과의원,의원,서울,강남구,신사동,"서울특별시 강남구 압구정로 156, 카로시티2빌딩 지하1층 (신사동)",02-543-4766,http://paranps.cafe24.com,42702,1,0,127.0267906,37.525981799999997,JDQ4MTg4MSM1MSMkMiMkNCMkMDAkMzgxOTYxIzUxIyQxIyQ1IyQ4OSQyNjEwMDIjNTEjJDEjJDIjJDgz
엑스오성형외과의원,의원,서울,강남구,신사동,"서울특별시 강남구 도산대로 119, 11층 (신사동)",02-518-7780,https://www.xoprs.com,45405,1,0,127.0214762,37.517322499999999,JDQ4MTg4MSM1MSMkMiMkOCMkMDAkMzgxOTYxIzIxIyQxIyQ5IyQwMyQzNjEyMjIjNjEjJDEjJDgjJDgz
엔디어트의원,의원,서울,강남구,신사동,"서울특별시 강남구 압구정로28길 48, 2층 4층 (신사동)",02-6958-6390,https://endiet.co.kr,45432,1,0,127.0274507,37.523367999999998,JDQ4MTg4MSM1MSMkMiMkOCMkMDAkMzgxOTYxIzMxIyQyIyQzIyQwMCQyNjEyMjIjNTEjJDEjJDYjJDgz
엔비유의원,의원,서울,강남구,신사동,"서울특별시 강남구 압구정로46길 5-2, 원일빌딩 4, 지하1층 (신사동)",02-323-3993,http://www.nvu.co.kr/,43214,4,0,127.0368818,37.528040900000001,JDQ4MTg4MSM1MSMkMiMkNCMkMDAkNDgxMzUxIzQxIyQxIyQ3IyQ4MiQ0NjE0ODEjNDEjJDEjJDQjJDgz
엘르성형외과의원,의원,서울,강남구,신사동,"서울특별시 강남구 논현로 841, 제이비 미소빌딩 2층 204~205호 (신사동)",3446-7377,http://www.elleclinic.com,39976,2,0,127.027762,37.5240297,JDQ4MTg4MSM1MSMkMiMkNCMkMDAkNDgxOTYxIzIxIyQxIyQ5IyQxMyQzNjEwMDIjNTEjJDEjJDYjJDgz
역삼이창훈이비인후과의원,의원,서울,강남구,역삼동,"서울특별시 강남구 논현로 503, 701호 (역삼동, 송촌빌딩)",02-564-5647,http://yeoksamlee-ent.co.kr,41116,1,0,127.0363876,37.501269999999998,JDQ4MTg4MSM1MSMkMiMkNCMkMDAkNDgxOTYxIzUxIyQxIyQxIyQ2MiQzNjEyMjIjNDEjJDEjJDgjJDgz
연세더블유여성의원,의원,서울,강남구,대치동,"서울특별시 강남구 선릉로86길 6, 2층 (대치동)",02-501-7053,https://blog.naver.com/yonseiw,43083,1,0,127.0503004,37.5030231,JDQ4MTg4MSM1MSMkMiMkNCMkMDAkMzgxMTkxIzExIyQyIyQzIyQwMCQyNjEyMjIjNTEjJDEjJDYjJDgz
연세라인업의원,의원,서울,강남구,역삼동,"서울특별시 강남구 테헤란로 222, 도원빌딩 5층 (역삼동)",02-553-8070,http://www.연세라인업.kr/,39143,2,0,127.04078800000001,37.501664099999999,JDQ4MTg4MSM1MSMkMiMkNCMkMDAkMzgxOTYxIzUxIyQxIyQ1IyQwMyQ0NjEwMDIjODEjJDEjJDYjJDgz
연세미다인의원,의원,서울,강남구,신사동,"서울특별시 강남구 압구정로30길 23, 3층 304호 (신사동)",02-326-2666,http://www.midain.com/,41053,1,0,127.0295122,37.525900300000004,JDQ4MTg4MSM1MSMkMiMkNCMkMDAkMzgxNzAyIzExIyQxIyQzIyQ4MiQyNjEyMjIjNDEjJDEjJDgjJDgz
연세미타임피부과의원,의원,서울,강남구,역삼동,"서울특별시 강남구 강남대로 378, 5층 (역삼동)",02-508-5881,http://www.metime.co.kr/,38778,1,1,127.0286835,37.496671599999999,JDQ4MTg4MSM1MSMkMiMkNCMkMDAkMzgxMTkxIzMxIyQyIyQzIyQwMCQyNjEyMjIjNjEjJDEjJDQjJDgz
연세선우의원,의원,서울,강남구,삼성동,"서울특별시 강남구 학동로 504, 2층 201호 (삼성동)",02-563-1469,http://www.sunwooclinic.com/,39491,1,0,127.0510396,37.518721399999997,JDQ4MTg4MSM1MSMkMiMkNCMkMDAkMzgxMzUxIzExIyQxIyQzIyQ3MiQyNjE4MzIjNjEjJDEjJDQjJDgz
연세아이미스템의원,의원,서울,강남구,역삼동,"서울특별시 강남구 테헤란로 120, 상경빌딩 9층 (역삼동)",02-6014-3100,www.imistemcell.com,45384,2,0,127.0309467,37.498617199999998,JDQ4MTg4MSM1MSMkMiMkNCMkMDAkNDgxNzAyIzExIyQxIyQzIyQ3MiQ0NjE0ODEjNjEjJDEjJDAjJDgz
연앤네이쳐산부인과의원,의원,서울,강남구,청담동,"서울특별시 강남구 학동로 521, 2~4층 (청담동)",02-518-1300,http://www.sejongclinic.kr,41239,3,0,127.0558075,37.520032100000002,JDQ4MTg4MSM1MSMkMiMkNCMkMDAkNDgxMzUxIzMxIyQyIyQzIyQwMCQ0NjE0ODEjNjEjJDEjJDQjJDgz
예라인의원,의원,서울,강남구,신사동,"서울특별시 강남구 논현로 812, 6층 (신사동)",02-6951-0071,https://ylcell.com,45602,1,0,127.0285349,37.5211136,JDQ4MTg4MSM1MSMkMiMkOCMkMDAkMzgxOTYxIzUxIyQyIyQxIyQwMCQzNjEyMjIjNjEjJDEjJDQjJDgz
예미원피부과의원,의원,서울,강남구,대치동,"서울특별시 강남구 남부순환로 2909, 701호 (대치동)",02-555-7277,http://www.yemiwon.co.kr/intro.asp,38394,2,2,127.05741860000001,37.492190999999998,JDQ4MTg4MSM1MSMkMiMkNCMkMDAkMzgxOTYxIzUxIyQxIyQ1IyQ4MiQzNjEwMDIjNDEjJDEjJDgjJDgz
예인피부과의원,의원,서울,강남구,삼성동,"서울특별시 강남구 선릉로 510, 7층 (삼성동, 오성빌딩)",557-4476,http://www.yeinskin.net/01_intro/03_intro.php,36878,1,1,127.0489654,37.505171699999998,JDQ4MTg4MSM1MSMkMiMkNCMkMDAkNDgxMzUxIzIxIyQxIyQ5IyQwMyQ0NjE0ODEjNjEjJDEjJDQjJDgz
예작비뇨의학과의원,의원,서울,강남구,신사동,"서울특별시 강남구 도산대로 317, 호림아트센터 1빌딩 지1층 1호 (신사동)",1577-7565,http://www.yezak.co.kr,44383,1,0,127.0363445,37.522697600000001,JDQ4MTg4MSM1MSMkMiMkNCMkMDAkMzgxNzAyIzIxIyQxIyQ1IyQ3MiQzNjE4MzIjNTEjJDEjJDYjJDgz
예지인피부과의원,의원,서울,강남구,역삼동,"서울특별시 강남구 선릉로 517, 4층 (역삼동)",02-501-6885,http://m.bestlaser.co.kr,34348,2,2,127.04816510000001,37.505718399999999,JDQ4MTg4MSM1MSMkMiMkMCMkMDAkNDgxMTkxIzMxIyQyIyQ3IyQwMCQ0NjEwMDIjNzEjJDEjJDgjJDgz
오늘안피부과의원,의원,서울,강남구,신사동,"서울특별시 강남구 도산대로49길 17, 산딸기빌딩 3층 (신사동)",02-517-9881,http://www.mydreamskin.co.kr,43623,1,1,127.0370343,37.524061199999998,JDQ4MTg4MSM1MSMkMiMkNCMkMDAkNDgxOTYxIzIxIyQxIyQxIyQ3OSQyNjEwMDIjNTEjJDEjJDIjJDgz
오드의원,의원,서울,강남구,역삼동,"서울특별시 강남구 강남대로 340, 경원빌딩 8층 (역삼동)",02-569-0222,http://www.odeclinic.co.kr/,45044,1,0,127.0302188,37.493546100000003,JDQ4MTg4MSM1MSMkMiMkOCMkMDAkMzgxMzUxIzUxIyQxIyQ1IyQwMyQzNjEyMjIjNTEjJDEjJDIjJDgz
오라(AURA)성형외과의원,의원,서울,강남구,논현동,"서울특별시 강남구 학동로 337, H타워 4층 (논현동)",02-545-3113,http://www.aura4u.co.kr,40434,1,0,127.0399436,37.517076500000002,JDQ4MTg4MSM1MSMkMiMkNCMkMDAkMzgxOTYxIzQxIyQxIyQ3IyQ3MiQzNjEwMDIjNDEjJDEjJDgjJDgz
오로라의원,의원,서울,강남구,논현동,"서울특별시 강남구 언주로 647, 5층 (논현동)",1577-2968,http://www.auroraclinic.co.kr/,39610,1,0,127.0349695,37.514353300000003,JDQ4MTg4MSM1MSMkMiMkNCMkMDAkMzgxNzAyIzUxIyQyIyQ1IyQwMCQzNjEyMjIjODEjJDEjJDYjJDgz
오운의원,의원,서울,강남구,삼성동,"서울특별시 강남구 테헤란로87길 36, 도심공항타워 301~303호 (삼성동)",02-2016-5000,https://samseong.own-clinic.com/,45609,2,0,127.0586267,37.510493500000003,JDQ4MTg4MSM1MSMkMiMkOCMkMDAkMzgxOTYxIzUxIyQxIyQxIyQ2MiQzNjEyMjIjNTEjJDEjJDIjJDgz
온우의원,의원,서울,강남구,역삼동,"서울특별시 강남구 강남대로110길 29, 1~2층 (역삼동)",02-538-1004,https://onu-clinic.com,46097,1,0,127.02715449999999,37.503881,JDQ4MTg4MSM1MSMkMiMkOCMkMDAkMzgxMTkxIzMxIyQxIyQ3IyQ2MiQzNjE0ODEjODEjJDEjJDYjJDgz
올핏의원,의원,서울,강남구,논현동,"서울특별시 강남구 강남대로 596, 극동빌딩 6층 602호 (논현동)",02-582-5592,http://www.allfit.kr/,43537,1,0,127.02037199999999,37.515026900000002,JDQ4MTg4MSM1MSMkMiMkNCMkMDAkNDgxMzUxIzMxIyQxIyQ3IyQ5OSQzNjE0ODEjNDEjJDEjJDgjJDgz
올하트성형외과의원,의원,서울,강남구,신사동,"서울특별시 강남구 압구정로28길 22, 201호 (신사동)",02-515-7789,https://www.allheartps.com,45117,1,0,127.0273961,37.525262699999999,JDQ4MTg4MSM1MSMkMiMkOCMkMDAkMzgxOTYxIzExIyQxIyQzIyQ4MiQzNjEwMDIjODEjJDEjJDIjJDgz
우리엘의원,의원,서울,강남구,청담동,"서울특별시 강남구 삼성로 709, 5층 (청담동)",02-548-7230,http://www.lisqueen.com,42800,1,0,127.0495363,37.5194306,JDQ4MTg4MSM1MSMkMiMkNCMkMDAkMzgxNzAyIzUxIyQxIyQ1IyQwMyQ0NjE0ODEjNDEjJDEjJDgjJDgz
우리의원,의원,서울,강남구,개포동,"서울특별시 강남구 선릉로 46, (개포동, 2층)",462-7255,http://,40332,0,0,127.059873,37.4835359,JDQ4MTg4MSM1MSMkMiMkNCMkMDAkNDgxMzUxIzExIyQyIyQzIyQwMCQ0NjE0ODEjNTEjJDEjJDYjJDgz
우호철비뇨기과의원,의원,서울,강남구,논현동,"서울특별시 강남구 선릉로 669, 상경빌딩 3층 (논현동)",517-1573,http://www.drwoouro.co.kr,33312,1,0,127.041237,37.516637899999999,JDQ4MTg4MSM1MSMkMiMkMCMkMDAkNDgxOTYxIzMxIyQyIyQ3IyQwMCQzNjE0ODEjNDEjJDEjJDgjJDgz
웰라스피부과의원,의원,서울,강남구,대치동,"서울특별시 강남구 삼성로 155, 대치퍼스트빌딩 2층 208,209,210,211,212,213호 (대치동)",02-556-2556,http://wellasclinic.com,45357,2,2,127.06296140000001,37.493869699999998,JDQ4MTg4MSM1MSMkMiMkOCMkMDAkMzgxOTYxIzIxIyQxIyQ1IyQwMyQzNjEyMjIjNDEjJDEjJDQjJDgz
웰스피부과의원,의원,서울,강남구,신사동,"서울특별시 강남구 논현로 842, 압구정빌딩 8층 (신사동)",02-542-2372,http://www.wellsclinic.co.kr/index.asp,39749,3,3,127.0287459,37.524050899999999,JDQ4MTg4MSM1MSMkMiMkNCMkMDAkNDgxMzUxIzExIyQxIyQzIyQ5OSQzNjEyMjIjNDEjJDEjJDQjJDgz
유넬의원,의원,서울,강남구,역삼동,"서울특별시 강남구 테헤란로 115, 서림빌딩 8층 (역삼동)",02-501-0064,https://eunelclinic.co.kr,45862,1,0,127.0299979,37.498981000000001,JDQ4MTg4MSM1MSMkMiMkOCMkMDAkMzgxMTkxIzIxIyQxIyQxIyQwMyQzNjE0ODEjNTEjJDEjJDIjJDgz
유니서울피부과의원,의원,서울,강남구,신사동,"서울특별시 강남구 압구정로 328, 효정빌딩 4층 (신사동)",549-7002,http://www.uniseoul.co.kr/,37600,1,1,127.03747370000001,37.528344500000003,JDQ4MTg4MSM1MSMkMiMkNCMkMDAkNDgxMzUxIzIxIyQxIyQ5IyQ2MiQ0NjE0ODEjNjEjJDEjJDgjJDgz
유니크성형외과의원,의원,서울,강남구,신사동,"서울특별시 강남구 논현로 831, 네오스 4층 (신사동)",02-561-2255,http://www.uniqueps.co.kr/,41425,1,0,127.027873,37.522588200000001,JDQ4MTg4MSM1MSMkMiMkNCMkMDAkNDgxMTkxIzIxIyQxIyQxIyQ2MiQyNjE0ODEjODEjJDEjJDYjJDgz
유레카피부과의원,의원,서울,강남구,역삼동,"서울특별시 강남구 테헤란로 101, 8층 (역삼동, 이즈타워)",02-3446-7515,http://www.eurekaskin.com,42901,1,1,127.0280314,37.498678499999997,JDQ4MTg4MSM1MSMkMiMkNCMkMDAkMzgxNzAyIzMxIyQxIyQ3IyQ5OSQyNjE0ODEjNTEjJDEjJDYjJDgz
유진성형외과의원,의원,서울,강남구,역삼동,"서울특별시 강남구 테헤란로8길 44, 유진빌딩 2~3층 (역삼동)",1577-1711,http://www.yjclinic.co.kr,40282,1,0,127.0322165,37.496012299999997,JDQ4MTg4MSM1MSMkMiMkNCMkMDAkNDgxMzUxIzUxIyQxIyQxIyQ3OSQyNjE4MzIjNDEjJDEjJDgjJDgz
이규호모아름의원,의원,서울,강남구,신사동,"서울특별시 강남구 강남대로 616, (신사동, 신사미타워 1001호)",3443-5826,http://www.moarm.com,40659,1,0,127.0198235,37.516843700000003,JDQ4MTg4MSM1MSMkMiMkNCMkMDAkNDgxOTYxIzExIyQxIyQzIyQ3MiQzNjEyMjIjNzEjJDEjJDgjJDgz
이혜미산부인과의원,의원,서울,강남구,삼성동,"서울특별시 강남구 테헤란로 403, 리치타워 301호 (삼성동)",508-4693,www.hemi.co.kr/,36921,2,0,127.0495325,37.505091899999996,JDQ4MTg4MSM1MSMkMiMkMCMkMDAkNTgxOTYxIzIxIyQxIyQxIyQ4MiQyNjE4MzIjNDEjJDEjJDgjJDgz
이호표피부과의원,의원,서울,강남구,신사동,"서울특별시 강남구 압구정로8길 20, 3층 (신사동, 푸드바이오테크)",02-512-8600,http://www.hohoskin.com,39847,1,1,127.0220593,37.522379800000003,JDQ4MTg4MSM1MSMkMiMkNCMkMDAkMzgxOTYxIzExIyQyIyQzIyQwMCQzNjEyMjIjNDEjJDEjJDgjJDgz
일공공성형외과의원,의원,서울,강남구,신사동,"서울특별시 강남구 논현로175길 6, 2층 (신사동)",02-541-0011,100plasticsurgery.com,45455,1,0,127.02793560000001,37.526372000000002,JDQ4MTg4MSM1MSMkMiMkNCMkMDAkNTgxOTYxIzQxIyQxIyQ3IyQ3OSQzNjEwMDIjODEjJDEjJDYjJDgz
임지연의원,의원,서울,강남구,논현동,"서울특별시 강남구 도산대로 106, 15층 (논현동, BK빌딩)",02-541-8894,http://www.b10000.co.kr,40123,1,0,127.02046249999999,37.5161266,JDQ4MTg4MSM1MSMkMiMkNCMkMDAkMzgxOTYxIzUxIyQyIyQxIyQwMCQ0NjEwMDIjNjEjJDEjJDgjJDgz
제니의원,의원,서울,강남구,신사동,"서울특별시 강남구 압구정로 152, 극동타워 2층 208, 209호 (신사동)",02-511-1535,http://www.jennyclinic.kr,43978,1,0,127.0260696,37.525566099999999,JDQ4MTg4MSM1MSMkMiMkOCMkMDAkMzgxOTYxIzUxIyQxIyQxIyQ4OSQzNjEwMDIjNTEjJDEjJDIjJDgz
제이와이성형외과의원,의원,서울,강남구,청담동,"서울특별시 강남구 도산대로 509, 에스디바이오센서 청담동 5,11층 (청담동)",02-512-5800,jy-clinic.com,42305,2,0,127.04896290000001,37.5247575,JDQ4MTg4MSM1MSMkMiMkNCMkMDAkMzgxNzAyIzExIyQyIyQzIyQwMCQyNjE0ODEjNTEjJDEjJDIjJDgz
제이피성형외과의원,의원,서울,강남구,신사동,"서울특별시 강남구 압구정로28길 24, 3층 (신사동)",02-544-9191,http://jpplastic.co.kr,40525,2,0,127.02747189999999,37.524985299999997,JDQ4MTg4MSM1MSMkMiMkNCMkMDAkNDgxMzUxIzExIyQyIyQ3IyQwMCQzNjEwMDIjNjEjJDEjJDQjJDgz
젤피부과의원,의원,서울,강남구,청담동,"서울특별시 강남구 도산대로 452, JS빌딩 7층 (청담동)",549-2063,http://,40847,1,1,127.0457468,37.523624099999999,JDQ4MTg4MSM1MSMkMiMkNCMkMDAkNDgxOTYxIzMxIyQxIyQzIyQ4OSQ0NjE0ODEjNjEjJDEjJDgjJDgz
젬마의원,의원,서울,강남구,신사동,"서울특별시 강남구 논현로 815, 부르다문 빌딩 1층 6층 (신사동)",518-0057,http://www.gemmahair.com,38552,6,0,127.0278225,37.5213733,JDQ4MTg4MSM1MSMkMiMkNCMkMDAkMzgxMTkxIzIxIyQxIyQ1IyQwMyQzNjEyMjIjNDEjJDEjJDgjJDgz
조수영성형외과의원,의원,서울,강남구,논현동,"서울특별시 강남구 강남대로132길 4-6, 지하1층, 지상1~4층 (논현동)",02-512-1864,http://www.chocc.co.kr,36472,1,0,127.0216478,37.5118613,JDQ4MTg4MSM1MSMkMiMkNCMkMDAkMzgxNzAyIzMxIyQxIyQzIyQ4OSQyNjEyMjIjNjEjJDEjJDgjJDgz
조앤박의원,의원,서울,강남구,논현동,"서울특별시 강남구 강남대로 598, 5층 (논현동, 보림빌딩)",02-517-8830,http://www.joandpark.com/,40239,1,0,127.0203715,37.515199199999998,JDQ4MTg4MSM1MSMkMiMkMCMkMDAkNTgxMzUxIzUxIyQxIyQxIyQ3MiQyNjEwMDIjNDEjJDEjJDQjJDgz
좋은아침외과의원,의원,서울,강남구,역삼동,"서울특별시 강남구 봉은사로 204, 4층 (역삼동, 남곡빌딩)",02-558-6625,www.gm-hospital.com/,37226,1,0,127.0344917,37.507177599999999,JDQ4MTg4MSM1MSMkMiMkMCMkMDAkNTgxOTYxIzUxIyQxIyQ1IyQ4OSQ0NjE0ODEjNDEjJDEjJDQjJDgz
주앤의원,의원,서울,강남구,신사동,"서울특별시 강남구 선릉로155길 3, 2,3,4층 (신사동)",02-518-3458,http://www.dr-ephraim.co.kr,40970,1,0,127.0392619,37.525150400000001,JDQ4MTg4MSM1MSMkMiMkNCMkMDAkNDgxMzUxIzIxIyQxIyQ1IyQxMyQyNjEwMDIjODEjJDEjJDYjJDgz
지아인의원,의원,서울,강남구,대치동,"서울특별시 강남구 도곡로 419, 6층 (대치동)",02-575-2233,www.ziain.com/,40970,1,0,127.0563325,37.497677600000003,JDQ4MTg4MSM1MSMkMiMkNCMkMDAkNDgxOTYxIzMxIyQxIyQ3IyQ4MiQyNjE0ODEjNTEjJDEjJDYjJDgz
진성형외과의원,의원,서울,강남구,역삼동,"서울특별시 강남구 강남대로 412, 501호 (역삼동)",02-566-6131,http://www.drchin.co.kr,33052,1,0,127.02729840000001,37.499518399999999,JDQ4MTg4MSM1MSMkMiMkMCMkMDAkNDgxOTYxIzIxIyQxIyQ5IyQ4OSQzNjEwMDIjNDEjJDEjJDgjJDgz
창피부과의원,의원,서울,강남구,삼성동,"서울특별시 강남구 테헤란로87길 51, 3층 (삼성동, 여송빌딩)",02-538-3575,http://www.changskin.com,40826,4,4,127.0574009,37.5109128,JDQ4MTg4MSM1MSMkMiMkNCMkMDAkNDgxMzUxIzUxIyQxIyQxIyQ5MiQzNjE0ODEjNDEjJDEjJDgjJDgz
채우다의원,의원,서울,강남구,신사동,"서울특별시 강남구 논현로 812, 3층 (신사동)",02-3445-0110,www.chaewooooda.kr,46164,1,0,127.0285349,37.5211136,JDQ4MTg4MSM1MSMkMiMkOCMkMDAkMzgxMTkxIzQxIyQxIyQ3IyQwMyQyNjE4MzIjNjEjJDEjJDgjJDgz
청담고운세상닥터지피부과의원,의원,서울,강남구,논현동,"서울특별시 강남구 도산대로 326, 대동타워 5층 (논현동)",02-541-8547,http://www.beautyforever.co.kr,37399,2,2,127.037756,37.522354200000002,JDQ4MTg4MSM1MSMkMiMkNCMkMDAkMzgxMzUxIzIxIyQxIyQ1IyQ2MiQyNjE0ODEjNTEjJDEjJDIjJDgz
청담더오피부과의원,의원,서울,강남구,삼성동,"서울특별시 강남구 선릉로 602, 삼릉빌딩 2층 (삼성동)",02-3444-0501,https://www.theoskinclinic.com,45875,1,1,127.04404220000001,37.510660100000003,JDQ4MTg4MSM1MSMkMiMkOCMkMDAkMzgxMTkxIzIxIyQxIyQ1IyQ3OSQzNjE4MzIjNjEjJDEjJDQjJDgz
청담메자닌의원,의원,서울,강남구,청담동,"서울특별시 강남구 삼성로 726, 경원빌딩 5층 (청담동)",547-9711,http://www.mezzanine.co.kr/,38562,1,0,127.049661,37.520555799999997,JDQ4MTg4MSM1MSMkMiMkNCMkMDAkMzgxMTkxIzIxIyQxIyQxIyQ4MiQ0NjE0ODEjNzEjJDEjJDgjJDgz
청담뷰엘의원,의원,서울,강남구,청담동,"서울특별시 강남구 도산대로 410, 10층 (청담동)",02-517-2896,https://beauelclinic.com,46181,1,0,127.0405031,37.522970200000003,JDQ4MTg4MSM1MSMkMiMkOCMkMDAkMzgxMTkxIzUxIyQxIyQxIyQ3OSQzNjEwMDIjNDEjJDEjJDgjJDgz
청담비아이의원,의원,서울,강남구,청담동,"서울특별시 강남구 압구정로72길 8, 백원빌딩 2층 (청담동)",02-501-2727,http://www.cdbi.co.kr/,38650,1,0,127.0450495,37.526116299999998,JDQ4MTg4MSM1MSMkMiMkNCMkMDAkMzgxMTkxIzIxIyQxIyQ1IyQ4MiQzNjE4MzIjNjEjJDEjJDQjJDgz
청담성모의원,의원,서울,강남구,청담동,"서울특별시 강남구 학동로 433, 청담클리닉 빌딩 4층 (청담동)",02-541-8175,www.cscell.co.kr,45840,1,0,127.0483242,37.518778599999997,JDQ4MTg4MSM1MSMkMiMkNCMkMDAkMzgxOTYxIzUxIyQxIyQxIyQ5OSQzNjEyMjIjNjEjJDEjJDAjJDgz
청담아르덴의원,의원,서울,강남구,청담동,"서울특별시 강남구 선릉로152길 17, 아시아청담부띠끄 5층 (청담동)",02-518-1259,https://www.cheongdam-arden.com/,45853,2,0,127.0410459,37.5243915,JDQ4MTg4MSM1MSMkMiMkOCMkMDAkMzgxMTkxIzIxIyQxIyQxIyQ4MiQyNjE4MzIjNDEjJDEjJDQjJDgz
청담엔샤인의원,의원,서울,강남구,신사동,"서울특별시 강남구 도산대로 333, K+ 메디칼타워 9층 (신사동)",,https://nshineclinic.co.kr/,45502,1,0,127.0383812,37.523358600000002,JDQ4MTg4MSM1MSMkMiMkNCMkMDAkMzgxNzAyIzMxIyQxIyQzIyQ5OSQzNjEyMjIjNjEjJDEjJDgjJDgz
청담오아로피부과의원,의원,서울,강남구,신사동,"서울특별시 강남구 도산대로 327, 8층 (신사동)",02-541-8830,https://biz.hira.or.kr/index.do?sso=ok,45474,2,2,127.0376251,37.523145,JDQ4MTg4MSM1MSMkMiMkOCMkMDAkMzgxOTYxIzMxIyQxIyQ3IyQ3OSQzNjEwMDIjNTEjJDEjJDIjJDgz
청담은피부과의원,의원,서울,강남구,청담동,"서울특별시 강남구 선릉로152길 17, 아시아청담부띠끄 602호 (청담동)",02-546-3322,http://www.eunskin.co.kr,39833,2,1,127.0410459,37.5243915,JDQ4MTg4MSM1MSMkMiMkMCMkMDAkNDgxOTYxIzIxIyQxIyQ5IyQ5OSQ0NjEwMDIjNDEjJDEjJDgjJDgz
청담이든의원,의원,서울,강남구,역삼동,"서울특별시 강남구 테헤란로 226, 태왕빌딩 1층,2층 (역삼동)",02-515-1131,http://idun.kr,42030,2,0,127.04111380000001,37.501765300000002,JDQ4MTg4MSM1MSMkMiMkNCMkMDAkNDgxMzUxIzUxIyQxIyQ1IyQ5OSQyNjEwMDIjNjEjJDEjJDgjJDgz
청담이음엘의원,의원,서울,강남구,청담동,"서울특별시 강남구 선릉로158길 10, 2층 (청담동)",02-6677-7325,https://www.ieumlclinic.co.kr,45587,1,0,127.04085619999999,37.525444700000001,JDQ4MTg4MSM1MSMkMiMkOCMkMDAkMzgxOTYxIzUxIyQxIyQxIyQ3OSQzNjEyMjIjNTEjJDEjJDYjJDgz
청담이지함피부과의원,의원,서울,강남구,역삼동,"서울특별시 강남구 봉은사로 302, 역삼아모제SK리더스뷰 203호,204호 (역삼동)",596-3600,http://www.ljh.co.kr,36664,2,2,127.0394379,37.508705499999998,JDQ4MTg4MSM1MSMkMiMkMCMkMDAkNTgxOTYxIzMxIyQxIyQzIyQ2MiQyNjEyMjIjNzEjJDEjJDgjJDgz
청담파크의원,의원,서울,강남구,청담동,"서울특별시 강남구 선릉로158길 14-2, 2~3층 (청담동)",02-3445-8819,www.clinicpark.co.kr,45282,1,0,127.04095239999999,37.525190600000002,JDQ4MTg4MSM1MSMkMiMkOCMkMDAkMzgxOTYxIzIxIyQxIyQxIyQ5MiQyNjE4MzIjNDEjJDEjJDgjJDgz
청담하나피부과의원,의원,서울,강남구,청담동,"서울특별시 강남구 압구정로 461, 306~308호 (청담동, 네이처 포엠)",02-549-6788,http://www.ehanaskin.co.kr/,42744,1,1,127.0472279,37.525274000000003,JDQ4MTg4MSM1MSMkMiMkNCMkMDAkNDgxOTYxIzMxIyQxIyQzIyQwMyQyNjEyMjIjODEjJDEjJDIjJDgz
청담하트피부과의원,의원,서울,강남구,청담동,"서울특별시 강남구 영동대로 704, 삼강빌딩 4층 (청담동)",02-518-1519,cdheartclinic.com,43888,1,1,127.0573842,37.520607599999998,JDQ4MTg4MSM1MSMkMiMkNCMkMDAkNTgxOTYxIzIxIyQyIyQ1IyQwMCQyNjE0ODEjNjEjJDEjJDAjJDgz
청담흰의원,의원,서울,강남구,청담동,"서울특별시 강남구 압구정로 461, 405호 (청담동, 네이처포엠)",3442-3939,http://www.mimoplastic.com,38555,1,0,127.0472279,37.525274000000003,JDQ4MTg4MSM1MSMkMiMkNCMkMDAkNDgxOTYxIzMxIyQxIyQ3IyQ3MiQzNjE4MzIjNTEjJDEjJDYjJDgz
청춘의원,의원,서울,강남구,역삼동,"서울특별시 강남구 봉은사로38길 12, 1~2층 (역삼동)",02-544-2288,http://www.ccclinic.co.kr/,43424,1,0,127.0375693,37.507435399999999,JDQ4MTg4MSM1MSMkMiMkNCMkMDAkNDgxMzUxIzIxIyQxIyQxIyQxMyQzNjEyMjIjNTEjJDEjJDYjJDgz
체인지의원,의원,서울,강남구,논현동,"서울특별시 강남구 도산대로 318, SB타워 7층 (논현동)",02-547-0809,http://www.changeclinic.co.kr/,39139,1,0,127.0368945,37.521842999999997,JDQ4MTg4MSM1MSMkMiMkNCMkMDAkMzgxMTkxIzIxIyQxIyQxIyQ4OSQyNjE0ODEjNjEjJDEjJDQjJDgz
최윤정피부과의원,의원,서울,강남구,청담동,"서울특별시 강남구 선릉로 704, 청담빌딩 4층 (청담동)",6205-7575,http://www.cyjskin.co.kr,38784,1,1,127.0414074,37.517809399999997,JDQ4MTg4MSM1MSMkMiMkNCMkMDAkMzgxMTkxIzMxIyQxIyQzIyQ4MiQyNjE0ODEjNDEjJDEjJDgjJDgz
코미인의원,의원,서울,강남구,논현동,"서울특별시 강남구 봉은사로 105, 8층 (논현동, 동양빌딩)",02-511-3050,http://www.comain.co.kr,42214,1,0,127.0250571,37.504963400000001,JDQ4MTg4MSM1MSMkMiMkNCMkMDAkMzgxMTkxIzIxIyQxIyQ5IyQ2MiQzNjE0ODEjNTEjJDEjJDIjJDgz
큐에이성형외과의원,의원,서울,강남구,논현동,"서울특별시 강남구 도산대로 228, 연승빌딩 6층 (논현동)",02-548-1103,https://www.qaps.co.kr,45911,1,0,127.0321606,37.520499399999999,JDQ4MTg4MSM1MSMkMiMkNCMkMDAkNDgxOTYxIzIxIyQxIyQ1IyQ3OSQ0NjE0ODEjNjEjJDEjJDgjJDgz
클레어성형외과의원,의원,서울,강남구,역삼동,"서울특별시 강남구 테헤란로 107, 메디타워 10층 (역삼동)",02-2138-3177,http://clairps.co.kr,45621,1,0,127.0287606,37.498700700000001,JDQ4MTg4MSM1MSMkMiMkOCMkMDAkMzgxOTYxIzUxIyQxIyQxIyQwMyQyNjEyMjIjODEjJDEjJDYjJDgz
클리니크후즈후의원,의원,서울,강남구,청담동,"서울특별시 강남구 선릉로 842, 3~6층 (청담동)",02-1588-7536,http://www.snusinsa.co.kr,39640,3,3,127.0406885,37.526954199999999,JDQ4MTg4MSM1MSMkMiMkNCMkMDAkNDgxOTYxIzMxIyQxIyQ3IyQwMyQ0NjEwMDIjNDEjJDEjJDgjJDgz
클린업피부과의원,의원,서울,강남구,청담동,"서울특별시 강남구 선릉로 832, 2층 (청담동, 소나무빌딩)",512-7582,http://www.upskin.co.kr,39540,1,1,127.0404494,37.526254000000002,JDQ4MTg4MSM1MSMkMiMkNCMkMDAkNDgxMzUxIzExIyQxIyQ3IyQ2MiQyNjE0ODEjNDEjJDEjJDgjJDgz
클린타투의원,의원,서울,강남구,논현동,"서울특별시 강남구 봉은사로 111, 4층 (논현동)",1644-0755,http://www.ct-ms.co.kr,42963,2,0,127.025723,37.505199300000001,JDQ4MTg4MSM1MSMkMiMkNCMkMDAkMzgxNzAyIzQxIyQxIyQ3IyQ3OSQyNjEyMjIjNDEjJDEjJDgjJDgz
타겟성형외과의원,의원,서울,강남구,논현동,"서울특별시 강남구 도산대로 104, 1st Avenue 6층 (논현동)",02-545-0345,https://www.targetprs.com/,45575,1,0,127.0203412,37.516077500000002,JDQ4MTg4MSM1MSMkMiMkOCMkMDAkMzgxOTYxIzQxIyQxIyQ3IyQ5MiQzNjEyMjIjODEjJDEjJDIjJDgz
탐의원,의원,서울,강남구,청담동,"서울특별시 강남구 도산대로57길 6, 지하1,지상2층 (청담동)",3444-5975,http://www.tamclinic.co.kr/,39836,1,0,127.0416311,37.524069400000002,JDQ4MTg4MSM1MSMkMiMkNCMkMDAkMzgxMzUxIzIxIyQxIyQ1IyQ4MiQzNjE0ODEjNDEjJDEjJDQjJDgz
탱글성형외과의원,의원,서울,강남구,신사동,"서울특별시 강남구 논현로 842, 압구정빌딩 7층 (신사동)",02-542-8427,https://www.tanggleps.com,44901,2,0,127.0287459,37.524050899999999,JDQ4MTg4MSM1MSMkMiMkOCMkMDAkMzgxMzUxIzQxIyQxIyQ3IyQxMyQyNjEyMjIjNjEjJDEjJDAjJDgz
티원의원,의원,서울,강남구,삼성동,"서울특별시 강남구 테헤란로 513, 삼성동 K타워 15층 (삼성동)",02-515-4842,https://t1clinic.com/,41429,1,0,127.05889759999999,37.507998200000003,JDQ4MTg4MSM1MSMkMiMkNCMkMDAkNDgxMTkxIzIxIyQxIyQxIyQ5OSQzNjEwMDIjNjEjJDEjJDQjJDgz
파인드피부과의원,의원,서울,강남구,신사동,"서울특별시 강남구 논현로 820, 제이씨빌딩 5층 (신사동)",02-511-6004,http://www.pindderma.com/,44827,1,1,127.0285196,37.521579099999997,JDQ4MTg4MSM1MSMkMiMkOCMkMDAkMzgxMzUxIzQxIyQxIyQ3IyQ5OSQyNjEyMjIjNTEjJDEjJDYjJDgz
팝성형외과의원,의원,서울,강남구,신사동,"서울특별시 강남구 논현로 837, 원방빌딩 1,2,3층 (신사동)",545-0025,https://pop-ps.com,40466,14,0,127.02798009999999,37.5233451,JDQ4MTg4MSM1MSMkMiMkNCMkMDAkNDgxOTYxIzExIyQxIyQzIyQ4OSQzNjEyMjIjODEjJDEjJDIjJDgz
포레성형외과의원,의원,서울,강남구,논현동,"서울특별시 강남구 강남대로 480, 10층 (논현동)",02-540-0188,https://faureps.com/,45463,1,0,127.02455519999999,37.505290299999999,JDQ4MTg4MSM1MSMkMiMkOCMkMDAkMzgxOTYxIzMxIyQxIyQzIyQwMyQyNjE0ODEjNTEjJDEjJDYjJDgz
포모나자연의원,의원,서울,강남구,신사동,"서울특별시 강남구 도산대로53길 39, 신사동 C/K빌딩 6층 (신사동)",517-4300,http://www.pomonaclinic.co.kr,38157,1,0,127.0389382,37.525842099999998,JDQ4MTg4MSM1MSMkMiMkNCMkMDAkMzgxMzUxIzExIyQxIyQzIyQwMyQ0NjE0ODEjODEjJDEjJDIjJDgz
포이즌의원,의원,서울,강남구,삼성동,"서울특별시 강남구 삼성로 571, 6층 (삼성동, 경산빌딩)",02-569-7174,www.veinclinic.co.kr,37347,1,0,127.05323,37.512352499999999,JDQ4MTg4MSM1MSMkMiMkNCMkMDAkMzgxMzUxIzExIyQxIyQ3IyQwMyQ0NjEwMDIjNTEjJDEjJDIjJDgz
포인트성형외과의원,의원,서울,강남구,신사동,"서울특별시 강남구 압구정로 308, 경진빌딩 4층 (신사동)",3442-0088,http://www.pointdr.co.kr/,38849,1,0,127.03511159999999,37.528834600000003,JDQ4MTg4MSM1MSMkMiMkNCMkMDAkMzgxNzAyIzIxIyQxIyQ5IyQ5OSQzNjE0ODEjNTEjJDEjJDYjJDgz
퓨어피부과의원,의원,서울,강남구,신사동,"서울특별시 강남구 선릉로 801, 3층 (신사동)",02-3443-1222,www.pureclinic.kr,38308,1,1,127.03885200000001,37.523580699999997,JDQ4MTg4MSM1MSMkMiMkNCMkMDAkNTgxMzUxIzIxIyQxIyQ1IyQ5MiQ0NjE0ODEjNTEjJDEjJDYjJDgz
프린세스산부인과의원,의원,서울,강남구,논현동,"서울특별시 강남구 봉은사로 107, 6층 (논현동)",02-541-6864,http://www.swoman.co.kr/,43075,1,0,127.0253945,37.505019099999998,JDQ4MTg4MSM1MSMkMiMkNCMkMDAkNDgxMTkxIzExIyQxIyQzIyQ5OSQ0NjEwMDIjNjEjJDEjJDQjJDgz
필로스의원,의원,서울,강남구,신사동,"서울특별시 강남구 선릉로153길 25, 2, 3층 (신사동)",512-6788,http://www.meiclinic.co.kr,40087,1,0,127.03735210000001,37.524600900000003,JDQ4MTg4MSM1MSMkMiMkNCMkMDAkNDgxOTYxIzIxIyQxIyQ1IyQ4OSQ0NjEwMDIjNDEjJDEjJDgjJDgz
하늘느낌피부과의원,의원,서울,강남구,신사동,"서울특별시 강남구 도산대로49길 13, SMART EXCHANGE 3층 (신사동)",02-511-8035,http://skyfeel.co.kr/index.asp,39205,2,2,127.036967,37.523744399999998,JDQ4MTg4MSM1MSMkMiMkNCMkMDAkMzgxNzAyIzIxIyQyIyQxIyQwMCQyNjE4MzIjNDEjJDEjJDQjJDgz
하오덤의원,의원,서울,강남구,신사동,"서울특별시 강남구 논현로167길 9, 낙산프라자 5층 (신사동)",02-512-3113,https://www.haoderm.com,45608,1,0,127.027446,37.524427699999997,JDQ4MTg4MSM1MSMkMiMkOCMkMDAkMzgxOTYxIzUxIyQxIyQxIyQ2MiQzNjE0ODEjNjEjJDEjJDgjJDgz
한맘플러스재활의학과의원,의원,서울,강남구,대치동,"서울특별시 강남구 역삼로 527, 그린메디칼사옥 1-2층,3층은일부층 (대치동)",02-3452-9912,http://www.1mam.net,41179,1,0,127.0606758,37.503971800000002,JDQ4MTg4MSM1MSMkMiMkNCMkMDAkMzgxNzAyIzUxIyQxIyQxIyQxMyQyNjEwMDIjNjEjJDEjJDQjJDgz
한사랑노노의원,의원,서울,강남구,신사동,"서울특별시 강남구 논현로176길 14, 7층 (신사동)",511-8700,http://www.fillerbotox.com,37736,1,0,127.0297326,37.526993099999999,JDQ4MTg4MSM1MSMkMiMkNCMkMDAkMzgxMzUxIzExIyQxIyQ3IyQ2MiQ0NjE0ODEjNjEjJDEjJDQjJDgz
한송이영상의학과의원,의원,서울,강남구,신사동,"서울특별시 강남구 논현로 841, 제이비 미소빌딩 4층 406호 (신사동)",545-5584,http://www.drhanbreast.com/,39766,1,0,127.027762,37.5240297,JDQ4MTg4MSM1MSMkMiMkNCMkMDAkMzgxOTYxIzUxIyQxIyQxIyQ4OSQzNjE4MzIjNjEjJDEjJDQjJDgz
한희피부과의원,의원,서울,강남구,역삼동,"서울특별시 강남구 논현로 503, 9층 901호 (역삼동, 송촌빌딩)",02-501-0210,http://www.hanhui.co.kr,41114,1,1,127.0363876,37.501269999999998,JDQ4MTg4MSM1MSMkMiMkNCMkMDAkMzgxMTkxIzMxIyQxIyQzIyQ3MiQ0NjEwMDIjNzEjJDEjJDgjJDgz
헤브피부과의원,의원,서울,강남구,신사동,"서울특별시 강남구 도산대로 119, 16층 (신사동)",02-511-8081,https://hevclinic.com/,46017,3,3,127.0214762,37.517322499999999,JDQ4MTg4MSM1MSMkMiMkOCMkMDAkMzgxMTkxIzMxIyQxIyQzIyQ4OSQzNjEyMjIjNzEjJDEjJDgjJDgz
365열린의원,의원,서울,강동구,천호동,"서울특별시 강동구 올림픽로 664, 3층 (천호동, 대우한강베네시티)",02-478-0365,http://www.365medical.co.kr,40423,1,0,127.1249414,37.540610899999997,JDQ4MTg4MSM1MSMkMiMkMCMkMDAkNTgxOTYxIzIxIyQxIyQ5IyQ5OSQyNjE4MzIjNjEjJDEjJDAjJDgz
강동김안과의원,의원,서울,강동구,고덕동,"서울특별시 강동구 고덕로 391, (고덕동)",02-427-6006,www.kdkimeye.kr/,39875,1,0,127.1689885,37.557218499999998,JDQ4MTg4MSM1MSMkMiMkNCMkMDAkNDgxMzUxIzExIyQxIyQ3IyQwMyQzNjE0ODEjNTEjJDEjJDYjJDgz
강동아이비의원,의원,서울,강동구,길동,"서울특별시 강동구 천호대로 1131, 거산 유팰리스 3,4층 (길동)",02-484-7525,http://gangdongivy.kr/?page_id=2,44754,3,0,127.13724670000001,37.534791499999997,JDQ4MTg4MSM1MSMkMiMkMCMkMDAkMzgxMTkxIzIxIyQxIyQ5IyQ5OSQyNjEyMjIjODEjJDEjJDIjJDgz
기린비뇨의학과의원,의원,서울,강동구,길동,"서울특별시 강동구 천호대로 1111, 5층 (길동)",02-487-9200,http://www.gilman.co.kr/sub/sub_list_04.php,40973,1,0,127.13512540000001,37.535383000000003,JDQ4MTg4MSM1MSMkMiMkNCMkMDAkMzgxMTkxIzMxIyQxIyQ3IyQ2MiQyNjEwMDIjNDEjJDEjJDgjJDgz
라임의원,의원,서울,강동구,고덕동,"서울특별시 강동구 고덕로 391, 7층 (고덕동)",02-442-2119,https://www.gd-lime.com/,41453,1,0,127.1689885,37.557218499999998,JDQ4MTg4MSM1MSMkMiMkNCMkMDAkNDgxMzUxIzUxIyQxIyQxIyQ4MiQyNjE0ODEjNDEjJDEjJDgjJDgz
래미피부과의원,의원,서울,강동구,성내동,"서울특별시 강동구 양재대로 1365, (성내동, 심포니타워)",02-487-7077,http://www.raemiskin.co.kr/,38474,1,1,127.1358384,37.528046000000003,JDQ4MTg4MSM1MSMkMiMkNCMkMDAkMzgxMzUxIzQxIyQxIyQ3IyQ3OSQyNjEyMjIjNjEjJDEjJDQjJDgz
러브미의원,의원,서울,강동구,천호동,"서울특별시 강동구 올림픽로 653, 4층 (천호동)",02-486-4326,www.happymi.com/,41901,1,0,127.1235095,37.539934100000004,JDQ4MTg4MSM1MSMkMiMkNCMkMDAkMzgxOTYxIzIxIyQyIyQ1IyQwMCQyNjEyMjIjNzEjJDEjJDgjJDgz
류마내과의원,의원,서울,강동구,천호동,"서울특별시 강동구 천호대로 1099, 5층 502호 (천호동)",474-5450,http://www.rheumanet.com,40066,1,0,127.1341414,37.535768599999997,JDQ4MTg4MSM1MSMkMiMkNCMkMDAkNDgxMzUxIzIxIyQxIyQ5IyQ5OSQyNjEyMjIjNTEjJDEjJDIjJDgz
리앤안의원,의원,서울,강동구,천호동,"서울특별시 강동구 천호대로 1033, 강동빌딩 7층 (천호동)",02-482-6622,http://www.leeahnclinic.co.kr,39041,2,0,127.126974,37.537895300000002,JDQ4MTg4MSM1MSMkMiMkNCMkMDAkMzgxMTkxIzUxIyQxIyQ1IyQ2MiQzNjEyMjIjNDEjJDEjJDgjJDgz
멜로우피부과의원,의원,서울,강동구,성내동,"서울특별시 강동구 천호대로 1024, 힐스테이트 천호역 젠트리스 4층 401~405, 439호 (성내동)",02-487-8733,https://doctormellow-ch.com,45617,1,1,127.1256988,37.537243699999998,JDQ4MTg4MSM1MSMkMiMkOCMkMDAkMzgxOTYxIzUxIyQxIyQxIyQ5MiQyNjE0ODEjNjEjJDEjJDQjJDgz
모세정형외과의원,의원,서울,강동구,길동,"서울특별시 강동구 양재대로 1550, 3,4층 (길동)",02-489-0119,http://www.mose119.com/,38369,2,0,127.14258100000001,37.543900000000001,JDQ4MTg4MSM1MSMkMiMkNCMkMDAkMzgxOTYxIzUxIyQyIyQ1IyQwMCQzNjE0ODEjNDEjJDEjJDgjJDgz
미리의원,의원,서울,강동구,천호동,"서울특별시 강동구 올림픽로 651, 4층 (천호동, 예경빌딩)",470-1175,http://www.mipretty.co.kr,40725,1,0,127.1233821,37.539747200000001,JDQ4MTg4MSM1MSMkMiMkNCMkMDAkNDgxMzUxIzUxIyQxIyQxIyQ3OSQzNjEyMjIjNjEjJDEjJDgjJDgz
박노준산부인과의원,의원,서울,강동구,천호동,"서울특별시 강동구 구천면로 238, (천호동)",02-483-3600,http://www.pnjobgy.com/,32135,1,0,127.13089720000001,37.5416819,JDQ4MTg4MSM1MSMkMiMkMCMkMDAkNDgxMzUxIzMxIyQxIyQzIyQxMyQyNjE4MzIjNjEjJDEjJDAjJDgz
봄으로가는의원,의원,서울,강동구,길동,"서울특별시 강동구 양재대로 1488, (길동)",02-478-5400,http://bomskin.com,40338,1,0,127.1405938,37.538581100000002,JDQ4MTg4MSM1MSMkMiMkNCMkMDAkNDgxMzUxIzUxIyQxIyQxIyQ5MiQyNjE4MzIjNTEjJDEjJDIjJDgz
비너스의원,의원,서울,강동구,명일동,"서울특별시 강동구 양재대로 1629, (명일동)",02-3427-2103,http://www.02-3427-2103.kti114.net,34072,1,0,127.14369840000001,37.551059500000001,JDQ4MTg4MSM1MSMkMiMkMCMkMDAkNDgxOTYxIzMxIyQxIyQzIyQwMyQzNjE4MzIjNjEjJDEjJDQjJDgz
아르보의원,의원,서울,강동구,천호동,"서울특별시 강동구 올림픽로 664, 3층 333호 (천호동, 대우 한강 베네시티)",02-477-7274,http://www.arvo.co.kr,38623,1,0,127.1249758,37.540555400000002,JDQ4MTg4MSM1MSMkMiMkNCMkMDAkMzgxMTkxIzIxIyQyIyQ1IyQwMCQyNjEwMDIjNjEjJDEjJDAjJDgz
온누리피부과의원,의원,서울,강동구,명일동,"서울특별시 강동구 양재대로 1661, (명일동)",02-3426-9775,http://www.onnuriskin.co.kr,39262,5,2,127.1439649,37.553854999999999,JDQ4MTg4MSM1MSMkMiMkNCMkMDAkNDgxMzUxIzQxIyQxIyQ3IyQ3OSQyNjE0ODEjNDEjJDEjJDgjJDgz
웰비뇨기과의원,의원,서울,강동구,명일동,"서울특별시 강동구 양재대로 1620, 3층 (명일동)",427-7876,http://www.welluro.co.kr,41285,1,0,127.1441118,37.550047900000003,JDQ4MTg4MSM1MSMkMiMkNCMkMDAkNDgxMTkxIzExIyQxIyQzIyQ4OSQyNjEyMjIjNDEjJDEjJDgjJDgz
위드피부과의원,의원,서울,강동구,암사동,"서울특별시 강동구 고덕로 133, (암사동, 강동롯데캐슬퍼스트아파트)",02-428-0990,http://www.withderma.co.kr/,40361,1,1,127.1403474,37.555252699999997,JDQ4MTg4MSM1MSMkMiMkNCMkMDAkNDgxMzUxIzUxIyQxIyQxIyQwMyQzNjEwMDIjNjEjJDEjJDgjJDgz
이연세내과의원,의원,서울,강동구,길동,"서울특별시 강동구 양재대로116길 50, (길동)",02-470-8114,www.eyonsei.co.kr/,39063,2,0,127.14316100000001,37.537993700000001,JDQ4MTg4MSM1MSMkMiMkNCMkMDAkMzgxMTkxIzUxIyQxIyQ1IyQ2MiQ0NjE0ODEjNzEjJDEjJDgjJDgz
전장원피부과의원,의원,서울,강동구,길동,"서울특별시 강동구 천호대로 1135, (길동)",02-488-5969,http://junnskin.co.kr/,32646,1,1,127.1378074,37.5346361,JDQ4MTg4MSM1MSMkMiMkMCMkMDAkNDgxOTYxIzExIyQxIyQzIyQ2MiQzNjE4MzIjNjEjJDEjJDAjJDgz
조이소아청소년과의원,의원,서울,강동구,성내동,"서울특별시 강동구 풍성로38길 9, 4층 (성내동)",02-482-7588,http://,40813,1,0,127.1256185,37.531635700000002,JDQ4MTg4MSM1MSMkMiMkNCMkMDAkNDgxOTYxIzIxIyQxIyQ5IyQ2MiQyNjEwMDIjNjEjJDEjJDAjJDgz
차앤박피부과의원,의원,서울,강동구,천호동,"서울특별시 강동구 천호대로 1033, 4층 (천호동, 강동빌딩)",02-485-4650,http://www.cnpskin.com,38128,1,1,127.126974,37.537895300000002,JDQ4MTg4MSM1MSMkMiMkNCMkMDAkMzgxOTYxIzMxIyQxIyQ3IyQ3MiQyNjEyMjIjNDEjJDEjJDgjJDgz
천호이지함피부과의원,의원,서울,강동구,성내동,"서울특별시 강동구 천호대로 1006, 브라운스톤천호 1층 106호 (성내동)",02-485-9700,http://ljh.co.kr/sub01_05_07_05.php,39554,1,1,127.12378959999999,37.538013300000003,JDQ4MTg4MSM1MSMkMiMkNCMkMDAkMzgxNzAyIzQxIyQxIyQ3IyQ3MiQzNjEyMjIjNDEjJDEjJDgjJDgz
쿨맨비뇨의학과의원,의원,서울,강동구,성내동,"서울특별시 강동구 천호대로 1006, 307호, 308호 (성내동)",02-471-7011,http://chunho.coolman.co.kr/,41893,1,0,127.12378959999999,37.538013300000003,JDQ4MTg4MSM1MSMkMiMkNCMkMDAkNDgxMzUxIzIxIyQxIyQxIyQ3MiQ0NjE0ODEjNDEjJDEjJDgjJDgz
퀸즈여성의원,의원,서울,강동구,성내동,"서울특별시 강동구  양재대로 1365, (성내동)",02-428-2223,http://www.queendoctor.com,36584,1,0,127.1358384,37.528046000000003,JDQ4MTg4MSM1MSMkMiMkMCMkMDAkNTgxMzUxIzUxIyQxIyQxIyQ4OSQyNjEwMDIjNDEjJDEjJDgjJDgz
킴스피부과의원,의원,서울,강동구,천호동,"서울특별시 강동구 천호대로 1015, (천호동)",02-487-7542,https://cheonho.hushuskin.com/,39380,2,1,127.12512220000001,37.538508399999998,JDQ4MTg4MSM1MSMkMiMkOCMkMDAkMzgxOTYxIzIxIyQyIyQ1IyQwMCQyNjEwMDIjNTEjJDEjJDIjJDgz
탑비뇨기과의원,의원,서울,강동구,천호동,"서울특별시 강동구 천호대로 1015, 10층 (천호동)",478-0100,http://www.turo.kr,40044,1,0,127.12512220000001,37.538508399999998,JDQ4MTg4MSM1MSMkMiMkNCMkMDAkNDgxMzUxIzIxIyQxIyQ1IyQwMyQzNjE4MzIjNDEjJDEjJDgjJDgz
한빛영상의학과의원,의원,서울,강동구,성내동,"서울특별시 강동구 양재대로 1303, 평원빌딩 6층 (성내동)",02-472-0082,http://,37791,2,0,127.13396729999999,37.522772199999999,JDQ4MTg4MSM1MSMkMiMkNCMkMDAkMzgxOTYxIzExIyQxIyQ3IyQ4MiQzNjE0ODEjNTEjJDEjJDIjJDgz
강북삼성의원,의원,서울,강북구,수유동,"서울특별시 강북구 삼양로77가길 9, 3층 (수유동)",02-980-8767,www.kangbsclinic.com/,36141,1,0,127.01706009999999,37.629555000000003,JDQ4MTg4MSM1MSMkMiMkNCMkMDAkMzgxMTkxIzIxIyQxIyQ5IyQ5OSQzNjE0ODEjODEjJDEjJDIjJDgz
강북연세내과의원,의원,서울,강북구,미아동,"서울특별시 강북구 도봉로 260, 4층 (미아동, 운산빌딩)",02-988-0114,http://www.we88.co.kr,39932,1,0,127.02444029999999,37.6317065,JDQ4MTg4MSM1MSMkMiMkNCMkMDAkNDgxMzUxIzIxIyQxIyQxIyQ5MiQzNjEwMDIjNDEjJDEjJDgjJDgz
노블클래식의원,의원,서울,강북구,미아동,"서울특별시 강북구 월계로 43-1, 2층 (미아동)",02-988-0057,http://www.nobleclassic.com/,40800,1,0,127.03446750000001,37.611570299999997,JDQ4MTg4MSM1MSMkMiMkMCMkMDAkMzgxNzAyIzUxIyQxIyQ1IyQ3OSQzNjE0ODEjNzEjJDEjJDgjJDgz
닥터맘소아청소년과의원,의원,서울,강북구,미아동,"서울특별시 강북구 삼양로27길 35-21, (미아동)",02-982-8678,http://www.dr-mom.net,40182,2,0,127.01894249999999,37.617984300000003,JDQ4MTg4MSM1MSMkMiMkNCMkMDAkNDgxMzUxIzMxIyQxIyQzIyQ5MiQzNjEwMDIjNDEjJDEjJDQjJDgz
라르떼의원,의원,서울,강북구,번동,"서울특별시 강북구 도봉로 320, 3층 (번동, 제이제이타워)",02-907-3700,http://larte.kr/,42468,1,0,127.0245779,37.636523599999997,JDQ4MTg4MSM1MSMkMiMkNCMkMDAkNDgxOTYxIzQxIyQxIyQ3IyQ3MiQyNjE0ODEjNTEjJDEjJDIjJDgz
미래소아청소년과의원,의원,서울,강북구,미아동,"서울특별시 강북구 삼양로 247, 3층 (미아동, 롯데마트 삼양점)",02-987-7015,http://ansoa.mdrline.net/Module/DoctorInfo/DoctorInfo.asp,35226,3,0,127.017747,37.625518200000002,JDQ4MTg4MSM1MSMkMiMkMCMkMDAkNDgxNzAyIzIxIyQxIyQ5IyQ3MiQzNjE0ODEjNTEjJDEjJDYjJDgz
미애로여성의원,의원,서울,강북구,번동,"서울특별시 강북구 도봉로 332, 4층 (번동, 홍승빌딩)",02-996-4500,http://www.miaerosu.com/,40582,1,0,127.02557109999999,37.637357100000003,JDQ4MTg4MSM1MSMkMiMkNCMkMDAkNDgxOTYxIzExIyQxIyQ3IyQ2MiQyNjE0ODEjNzEjJDEjJDgjJDgz
미앤미의원,의원,서울,강북구,번동,"서울특별시 강북구 도봉로 324, 6층 (번동, 글로리타워)",02-999-1101,http://www.y365.co.kr,40801,1,0,127.0248586,37.636798300000002,JDQ4MTg4MSM1MSMkMiMkNCMkMDAkNDgxMzUxIzQxIyQxIyQ3IyQ2MiQzNjE0ODEjNTEjJDEjJDIjJDgz
방외과의원,의원,서울,강북구,수유동,"서울특별시 강북구 삼양로 318, (수유동, 방외과)",02-984-1255,http://www.barng.co.kr,35170,1,0,127.0179668,37.631790299999999,JDQ4MTg4MSM1MSMkMiMkMCMkMDAkNDgxNzAyIzIxIyQxIyQ5IyQ3OSQzNjE0ODEjNzEjJDEjJDgjJDgz
샤인의원,의원,서울,강북구,미아동,"서울특별시 강북구 숭인로 63, 송원빌딩 4층 (미아동)",02-989-7654,https://shineclinic.kr/,39731,1,0,127.0286644,37.6126413,JDQ4MTg4MSM1MSMkMiMkNCMkMDAkNDgxOTYxIzIxIyQxIyQ5IyQ5MiQzNjE4MzIjNjEjJDEjJDQjJDgz
서울의원,의원,서울,강북구,번동,"서울특별시 강북구 도봉로 324, 11층 (번동, 글로리타워)",02-997-4890,http://www.seoulkim.co.kr,34703,1,0,127.0248586,37.636798300000002,JDQ4MTg4MSM1MSMkMiMkMCMkMDAkNDgxMTkxIzExIyQxIyQzIyQ5OSQzNjE4MzIjNjEjJDEjJDQjJDgz
서울탑비뇨의학과의원,의원,서울,강북구,수유동,"서울특별시 강북구 도봉로 253, 서울메디칼빌딩 4~6층 (수유동)",02-946-0016,http://,37081,2,0,127.0239935,37.631019999999999,JDQ4MTg4MSM1MSMkMiMkMCMkMDAkNTgxOTYxIzMxIyQxIyQ3IyQ3MiQyNjEwMDIjNTEjJDEjJDIjJDgz
수유바로본의원,의원,서울,강북구,번동,"서울특별시 강북구 도봉로 308, 북한산스카이빌딩 4층 (번동)",02-991-7511,https://www.suyubarobone.co.kr,45569,1,0,127.02383519999999,37.6356641,JDQ4MTg4MSM1MSMkMiMkOCMkMDAkMzgxOTYxIzQxIyQxIyQ3IyQ4MiQzNjEwMDIjNTEjJDEjJDIjJDgz
엘앤에스비뇨기과의원,의원,서울,강북구,미아동,"서울특별시 강북구 도봉로 217, 5,6,7층 (미아동, 25메디컬빌딩)",02-988-1151,http://www.lnsclinic.com,39097,5,0,127.02511079999999,37.628057699999999,JDQ4MTg4MSM1MSMkMiMkNCMkMDAkMzgxMTkxIzUxIyQxIyQ1IyQxMyQ0NjE0ODEjNTEjJDEjJDYjJDgz
엠에스아산내과의원,의원,서울,강북구,번동,"서울특별시 강북구 도봉로 324, 3층 (번동, 글로리타워)",02-997-0123,http://www.msasan.com,39265,1,0,127.0248586,37.636798300000002,JDQ4MTg4MSM1MSMkMiMkNCMkMDAkMzgxOTYxIzExIyQxIyQzIyQ3MiQ0NjEwMDIjNDEjJDEjJDQjJDgz
연세견우정형외과의원,의원,서울,강북구,미아동,"서울특별시 강북구 도봉로 196, (미아동)",02-988-0063,http://www.shoulderfriends.co.kr,40892,1,0,127.0265993,37.626160400000003,JDQ4MTg4MSM1MSMkMiMkNCMkMDAkNDgxMzUxIzIxIyQyIyQxIyQwMCQ0NjE0ODEjNjEjJDEjJDgjJDgz
연세신효선성형외과의원,의원,서울,강북구,번동,"서울특별시 강북구 도봉로 358, 코스타타워 3층 303호 (번동)",02-905-0690,http://www.yonseiclinic.net/,37754,1,0,127.02749129999999,37.639145399999997,JDQ4MTg4MSM1MSMkMiMkNCMkMDAkMzgxNzAyIzIxIyQxIyQ5IyQ5OSQ0NjEwMDIjNjEjJDEjJDAjJDgz
우리맑은의원,의원,서울,강북구,미아동,"서울특별시 강북구 도봉로 196-0, (미아동, 삼화빌딩 9층)",02-987-7711,http://www.wooriskin.com/,41002,1,0,127.0265993,37.626160400000003,JDQ4MTg4MSM1MSMkMiMkNCMkMDAkNDgxOTYxIzQxIyQxIyQ3IyQ5OSQyNjE4MzIjNjEjJDEjJDQjJDgz
우리의원,의원,서울,강북구,수유동,"서울특별시 강북구 도봉로 255, 3층 (수유동)",02-989-2800,http://,32753,1,0,127.0239193,37.6311471,JDQ4MTg4MSM1MSMkMiMkMCMkMDAkNDgxOTYxIzExIyQxIyQ3IyQ5OSQzNjE4MzIjNjEjJDEjJDgjJDgz
체인지미피부과의원,의원,서울,강북구,번동,"서울특별시 강북구 도봉로 358, 코스타타워 203호 (번동)",02-998-9114,http://www.change-me.com,37440,1,1,127.02749129999999,37.639145399999997,JDQ4MTg4MSM1MSMkMiMkNCMkMDAkMzgxMzUxIzMxIyQxIyQ3IyQ2MiQyNjEwMDIjNDEjJDEjJDQjJDgz
푸름외과의원,의원,서울,강북구,미아동,"서울특별시 강북구 도봉로 30, 12층 (미아동, 에코피아빌딩)",02-981-6006,epurum.net,40231,1,0,127.0307165,37.611662899999999,JDQ4MTg4MSM1MSMkMiMkNCMkMDAkNDgxMTkxIzUxIyQxIyQxIyQ4MiQyNjE0ODEjNDEjJDEjJDgjJDgz
하맥외과의원,의원,서울,강북구,번동,"서울특별시 강북구 도봉로 324, 7층 (번동, 탑메디칼센터)",02-985-2332,www.harmac.co.kr/,37506,1,0,127.0248586,37.636798300000002,JDQ4MTg4MSM1MSMkMiMkMCMkMDAkNDgxNzAyIzUxIyQxIyQ1IyQ3MiQzNjEwMDIjNTEjJDEjJDYjJDgz
강남준성형외과의원,의원,서울,강서구,마곡동,"서울특별시 강서구 공항대로 261, 발산파크프라자 4층 402~3호 (마곡동)",533-0285,http://www.juneclinic.co.kr,37601,1,0,126.836521,37.559153199999997,JDQ4MTg4MSM1MSMkMiMkNCMkMDAkMzgxMzUxIzQxIyQxIyQ3IyQ3MiQzNjE0ODEjODEjJDEjJDIjJDgz
강서연세내과의원,의원,서울,강서구,방화동,"서울특별시 강서구 양천로 72, 403호, 404호 (방화동, 해성빌딩)",02-2662-7582,www.gs-yonsei.com/,41128,1,0,126.81179229999999,37.573217200000002,JDQ4MTg4MSM1MSMkMiMkNCMkMDAkNDgxOTYxIzUxIyQxIyQxIyQ5MiQzNjE0ODEjNjEjJDEjJDgjJDgz
김현영산부인과의원,의원,서울,강서구,화곡동,"서울특별시 강서구 강서로 43, 402,403호 (화곡동, 도양라비앙타워)",02-2699-5225,http://dryoung.or.kr/,40273,1,0,126.8465161,37.531529800000001,JDQ4MTg4MSM1MSMkMiMkNCMkMDAkNDgxMzUxIzQxIyQxIyQ3IyQ3MiQyNjEwMDIjNjEjJDEjJDQjJDgz
나은마취통증의학과의원,의원,서울,강서구,화곡동,"서울특별시 강서구 화곡로 176-4, 4층 (화곡동)",02-2605-8575,http://www.naeunpain.com/,40060,1,0,126.8411471,37.541638499999998,JDQ4MTg4MSM1MSMkMiMkNCMkMDAkNDgxMzUxIzIxIyQxIyQ5IyQ5OSQyNjE0ODEjNjEjJDEjJDgjJDgz
더화이트의원,의원,서울,강서구,화곡동,"서울특별시 강서구 강서로 242, 306호 (화곡동, 강서힐스테이트)",02-2065-2301,http://soowoman.co.kr,40669,1,0,126.8367634,37.547384800000003,JDQ4MTg4MSM1MSMkMiMkNCMkMDAkNDgxOTYxIzIxIyQxIyQxIyQwMyQ0NjE0ODEjODEjJDEjJDIjJDgz
라르떼의원,의원,서울,강서구,화곡동,"서울특별시 강서구 강서로 161, 4,5층 (화곡동)",02-2604-0100,http://larte.kr,41046,1,0,126.8405606,37.541128700000002,JDQ4MTg4MSM1MSMkMiMkNCMkMDAkNDgxMTkxIzExIyQxIyQ3IyQ4MiQyNjE0ODEjNzEjJDEjJDgjJDgz
라임비뇨기과의원,의원,서울,강서구,화곡동,"서울특별시 강서구 공항대로 426, 401,402호 (화곡동, VIP오피스텔)",02-2651-8270,http://www.kangseo-lime.com,39267,1,0,126.8542321,37.554827299999999,JDQ4MTg4MSM1MSMkMiMkNCMkMDAkMzgxOTYxIzMxIyQxIyQzIyQ3OSQ0NjE0ODEjNzEjJDEjJDgjJDgz
맑은얼굴의원,의원,서울,강서구,화곡동,"서울특별시 강서구 강서로 177, 영빌딩 5층 501호 (화곡동)",02-2698-3011,http://www.cleanface.co.kr,40000,1,0,126.83950419999999,37.542183799999997,JDQ4MTg4MSM1MSMkMiMkNCMkMDAkMzgxMTkxIzIxIyQxIyQ5IyQ3OSQyNjE4MzIjNjEjJDEjJDQjJDgz
베러미의원,의원,서울,강서구,마곡동,"서울특별시 강서구 마곡중앙5로 22, 302, 303호 (마곡동)",02-6349-9000,https://magoknaru.bettermeclinic.co.kr/,45393,1,0,126.82530300000001,37.567249799999999,JDQ4MTg4MSM1MSMkMiMkOCMkMDAkMzgxOTYxIzIxIyQxIyQ5IyQ4MiQzNjEwMDIjNTEjJDEjJDYjJDgz
보아스이비인후과의원,의원,서울,강서구,화곡동,"서울특별시 강서구 강서로 56, 3층 (화곡동)",02-2601-7528,http://www.boazent.co.kr,37683,1,0,126.84640159999999,37.532770900000003,JDQ4MTg4MSM1MSMkMiMkNCMkMDAkMzgxMzUxIzUxIyQxIyQxIyQxMyQ0NjE0ODEjNjEjJDEjJDgjJDgz
비전이비인후과의원,의원,서울,강서구,가양동,"서울특별시 강서구 허준로 198, 303호 (가양동, 가양프라자)",02-3664-8001,http://www.drnose.co.kr/,36838,1,0,126.8602635,37.561302900000001,JDQ4MTg4MSM1MSMkMiMkMCMkMDAkNTgxOTYxIzExIyQxIyQ3IyQ3MiQyNjE4MzIjNzEjJDEjJDgjJDgz
빈센트의원,의원,서울,강서구,마곡동,"서울특별시 강서구 강서로 391, 7층 702~704호호 (마곡동, 문영비즈웍스)",02-3665-3651,http://www.dr-ephraim.co.kr,42922,2,0,126.8384276,37.560544899999996,JDQ4MTg4MSM1MSMkMiMkNCMkMDAkNDgxOTYxIzMxIyQxIyQ3IyQ5MiQ0NjEwMDIjNjEjJDEjJDAjJDgz
서울프리마비뇨의학과의원,의원,서울,강서구,등촌동,"서울특별시 강서구 강서로56길 110, SJC빌딩 5층 (등촌동)",02-2659-5254,http://,36110,1,0,126.8448925,37.558881100000001,JDQ4MTg4MSM1MSMkMiMkNCMkMDAkMzgxMTkxIzMxIyQxIyQ3IyQxMyQzNjE4MzIjNjEjJDEjJDgjJDgz
셀로디피부과의원 강서점,의원,서울,강서구,등촌동,"서울특별시 강서구 공항대로 525, 비원오피스텔 2층 202~3호 (등촌동)",02-3664-1675,https://ks.cellodyskin.com,45789,3,3,126.8652886,37.551539599999998,JDQ4MTg4MSM1MSMkMiMkOCMkMDAkMzgxMTkxIzExIyQxIyQ3IyQ4MiQzNjEyMjIjODEjJDEjJDIjJDgz
셀앤케이의원,의원,서울,강서구,마곡동,"서울특별시 강서구 공항대로 242, 열린M타워Ⅱ 3층 313,314,315호 (마곡동)",,https://www.cellnk.com,45526,1,0,126.8343428,37.558499099999999,JDQ4MTg4MSM1MSMkMiMkOCMkMDAkMzgxOTYxIzMxIyQxIyQ3IyQxMyQyNjEyMjIjNTEjJDEjJDYjJDgz
에스앤유장승호피부과의원,의원,서울,강서구,마곡동,"서울특별시 강서구 방화대로 294, 4층 410호 (마곡동, 마곡더블유타워)",02-567-5050,http://www.snusinsa.co.kr,42503,1,1,126.8170516,37.566996199999998,JDQ4MTg4MSM1MSMkMiMkNCMkMDAkMzgxNzAyIzIxIyQxIyQ5IyQ5MiQyNjEyMjIjNTEjJDEjJDYjJDgz
엘유라인업의원,의원,서울,강서구,화곡동,"서울특별시 강서구 강서로 27, 303호, 304호 (화곡동)",02-2646-4200,http://www.luclinic.co.kr,41184,1,0,126.8471931,37.530373400000002,JDQ4MTg4MSM1MSMkMiMkNCMkMDAkMzgxNzAyIzMxIyQxIyQzIyQ4OSQzNjE4MzIjNzEjJDEjJDgjJDgz
연세필비뇨기과의원,의원,서울,강서구,화곡동,"서울특별시 강서구 강서로 43, 603호 (화곡동, 도양라비앙타워)",02-2065-3030,http://www.philuro.net/,40301,1,0,126.8465161,37.531529800000001,JDQ4MTg4MSM1MSMkMiMkNCMkMDAkNDgxMzUxIzQxIyQxIyQ3IyQxMyQzNjE0ODEjODEjJDEjJDYjJDgz
예사랑피부과의원,의원,서울,강서구,가양동,"서울특별시 강서구 양천로57길 9-7, 2층 (가양동)",02-3662-7975,http://,39601,1,1,126.85143890000001,37.563407599999998,JDQ4MTg4MSM1MSMkMiMkNCMkMDAkMzgxNzAyIzIxIyQxIyQ1IyQ3OSQzNjE4MzIjNzEjJDEjJDgjJDgz
오가나셀피부과의원마곡점,의원,서울,강서구,마곡동,"서울특별시 강서구 마곡중앙로 105-7, 2층 (마곡동)",02-2659-2888,https://oganacell-magok.com/,45716,2,1,126.8260942,37.562956200000002,JDQ4MTg4MSM1MSMkMiMkOCMkMDAkMzgxMTkxIzExIyQxIyQzIyQ5OSQzNjE4MzIjNDEjJDEjJDgjJDgz
오라클피부과의원(화곡점),의원,서울,강서구,화곡동,"서울특별시 강서구 화곡로 176-4, 7층 (화곡동)",02-2605-1175,http://www.skinland.com/sub10/_areaInfo.php?area=서울 화곡점,39902,1,1,126.8411471,37.541638499999998,JDQ4MTg4MSM1MSMkMiMkNCMkMDAkNDgxMzUxIzIxIyQxIyQxIyQ5OSQyNjE0ODEjNTEjJDEjJDYjJDgz
우리정형외과의원,의원,서울,강서구,등촌동,"서울특별시 강서구 등촌로 75, 3층 (등촌동, 지덕빌딩)",02-2644-0114,http://www.woorios.co.kr,38827,1,0,126.8632229,37.5367046,JDQ4MTg4MSM1MSMkMiMkNCMkMDAkMzgxMTkxIzMxIyQxIyQ3IyQ2MiQzNjEwMDIjNTEjJDEjJDYjJDgz
의) 롯데의료재단 보바스의원,의원,서울,강서구,마곡동,"서울특별시 강서구 마곡중앙3로 16, VL 르웨스트 1층 (마곡동)",02-6735-6800,https://www.bobathm.net/,45975,1,0,126.824547,37.562961600000001,JDQ4MTg4MSM1MSMkMiMkOCMkMDAkMzgxMTkxIzIxIyQxIyQ5IyQ3MiQyNjEwMDIjODEjJDEjJDYjJDgz
이고은피부과의원,의원,서울,강서구,화곡동,"서울특별시 강서구 화곡로 164, (화곡동)",02-2606-0075,http://www.ourskin.co.kr/,37910,2,1,126.8398924,37.5412508,JDQ4MTg4MSM1MSMkMiMkNCMkMDAkMzgxOTYxIzIxIyQxIyQ1IyQ4OSQ0NjEwMDIjNDEjJDEjJDQjJDgz
이동훈내과의원,의원,서울,강서구,가양동,"서울특별시 강서구 양천로57길 9-7, 301호 (가양동, 청계빌딩)",02-3662-8242,www.ldhmedclinic.com/,40731,1,0,126.85143890000001,37.563407599999998,JDQ4MTg4MSM1MSMkMiMkNCMkMDAkNDgxOTYxIzIxIyQxIyQ1IyQ5MiQzNjE4MzIjODEjJDEjJDYjJDgz
이승한피부과의원,의원,서울,강서구,화곡동,"서울특별시 강서구 강서로 43-17, 302호 (화곡동, 오거닉타워)",02-2690-8869,http://,35291,1,1,126.8466933,37.531106100000002,JDQ4MTg4MSM1MSMkMiMkMCMkMDAkNDgxNzAyIzExIyQxIyQzIyQ5OSQ0NjE0ODEjODEjJDEjJDYjJDgz
이진행비뇨기과의원,의원,서울,강서구,가양동,"서울특별시 강서구 양천로57길 16, 3층 (가양동, 영보빌딩)",02-3661-0854,http://www.drleeuro.co.kr/,35264,1,0,126.8525226,37.563379500000003,JDQ4MTg4MSM1MSMkMiMkMCMkMDAkNDgxNzAyIzIxIyQxIyQ5IyQwMyQyNjEyMjIjODEjJDEjJDYjJDgz
정내과의원,의원,서울,강서구,화곡동,"서울특별시 강서구 까치산로4길 3, 2층 (화곡동, 화성빌딩)",02-2606-7577,http://www.drtaese.co.kr/index.asp,36393,2,0,126.8441365,37.5424875,JDQ4MTg4MSM1MSMkMiMkMCMkMDAkNTgxMzUxIzMxIyQxIyQzIyQwMyQyNjEyMjIjNDEjJDEjJDgjJDgz
최비뇨의학과의원,의원,서울,강서구,가양동,"서울특별시 강서구 양천로 461, 주영빌딩 4층 401호 (가양동)",02-2659-9477,http://www.choiclinic.com/,34452,1,0,126.8522408,37.563049499999998,JDQ4MTg4MSM1MSMkMiMkMCMkMDAkNTgxMzUxIzUxIyQxIyQ1IyQ5OSQ0NjEwMDIjNDEjJDEjJDQjJDgz
코앤유의원,의원,서울,강서구,공항동,"서울특별시 강서구 공항대로 32, (공항동)",02-2661-0567,http://www.conyou.co.kr,38166,1,0,126.8107236,37.561033799999997,JDQ4MTg4MSM1MSMkMiMkMCMkMDAkNDgxNzAyIzUxIyQxIyQ1IyQ5MiQzNjE4MzIjNjEjJDEjJDAjJDgz
하나메디퀸즈의원,의원,서울,강서구,마곡동,"서울특별시 강서구 마곡중앙8로1길 81, 3층 IT-308~9,BT-330~4호 (마곡동)",,http://hanamediqueens.com,46015,1,0,126.8375721,37.568396,JDQ4MTg4MSM1MSMkMiMkOCMkMDAkMzgxMTkxIzMxIyQxIyQzIyQ4OSQzNjE0ODEjNDEjJDEjJDgjJDgz
햇살가득한가정의학과의원,의원,서울,강서구,화곡동,"서울특별시 강서구 등촌로 59-1, 2층 (화곡동)",02-2062-1600,http://www.haetsalclinic.co.kr,39265,1,0,126.8631863,37.535382200000001,JDQ4MTg4MSM1MSMkMiMkMCMkMDAkNDgxNzAyIzQxIyQxIyQ3IyQwMyQyNjE0ODEjNDEjJDEjJDgjJDgz
현대항분하지외과의원,의원,서울,강서구,화곡동,"서울특별시 강서구 화곡로 166, 화수빌딩 5,6층 (화곡동)",02-2698-5021,http://vein75.net/,44504,1,0,126.840087,37.5413073,JDQ4MTg4MSM1MSMkMiMkMCMkMDAkNDgxNzAyIzQxIyQxIyQ3IyQxMyQyNjE0ODEjODEjJDEjJDYjJDgz
김성무비뇨기과의원,의원,서울,관악구,봉천동,"서울특별시 관악구 남부순환로 1827, 3층 (봉천동)",02-878-1569,http://,35647,1,0,126.95342770000001,37.4813525,JDQ4MTg4MSM1MSMkMiMkMCMkMDAkMzgxNzAyIzIxIyQxIyQ1IyQ3OSQyNjE4MzIjNDEjJDEjJDgjJDgz
김의원,의원,서울,관악구,신림동,"서울특별시 관악구 신림로 368, 2층 (신림동)",02-855-7541,http://dr-kiment.co.kr,40942,1,0,126.9292677,37.487123099999998,JDQ4MTg4MSM1MSMkMiMkNCMkMDAkMzgxMzUxIzExIyQxIyQ3IyQwMyQzNjE4MzIjNjEjJDEjJDgjJDgz
더영산부인과의원,의원,서울,관악구,봉천동,"서울특별시 관악구 관악로 195, 314,315호 (봉천동, 관악위버폴리스)",02-876-7722,http://www.flocedangsan.com,42144,1,0,126.9531143,37.482820699999998,JDQ4MTg4MSM1MSMkMiMkNCMkMDAkMzgxMTkxIzUxIyQxIyQ1IyQwMyQzNjEwMDIjNDEjJDEjJDgjJDgz
리즈산부인과의원,의원,서울,관악구,신림동,"서울특별시 관악구 남부순환로 1599, 3층 (신림동)",02-888-1218,http://www.iriz.co.kr/user/branch/branch/contents_01.asp?bseq=OCAg#contents_area,40990,1,0,126.9281786,37.484306699999998,JDQ4MTg4MSM1MSMkMiMkNCMkMDAkNDgxOTYxIzQxIyQxIyQ3IyQ3OSQzNjE0ODEjODEjJDEjJDYjJDgz
매일참사랑의원,의원,서울,관악구,신림동,"서울특별시 관악구 호암로22길 60, 태양빌딩 3층 (신림동)",02-883-7582,http://www.365goodmorning.co.kr,39578,1,0,126.93618119999999,37.4685512,JDQ4MTg4MSM1MSMkMiMkNCMkMDAkNDgxOTYxIzQxIyQyIyQ3IyQwMCQyNjE4MzIjNTEjJDEjJDIjJDgz
미앤미의원,의원,서울,관악구,봉천동,"서울특별시 관악구 남부순환로 1801, 6층 (봉천동)",02-877-8160,http://www.sjnunco.com,44449,1,0,126.9503577,37.481833199999997,JDQ4MTg4MSM1MSMkMiMkNCMkMDAkNDgxMTkxIzExIyQxIyQzIyQ3MiQyNjEyMjIjNDEjJDEjJDQjJDgz
박앤박피부과의원,의원,서울,관악구,신림동,"서울특별시 관악구 신림로 137, 조흥빌딩 5층 (신림동)",02-888-0750,http://www.parknpark.co.kr/,39960,1,1,126.9340785,37.471163599999997,JDQ4MTg4MSM1MSMkMiMkMCMkMDAkNDgxMzUxIzExIyQxIyQzIyQxMyQzNjE0ODEjNDEjJDEjJDgjJDgz
블리비의원,의원,서울,관악구,신림동,"서울특별시 관악구 시흥대로 552, 8층 (신림동)",1644-8341,ㅇ,41865,3,0,126.9014464,37.482126700000002,JDQ4MTg4MSM1MSMkMiMkNCMkMDAkNDgxMTkxIzQxIyQyIyQ3IyQwMCQyNjE0ODEjNTEjJDEjJDYjJDgz
사는기쁨이비인후과의원,의원,서울,관악구,봉천동,"서울특별시 관악구 인헌길 39, 3층 (봉천동, 법향빌딩)",02-875-8262,www.joymedic.com/,40308,1,0,126.966936,37.473684800000001,JDQ4MTg4MSM1MSMkMiMkNCMkMDAkNDgxMzUxIzIxIyQxIyQxIyQ4MiQ0NjE0ODEjODEjJDEjJDIjJDgz
서울온비뇨의학과의원,의원,서울,관악구,신림동,"서울특별시 관악구 남부순환로 1619, 영일빌딩 4층 (신림동)",02-877-7788,http://on-uro.com,45539,1,0,126.930519,37.484655699999998,JDQ4MTg4MSM1MSMkMiMkOCMkMDAkMzgxOTYxIzQxIyQyIyQ3IyQwMCQ0NjEwMDIjNTEjJDEjJDYjJDgz
연세365산부인과의원,의원,서울,관악구,남현동,"서울특별시 관악구 과천대로 939, 르메이에르강남타운2 306,307,308호 (남현동)",02-547-2876,http://www.ysmi.co.kr,43452,1,0,126.98146010000001,37.474393800000001,JDQ4MTg4MSM1MSMkMiMkNCMkMDAkNDgxOTYxIzIxIyQxIyQ1IyQwMyQyNjEyMjIjNjEjJDEjJDQjJDgz
연세건강한내과의원,의원,서울,관악구,봉천동,"서울특별시 관악구 보라매로 12, 4층 (봉천동)",02-875-7596,http://www.byhim4u.com/index.asp,39315,2,0,126.9277574,37.4904929,JDQ4MTg4MSM1MSMkMiMkNCMkMDAkMzgxNzAyIzIxIyQxIyQ1IyQ4MiQzNjEyMjIjNTEjJDEjJDIjJDgz
충민내과의원,의원,서울,관악구,봉천동,"서울특별시 관악구 관악로 194, 2층 (봉천동)",02-478-0035,http://www.drcancer.or.kr/,43437,1,0,126.95374390000001,37.482294799999998,JDQ4MTg4MSM1MSMkMiMkMCMkMDAkNDgxMzUxIzMxIyQxIyQzIyQwMyQ0NjE0ODEjODEjJDEjJDIjJDgz
코스모스의원,의원,서울,관악구,봉천동,"서울특별시 관악구 남부순환로 1837, 샤론빌딩 3층 (봉천동)",02-877-8383,http://www.cosmosps.com/,39582,1,0,126.9545067,37.4809208,JDQ4MTg4MSM1MSMkMiMkMCMkMDAkNDgxMzUxIzQxIyQxIyQ3IyQ5MiQyNjE4MzIjNTEjJDEjJDIjJDgz
하나항맥외과의원,의원,서울,관악구,봉천동,"서울특별시 관악구 관악로 203, 3층 (봉천동)",02-875-7233,http://www.1hangmac.kr,40485,1,0,126.9537917,37.483307799999999,JDQ4MTg4MSM1MSMkMiMkNCMkMDAkMzgxMTkxIzIxIyQxIyQ5IyQ4OSQyNjE0ODEjODEjJDEjJDIjJDgz
건대닥터에버스의원,의원,서울,광진구,자양동,"서울특별시 광진구 능동로 87, 203~209-1호 (자양동)",02-6952-7131,https://www.evers25.co.kr/,45882,3,0,127.06965510000001,37.539145900000001,JDQ4MTg4MSM1MSMkMiMkOCMkMDAkMzgxMTkxIzIxIyQxIyQ1IyQ5OSQzNjEwMDIjNTEjJDEjJDYjJDgz
고려산부인과의원,의원,서울,광진구,군자동,"서울특별시 광진구 광나루로 355, 3층 (군자동)",02-462-7799,http://www.koreaobgy.co.kr,39195,1,0,127.0693575,37.548382799999999,JDQ4MTg4MSM1MSMkMiMkMCMkMDAkNTgxMzUxIzIxIyQxIyQxIyQ5MiQ0NjE0ODEjNTEjJDEjJDYjJDgz
광진성모셀인의원,의원,서울,광진구,자양동,"서울특별시 광진구 능동로 50, (자양동,이튼리버타워 2차 207호)",466-0662,http://www.smilesungmo.com,36393,1,0,127.0693472,37.535663100000001,JDQ4MTg4MSM1MSMkMiMkMCMkMDAkNTgxMzUxIzMxIyQxIyQzIyQwMyQyNjE0ODEjNjEjJDEjJDAjJDgz
굿모닝함운외과의원,의원,서울,광진구,중곡동,"서울특별시 광진구 천호대로 653, 3층 (중곡동)",455-7175,http://www.gm7175.com,37284,1,0,127.08966789999999,37.552849899999998,JDQ4MTg4MSM1MSMkMiMkNCMkMDAkMzgxMzUxIzExIyQxIyQzIyQ5OSQzNjE0ODEjNDEjJDEjJDgjJDgz
그랜트피부과의원,의원,서울,광진구,중곡동,"서울특별시 광진구 천호대로 549, 지타워 3층 (중곡동)",02-2039-1477,www.grantskin.com,44376,3,1,127.0792261,37.557698500000001,JDQ4MTg4MSM1MSMkMiMkOCMkMDAkMzgxMzUxIzExIyQxIyQzIyQ5OSQzNjE0ODEjNjEjJDEjJDQjJDgz
김영관내과안과의원,의원,서울,광진구,광장동,"서울특별시 광진구 아차산로 506, 은석 3층 (광장동)",455-5574,http://kykmedical.co.kr,37231,3,0,127.0977256,37.541490000000003,JDQ4MTg4MSM1MSMkMiMkMCMkMDAkNTgxOTYxIzUxIyQxIyQxIyQxMyQ0NjE0ODEjNDEjJDEjJDgjJDgz
김재선피부과의원,의원,서울,광진구,자양동,"서울특별시 광진구 자양로 48, (자양동)",02-455-0080,http://nice080.co.kr/024550080/index.asp,32840,1,1,127.0857695,37.532381600000001,JDQ4MTg4MSM1MSMkMiMkMCMkMDAkNDgxOTYxIzExIyQxIyQ3IyQ5MiQzNjEwMDIjNjEjJDEjJDgjJDgz
대원피부과의원,의원,서울,광진구,중곡동,"서울특별시 광진구 용마산로 58, 2층 (중곡동)",02-453-7900,http://,37553,1,1,127.0880246,37.558806699999998,JDQ4MTg4MSM1MSMkMiMkNCMkMDAkMzgxOTYxIzExIyQxIyQzIyQ4OSQyNjEwMDIjNjEjJDEjJDQjJDgz
라비아의원,의원,서울,광진구,자양동,"서울특별시 광진구 아차산로 220, 4층 (자양동)",464-9500,http://www.kd-lamarskin.com,39244,1,0,127.0676643,37.540639900000002,JDQ4MTg4MSM1MSMkMiMkNCMkMDAkMzgxMzUxIzExIyQxIyQzIyQ2MiQ0NjEwMDIjNzEjJDEjJDgjJDgz
만택루쎄의원,의원,서울,광진구,구의동,"서울특별시 광진구 광나루로 614, 만택빌딩 6,8층 (구의동)",02-456-5333,http://luce-clinic.co.kr/,33372,2,0,127.0958444,37.540797499999996,JDQ4MTg4MSM1MSMkMiMkMCMkMDAkNDgxOTYxIzQxIyQxIyQ3IyQ3MiQzNjEyMjIjODEjJDEjJDIjJDgz
맑은윤의원,의원,서울,광진구,구의동,"서울특별시 광진구 자양로 116, 205,206호 (구의동, 웰츠타워)",02-452-5958,http://www.dryoonclinic.com,45953,1,0,127.0838827,37.538220899999999,JDQ4MTg4MSM1MSMkMiMkOCMkMDAkMzgxMTkxIzIxIyQxIyQ5IyQ5OSQyNjE4MzIjNTEjJDEjJDYjJDgz
샤인소아청소년과의원,의원,서울,광진구,중곡동,"서울특별시 광진구 용마산로 57, 1층 (중곡동)",02-562-8275,http://www.shineped.co.kr,40315,2,0,127.08756409999999,37.558748899999998,JDQ4MTg4MSM1MSMkMiMkNCMkMDAkNDgxMzUxIzUxIyQxIyQxIyQ4OSQyNjEyMjIjNDEjJDEjJDgjJDgz
서울내외의원,의원,서울,광진구,구의동,"서울특별시 광진구 구의강변로 99, (구의동)",02-456-7002,http://www.seouldoctors.kr/,39182,10,1,127.0938519,37.539527700000001,JDQ4MTg4MSM1MSMkMiMkNCMkMDAkMzgxOTYxIzQxIyQxIyQ3IyQ3OSQzNjE0ODEjNzEjJDEjJDgjJDgz
서울엠비(MB)내과의원,의원,서울,광진구,자양동,"서울특별시 광진구 능동로 18, (자양동, 이튼타워 3차 113호,114호,116호,117호)",02-466-9100,http://www.seoulmb.com,39582,2,0,127.0681986,37.532759599999999,JDQ4MTg4MSM1MSMkMiMkNCMkMDAkNDgxMTkxIzExIyQyIyQzIyQwMCQyNjEyMjIjNjEjJDEjJDQjJDgz
아산유내과의원,의원,서울,광진구,능동,"서울특별시 광진구 천호대로 556, 3층 (능동)",02-457-9589,http://asanu.co.kr,39534,1,0,127.07971329999999,37.556735400000001,JDQ4MTg4MSM1MSMkMiMkNCMkMDAkMzgxNzAyIzQxIyQyIyQ3IyQwMCQyNjE4MzIjNDEjJDEjJDgjJDgz
연세.모던피부과의원,의원,서울,광진구,중곡동,"서울특별시 광진구 천호대로 635, 2.3층 (중곡동)",02-455-0063,http://,33275,1,1,127.0883333,37.554096700000002,JDQ4MTg4MSM1MSMkMiMkMCMkMDAkNDgxOTYxIzMxIyQxIyQ3IyQ3OSQyNjE0ODEjNjEjJDEjJDgjJDgz
예인피부과의원,의원,서울,광진구,중곡동,"서울특별시 광진구 천호대로 561, 3층 (중곡동)",02-3436-4476,http://www.yeinskin.net/01_intro/01_intro.php,39196,1,1,127.0806809,37.557130800000003,JDQ4MTg4MSM1MSMkMiMkNCMkMDAkMzgxNzAyIzIxIyQxIyQxIyQ4OSQyNjE4MzIjNjEjJDEjJDQjJDgz
제니바의원,의원,서울,광진구,자양동,"서울특별시 광진구 아차산로 220, 3층 (자양동)",02-469-7541,jenivaclinic.com/,38483,1,0,127.0676643,37.540639900000002,JDQ4MTg4MSM1MSMkMiMkNCMkMDAkNDgxOTYxIzMxIyQxIyQzIyQ5OSQzNjEwMDIjODEjJDEjJDYjJDgz
주민내과의원,의원,서울,광진구,자양동,"서울특별시 광진구 뚝섬로 533, 2층 (자양동)",02-498-4353,www.juminhealth.co.kr/,33730,1,0,127.06952699999999,37.535165599999999,JDQ4MTg4MSM1MSMkMiMkNCMkMDAkNDgxMzUxIzExIyQxIyQzIyQ5OSQyNjEyMjIjNzEjJDEjJDgjJDgz
코넬비뇨의학과의원,의원,서울,광진구,중곡동,"서울특별시 광진구 천호대로 559, 아스하임 4층 2호 (중곡동)",02-468-8119,http://www.conel.co.kr,42506,1,0,127.0805099,37.557290299999998,JDQ4MTg4MSM1MSMkMiMkNCMkMDAkNDgxMzUxIzExIyQxIyQzIyQ4MiQyNjEyMjIjNjEjJDEjJDgjJDgz
퀸스의원,의원,서울,광진구,자양동,"서울특별시 광진구 능동로 50, 2층 (자양동, 이튼타워리버상가 2차)",02-447-2808,http://sb.wazzang.net/024472808/,38971,1,0,127.0693472,37.535663100000001,JDQ4MTg4MSM1MSMkMiMkNCMkMDAkMzgxMTkxIzUxIyQxIyQxIyQ5MiQzNjEyMjIjNjEjJDEjJDgjJDgz
큰열매여성의원,의원,서울,광진구,중곡동,"서울특별시 광진구 용마산로 23, 1.2.3층 (중곡동)",454-3576,http://www.bigfruit.co.kr/,35892,1,0,127.0879461,37.555756000000002,JDQ4MTg4MSM1MSMkMiMkNCMkMDAkMzgxMzUxIzMxIyQxIyQzIyQwMyQzNjE0ODEjNzEjJDEjJDgjJDgz
톤즈의원,의원,서울,광진구,자양동,"서울특별시 광진구 아차산로 212, 2층 206,207호 (자양동)",02-6941-1966,https://tonesclinic.com/geondae?lang=ko,45736,2,0,127.066678,37.540820500000002,JDQ4MTg4MSM1MSMkMiMkOCMkMDAkMzgxMTkxIzExIyQxIyQzIyQ4MiQzNjE0ODEjNjEjJDEjJDQjJDgz
피부사랑의원,의원,서울,광진구,화양동,"서울특별시 광진구 능동로 103, 5층 2,3호 (화양동)",469-9757,http://www.slskin.com/default/,37725,1,0,127.0705131,37.540339600000003,JDQ4MTg4MSM1MSMkMiMkNCMkMDAkMzgxMzUxIzIxIyQxIyQ5IyQwMyQzNjE4MzIjNjEjJDEjJDQjJDgz
건강세상의원,의원,서울,구로구,구로동,"서울특별시 구로구 구로동로 77, 동해빌딩 1,2,3층 (구로동)",02-3281-8285,www.geonsei.co.kr/,37960,3,0,126.88557969999999,37.485557399999998,JDQ4MTg4MSM1MSMkMiMkNCMkMDAkMzgxOTYxIzIxIyQxIyQ1IyQwMyQzNjEwMDIjODEjJDEjJDIjJDgz
고려가정의학과의원,의원,서울,구로구,개봉동,"서울특별시 구로구 개봉로 23, 고려크리닉센터 3층 (개봉동)",02-2616-7272,www.koreafmclinic.co.kr/,37284,1,0,126.8560445,37.487776799999999,JDQ4MTg4MSM1MSMkMiMkNCMkMDAkMzgxMzUxIzQxIyQxIyQ3IyQ4OSQzNjE0ODEjODEjJDEjJDYjJDgz
곽승민의원,의원,서울,구로구,구로동,"서울특별시 구로구 구로동로 135, 남부빌딩 4층 (구로동)",02-2676-1238,http://,35558,1,0,126.8836781,37.4906462,JDQ4MTg4MSM1MSMkMiMkMCMkMDAkNDgxNzAyIzQxIyQxIyQ3IyQ3OSQzNjEyMjIjNTEjJDEjJDIjJDgz
구로중앙외과의원,의원,서울,구로구,구로동,"서울특별시 구로구 구로동로 188, (구로동)",02-857-1189,http://www.centerclinic.co.kr,42437,1,0,126.88294759999999,37.495426600000002,JDQ4MTg4MSM1MSMkMiMkMCMkMDAkMzgxNzAyIzUxIyQxIyQ1IyQwMyQ0NjEwMDIjNjEjJDEjJDgjJDgz
닥터에버스의원,의원,서울,구로구,구로동,"서울특별시 구로구 디지털로26길 123, 지플러스타워 203~205호 (구로동)",02-2138-2140,https://evers22.co.kr/,45660,3,0,126.8977122,37.483086900000004,JDQ4MTg4MSM1MSMkMiMkOCMkMDAkMzgxOTYxIzUxIyQyIyQ1IyQwMCQyNjE0ODEjNTEjJDEjJDIjJDgz
닥터유비뇨기과의원,의원,서울,구로구,신도림동,"서울특별시 구로구 경인로67길 23, 306호 (신도림동, 신도림2차푸르지오)",02-2637-7560,http://www.mantop.co.kr,40151,1,0,126.88947760000001,37.510587899999997,JDQ4MTg4MSM1MSMkMiMkNCMkMDAkNDgxOTYxIzExIyQxIyQ3IyQ5MiQ0NjEwMDIjNTEjJDEjJDIjJDgz
더맑은의원,의원,서울,구로구,신도림동,"서울특별시 구로구 경인로63길 11, 신도림 크라운빌2 오피스텔 2층 일부호 (신도림동)",02-3439-7333,http://theclearskin.co.kr/,40511,1,0,126.8852072,37.507707600000003,JDQ4MTg4MSM1MSMkMiMkNCMkMDAkNDgxOTYxIzExIyQxIyQzIyQ2MiQzNjEyMjIjNDEjJDEjJDQjJDgz
미인의원,의원,서울,구로구,구로동,"서울특별시 구로구 구로중앙로31길 34, 4층일부,5층 (구로동)",02-858-6008,miinclinic.kr,43319,1,0,126.8849429,37.498693099999997,JDQ4MTg4MSM1MSMkMiMkNCMkMDAkNDgxMTkxIzMxIyQxIyQ3IyQ5OSQzNjE0ODEjNTEjJDEjJDIjJDgz
사랑의피부과의원,의원,서울,구로구,구로동,"서울특별시 구로구 구로중앙로 60, (구로동, 대림오페라타워)",02-855-3591,http://www.skincha.com,32471,1,1,126.8894253,37.495142000000001,JDQ4MTg4MSM1MSMkMiMkMCMkMDAkNDgxMzUxIzUxIyQxIyQxIyQ4MiQzNjEwMDIjODEjJDEjJDIjJDgz
삼성드림안과의원,의원,서울,구로구,구로동,"서울특별시 구로구 새말로 89, 302호 (구로동)",02-855-8301,http://www.dreameye.co.kr,40317,1,0,126.8898406,37.5056084,JDQ4MTg4MSM1MSMkMiMkNCMkMDAkNDgxMzUxIzUxIyQxIyQxIyQ5OSQzNjEyMjIjNDEjJDEjJDgjJDgz
성재의원,의원,서울,구로구,궁동,"서울특별시 구로구 오리로 1268, 유림빌딩 1~2층 (궁동)",02-2625-7533,http://sjclinic.com/,35923,1,0,126.83082520000001,37.494917999999998,JDQ4MTg4MSM1MSMkMiMkMCMkMDAkNTgxMzUxIzExIyQxIyQzIyQ3OSQzNjEwMDIjNjEjJDEjJDQjJDgz
슈퍼스타피부과의원,의원,서울,구로구,구로동,"서울특별시 구로구 디지털로32길 79, 조영빌딩 4층 (구로동)",02-859-7579,http://www.superskin.co.kr,40963,1,1,126.8997792,37.483533600000001,JDQ4MTg4MSM1MSMkMiMkNCMkMDAkNDgxOTYxIzMxIyQxIyQ3IyQ4MiQ0NjE0ODEjODEjJDEjJDYjJDgz
아름생가정의학과의원,의원,서울,구로구,고척동,"서울특별시 구로구 중앙로15길 107, 2층 (고척동)",02-2060-7621,http://www.ungman.kr/index.asp,38945,1,0,126.8539657,37.507336500000001,JDQ4MTg4MSM1MSMkMiMkNCMkMDAkMzgxMTkxIzMxIyQxIyQ3IyQ3OSQzNjEyMjIjNTEjJDEjJDIjJDgz
연세연합의원,의원,서울,구로구,오류동,"서울특별시 구로구 서해안로 2338, 2,3층 (오류동)",02-2685-0075,http://www.yonseiclinic.co.kr/index.asp,39010,1,0,126.8441772,37.493496700000001,JDQ4MTg4MSM1MSMkMiMkNCMkMDAkMzgxMTkxIzUxIyQxIyQxIyQ5MiQyNjEwMDIjNjEjJDEjJDQjJDgz
이아소내과의원,의원,서울,구로구,고척동,"서울특별시 구로구 중앙로 60, 강산메디칼프라자 5층 (고척동)",02-2066-8866,www.iasomed.co.kr/,40052,2,0,126.862572,37.503115800000003,JDQ4MTg4MSM1MSMkMiMkNCMkMDAkNDgxMzUxIzIxIyQxIyQ1IyQxMyQzNjEwMDIjNDEjJDEjJDgjJDgz
지앤산부인과의원,의원,서울,구로구,구로동,"서울특별시 구로구 시흥대로 559, 부원빌딩 3,4층 (구로동)",02-852-2828,http://www.jiaen.co.kr,41176,1,0,126.9011912,37.483145899999997,JDQ4MTg4MSM1MSMkMiMkNCMkMDAkMzgxMTkxIzMxIyQxIyQ3IyQ4OSQ0NjEwMDIjNjEjJDEjJDAjJDgz
진가정의학과의원,의원,서울,구로구,구로동,"서울특별시 구로구 디지털로33길 11, 에이스테크노타워8차 201호 (구로동)",02-2025-7120,http://jinfamily.co.kr,41116,1,0,126.8954779,37.485672899999997,JDQ4MTg4MSM1MSMkMiMkNCMkMDAkNDgxOTYxIzUxIyQyIyQxIyQwMCQzNjE0ODEjNzEjJDEjJDgjJDgz
참좋은내과의원,의원,서울,구로구,구로동,"서울특별시 구로구 구로동로 147, MEDI FLOWER 147 3층 (구로동)",02-839-0075,http://goodim.net,40960,2,0,126.8834154,37.491706000000001,JDQ4MTg4MSM1MSMkMiMkNCMkMDAkNDgxOTYxIzMxIyQxIyQ3IyQ2MiQyNjEyMjIjNjEjJDEjJDQjJDgz
코앤유의원,의원,서울,구로구,신도림동,"서울특별시 구로구 경인로59길 8, 태영프라자 311호 (신도림동)",02-2633-5687,http://www.coyou.co.kr,40086,1,0,126.8833762,37.506403400000004,JDQ4MTg4MSM1MSMkMiMkNCMkMDAkMzgxMzUxIzIxIyQxIyQ1IyQ4MiQyNjE0ODEjNzEjJDEjJDgjJDgz
탑비뇨기과의원,의원,서울,구로구,개봉동,"서울특별시 구로구 개봉로24길 46, 206~208호 (개봉동, 신영지웰 에스테이트 개봉역)",02-2687-9575,http://www.top2u.co.kr/,37334,1,0,126.8576298,37.495591599999997,JDQ4MTg4MSM1MSMkMiMkNCMkMDAkMzgxMzUxIzExIyQxIyQ3IyQ2MiQ0NjEwMDIjNTEjJDEjJDYjJDgz
한길의원,의원,서울,구로구,개봉동,"서울특별시 구로구 고척로21나길 18, 2층 (개봉동)",02-2617-8887,www.hangilclinic.co.kr/,33343,1,0,126.8446757,37.502877300000002,JDQ4MTg4MSM1MSMkMiMkMCMkMDAkNTgxMzUxIzUxIyQxIyQxIyQ4OSQ0NjEwMDIjNjEjJDEjJDgjJDgz
(재)이랜드재단 이랜드의원,의원,서울,금천구,가산동,"서울특별시 금천구 가산디지털1로 186, 제이플라츠 401~402호 (가산동)",2635-8668,http://www.elandclinic.com,39464,5,0,126.88158110000001,37.4819131,JDQ4MTg4MSM1MSMkMiMkMCMkMDAkNDgxNzAyIzExIyQxIyQzIyQ4OSQyNjEyMjIjNTEjJDEjJDIjJDgz
고려고든정형외과의원,의원,서울,금천구,시흥동,"서울특별시 금천구 시흥대로 230, 4층 (시흥동, 서평빌딩)",803-9700,http://www.kodeunos.co.kr/index.asp,40665,1,0,126.9012036,37.454427799999998,JDQ4MTg4MSM1MSMkMiMkNCMkMDAkNDgxOTYxIzIxIyQxIyQxIyQ5MiQzNjEwMDIjNjEjJDEjJDgjJDgz
굿아이금천이안과의원,의원,서울,금천구,시흥동,"서울특별시 금천구 시흥대로 214, 501호 (시흥동, 비즈메드)",02-805-2700,http://www.goodeye.kr,40163,1,0,126.9016824,37.453052800000002,JDQ4MTg4MSM1MSMkMiMkNCMkMDAkNDgxMzUxIzMxIyQxIyQzIyQ3MiQyNjEwMDIjNTEjJDEjJDIjJDgz
네오의원,의원,서울,금천구,독산동,"서울특별시 금천구 시흥대로 403, (독산동, 셈프레팜)",02-861-0610,http://www.neoclinic.kr/,40570,1,0,126.8974927,37.469814100000001,JDQ4MTg4MSM1MSMkMiMkNCMkMDAkNDgxOTYxIzExIyQyIyQ3IyQwMCQzNjEwMDIjNDEjJDEjJDgjJDgz
더편한내과의원,의원,서울,금천구,시흥동,"서울특별시 금천구 금하로 705, (주)남성프라자 3층 3호 (시흥동)",02-808-7050,https://thecomfortclinic.co.kr,45908,2,0,126.9083608,37.451580300000003,JDQ4MTg4MSM1MSMkMiMkOCMkMDAkMzgxMTkxIzIxIyQxIyQ1IyQ5MiQzNjEwMDIjNDEjJDEjJDQjJDgz
빈센트의원,의원,서울,금천구,독산동,"서울특별시 금천구 한내로 62, 3층 3030호 (독산동, 한신코아상가)",898-9121,http://www.vincentclinic.com/,35811,1,0,126.8897219,37.4558526,JDQ4MTg4MSM1MSMkMiMkMCMkMDAkNDgxNzAyIzUxIyQxIyQxIyQ5MiQzNjEwMDIjNDEjJDEjJDgjJDgz
연세닥터스내과의원,의원,서울,금천구,독산동,"서울특별시 금천구 독산로93길 41, 2,3층 (독산동)",02-862-8300,http://simonch1.drline.net/index.asp,37415,1,0,126.9008982,37.473899000000003,JDQ4MTg4MSM1MSMkMiMkMCMkMDAkNTgxOTYxIzMxIyQxIyQzIyQ3MiQyNjEwMDIjNjEjJDEjJDgjJDgz
홀인원의원,의원,서울,금천구,가산동,"서울특별시 금천구 벚꽃로 298, 217호 (가산동, 대륭포스트타워6차)",02-2083-8575,http://www.manpride.net,40680,1,0,126.8837813,37.481400200000003,JDQ4MTg4MSM1MSMkMiMkNCMkMDAkMzgxNzAyIzExIyQxIyQzIyQ2MiQzNjE0ODEjNTEjJDEjJDIjJDgz
강북이지함피부과의원,의원,서울,노원구,상계동,"서울특별시 노원구 노해로 457, 은성빌딩 2층 (상계동)",939-4700,http://www.ljh.co.kr/index.php,37503,1,1,127.0587803,37.654186000000003,JDQ4MTg4MSM1MSMkMiMkNCMkMDAkMzgxMzUxIzMxIyQxIyQzIyQ2MiQyNjEwMDIjNTEjJDEjJDYjJDgz
고은미즈의원,의원,서울,노원구,상계동,"서울특별시 노원구 동일로 1553, (상계동)",02-3392-3338,http://www.gomiz.co.kr,40245,1,0,127.05681300000001,37.667086900000001,JDQ4MTg4MSM1MSMkMiMkNCMkMDAkNDgxMzUxIzMxIyQxIyQ3IyQxMyQzNjE0ODEjNTEjJDEjJDIjJDgz
기쁜가정의학과의원,의원,서울,노원구,하계동,"서울특별시 노원구 노원로 257, 4층 (하계동)",02-971-4913,http://www.happyparkclinic.com,38114,1,0,127.07277329999999,37.640268499999998,JDQ4MTg4MSM1MSMkMiMkNCMkMDAkMzgxOTYxIzMxIyQyIyQ3IyQwMCQ0NjEwMDIjNTEjJDEjJDYjJDgz
노원탑365의원,의원,서울,노원구,상계동,"서울특별시 노원구 노원로 456, 백암빌딩 2층 201호 (상계동)",02-935-0365,https://www.no1top365.com,46099,1,0,127.0667436,37.657435700000001,JDQ4MTg4MSM1MSMkMiMkOCMkMDAkMzgxMTkxIzMxIyQxIyQ3IyQ3MiQ0NjE0ODEjODEjJDEjJDYjJDgz
닥터로피부과의원,의원,서울,노원구,상계동,"서울특별시 노원구 노해로 482, 덕영빌딩 7층 (상계동)",02-937-0043,http://rhoskin.com,40542,1,1,127.06173269999999,37.6542666,JDQ4MTg4MSM1MSMkMiMkNCMkMDAkNDgxOTYxIzExIyQxIyQzIyQwMyQyNjEwMDIjODEjJDEjJDIjJDgz
박가정의원,의원,서울,노원구,상계동,"서울특별시 노원구 상계로27길 15, (상계동, 석경빌딩)",02-936-4644,http://www.drparks.co.kr,36707,1,0,127.0702517,37.659235299999999,JDQ4MTg4MSM1MSMkMiMkMCMkMDAkNDgxOTYxIzQxIyQxIyQ3IyQ3MiQ0NjEwMDIjNTEjJDEjJDIjJDgz
서울맥마취통증의학과의원,의원,서울,노원구,상계동,"서울특별시 노원구 노해로 480, 조광빌딩 6층 (상계동)",02-934-1119,http://www.macpain.co.kr,39275,1,0,127.06145309999999,37.654185200000001,JDQ4MTg4MSM1MSMkMiMkNCMkMDAkMzgxNzAyIzIxIyQxIyQ1IyQ2MiQyNjEwMDIjNzEjJDEjJDgjJDgz
서울비뇨기과의원,의원,서울,노원구,상계동,"서울특별시 노원구 노해로 492, (상계동, 프린스빌딩)",02-951-4336,http://www.uronowon.com,40253,1,0,127.0626968,37.654463499999999,JDQ4MTg4MSM1MSMkMiMkNCMkMDAkNDgxMzUxIzQxIyQxIyQ3IyQ4OSQzNjE4MzIjNjEjJDEjJDQjJDgz
서울삼성내과의원,의원,서울,노원구,상계동,"서울특별시 노원구 동일로 1547, 동남빌딩 6층층 601호 (상계동)",,http://www.samsunghealth.net,40975,1,0,127.0569555,37.6665688,JDQ4MTg4MSM1MSMkMiMkNCMkMDAkNDgxOTYxIzMxIyQxIyQ3IyQwMyQyNjEyMjIjNjEjJDEjJDAjJDgz
아름다운여성의원,의원,서울,노원구,중계동,"서울특별시 노원구 한글비석로 383, 2층 201호,202호 (중계동, 삼창프라자)",02-936-0374,http://www.womencafe.co.kr,36770,1,0,127.07254709999999,37.658952399999997,JDQ4MTg4MSM1MSMkMiMkMCMkMDAkNDgxMTkxIzMxIyQxIyQ3IyQ5MiQyNjE0ODEjNTEjJDEjJDIjJDgz
어비뇨기과의원,의원,서울,노원구,상계동,"서울특별시 노원구 동일로 1401, 2층 (상계동, 상아빌딩)",02-930-0131,http://www.stone-clinic.com,36132,3,0,127.0604045,37.653582399999998,JDQ4MTg4MSM1MSMkMiMkMCMkMDAkNTgxMzUxIzExIyQxIyQ3IyQ5MiQ0NjE0ODEjNzEjJDEjJDgjJDgz
에이스항외과의원,의원,서울,노원구,상계동,"서울특별시 노원구 동일로 1396, 8층 (상계동, 중원빌딩)",02-932-7588,http://www.acehang.co.kr,39458,1,0,127.061325,37.653248099999999,JDQ4MTg4MSM1MSMkMiMkNCMkMDAkMzgxNzAyIzMxIyQxIyQzIyQ5MiQzNjEwMDIjNjEjJDEjJDAjJDgz
이종호의원,의원,서울,노원구,상계동,"서울특별시 노원구 동일로 1689, 211호 (상계동, 하이베라스)",932-9366,http://www.whiteskinclinic.co.kr/,34397,1,0,127.0549618,37.679123500000003,JDQ4MTg4MSM1MSMkMiMkMCMkMDAkNDgxMTkxIzMxIyQxIyQ3IyQwMyQyNjE4MzIjNjEjJDEjJDAjJDgz
제민통합내과정형외과의원,의원,서울,노원구,상계동,"서울특별시 노원구 상계로 63-7, 청우빌딩 (상계동)",02-936-6390,http://www.jeminmedi.co.kr,39510,2,0,127.06189550000001,37.656512499999998,JDQ4MTg4MSM1MSMkMiMkNCMkMDAkMzgxMzUxIzUxIyQxIyQxIyQ4MiQ0NjEwMDIjNTEjJDEjJDIjJDgz
중계우리들의원,의원,서울,노원구,중계동,"서울특별시 노원구 한글비석로 235, 하나프라자빌딩 401호,402호,403호 (중계동)",02-931-8270,http://www.wooriclinic.net/index.asp,37450,1,0,127.0763585,37.648772800000003,JDQ4MTg4MSM1MSMkMiMkNCMkMDAkMzgxMTkxIzIxIyQxIyQ5IyQ2MiQyNjEyMjIjNjEjJDEjJDgjJDgz
중앙의원,의원,서울,노원구,월계동,"서울특별시 노원구 월계로55길 4, 205호 (월계동, 사슴아파트)",02-975-9860,http://,41715,1,0,127.0609256,37.631937000000001,JDQ4MTg4MSM1MSMkMiMkNCMkMDAkMzgxNzAyIzIxIyQxIyQxIyQ4OSQzNjE0ODEjNTEjJDEjJDYjJDgz
차앤박피부과의원,의원,서울,노원구,상계동,"서울특별시 노원구 노해로 495, (상계동, 삼용빌딩)",02-933-0571,http://www.cnpskin.com/hos/main.php?groupid=cnpskin18,39171,2,2,127.0631037,37.655120699999998,JDQ4MTg4MSM1MSMkMiMkNCMkMDAkMzgxNzAyIzExIyQxIyQ3IyQ5MiQ0NjEwMDIjNDEjJDEjJDgjJDgz
청담보드레의원,의원,서울,노원구,공릉동,"서울특별시 노원구 화랑로 441, 미라쉘 201호 (공릉동)",02-6737-7776,https://www.cd-bodre.com/,45691,1,0,127.0763276,37.6182759,JDQ4MTg4MSM1MSMkMiMkOCMkMDAkMzgxOTYxIzUxIyQxIyQ1IyQwMyQyNjEyMjIjNjEjJDEjJDQjJDgz
탑메디피부과의원,의원,서울,노원구,중계동,"서울특별시 노원구 한글비석로 270, 스카이타워 4층 401,402호 (중계동)",932-0770,http://www.topmediskin.com,40512,1,1,127.0774074,37.651577899999999,JDQ4MTg4MSM1MSMkMiMkNCMkMDAkNDgxOTYxIzExIyQxIyQzIyQ2MiQyNjE4MzIjNjEjJDEjJDQjJDgz
태릉본비뇨기과의원,의원,서울,노원구,공릉동,"서울특별시 노원구 동일로 1003, 3층 (공릉동)",02-960-8108,http://www.bornuro.co.kr/,40396,1,0,127.074654,37.619718300000002,JDQ4MTg4MSM1MSMkMiMkMCMkMDAkNTgxOTYxIzMxIyQxIyQ3IyQ5MiQyNjE4MzIjNTEjJDEjJDYjJDgz
피오나여성의원,의원,서울,노원구,상계동,"서울특별시 노원구 상계로 77, 3층 (상계동, 다나프라자)",02-951-7111,www.fionaclinic.co.kr/,40232,1,0,127.0635415,37.656739399999999,JDQ4MTg4MSM1MSMkMiMkNCMkMDAkNDgxMzUxIzExIyQxIyQ3IyQ4OSQzNjE0ODEjNTEjJDEjJDIjJDgz
행복한피부과의원,의원,서울,노원구,상계동,"서울특별시 노원구 동일로 1401, 상아빌딩 지상5층 (상계동)",02-932-2255,http://www.happyskin.co.kr,37725,1,1,127.0604045,37.653582399999998,JDQ4MTg4MSM1MSMkMiMkNCMkMDAkMzgxMzUxIzUxIyQxIyQ1IyQxMyQzNjE4MzIjNjEjJDEjJDAjJDgz
힐링산부인과의원,의원,서울,노원구,상계동,"서울특별시 노원구 노해로 485, 7층 (상계동, 금정빌딩)",02-952-9100,www.healing-lady.com,40227,1,0,127.0619421,37.654878699999998,JDQ4MTg4MSM1MSMkMiMkNCMkMDAkMzgxMTkxIzExIyQxIyQzIyQ5MiQyNjEwMDIjNjEjJDEjJDAjJDgz
김민석재활의학과의원,의원,서울,도봉구,창동,"서울특별시 도봉구 노해로63길 78, (창동)",02-999-4811,http://www.painzeroclinic.com/,36272,1,0,127.0463482,37.6525824,JDQ4MTg4MSM1MSMkMiMkMCMkMDAkNTgxMzUxIzIxIyQxIyQ1IyQ4MiQzNjEyMjIjNjEjJDEjJDgjJDgz
더샤인한스의원,의원,서울,도봉구,창동,"서울특별시 도봉구 노해로 341, 101동 307호 (창동, 신원리베르텔)",990-3002,http://mantamo.com,40942,1,0,127.0459347,37.651455300000002,JDQ4MTg4MSM1MSMkMiMkMCMkMDAkNDgxOTYxIzMxIyQxIyQzIyQwMyQzNjEyMjIjNzEjJDEjJDgjJDgz
방학연세이비인후과의원,의원,서울,도봉구,방학동,"서울특별시 도봉구 도봉로 726, 3층 (방학동)",02-6409-7582,https://banghakyonseient.com,45888,1,0,127.04385430000001,37.669084699999999,JDQ4MTg4MSM1MSMkMiMkOCMkMDAkMzgxMTkxIzIxIyQxIyQ1IyQ2MiQ0NjEwMDIjNDEjJDEjJDgjJDgz
서울항맥외과의원,의원,서울,도봉구,창동,"서울특별시 도봉구 도봉로 488, 6층 (창동, 대명빌딩)",02-997-0700,http://www.anovein.com/,40277,1,0,127.03528129999999,37.648993599999997,JDQ4MTg4MSM1MSMkMiMkMCMkMDAkNTgxMzUxIzMxIyQxIyQ3IyQ5MiQzNjEwMDIjNjEjJDEjJDAjJDgz
양시영내과의원,의원,서울,도봉구,창동,"서울특별시 도봉구 덕릉로 225, (창동)",990-5100,http://www.bestyang.com/,41053,1,0,127.03735380000001,37.638272499999999,JDQ4MTg4MSM1MSMkMiMkNCMkMDAkNDgxOTYxIzQxIyQxIyQ3IyQwMyQyNjE0ODEjNjEjJDEjJDAjJDgz
연세애드미피부과의원,의원,서울,도봉구,창동,"서울특별시 도봉구 도봉로 496, 201호 (창동)",02-906-1400,http://www.addbeauty.co.kr,39888,1,1,127.0357458,37.649690900000003,JDQ4MTg4MSM1MSMkMiMkNCMkMDAkNDgxMzUxIzIxIyQxIyQxIyQ3OSQyNjE4MzIjNTEjJDEjJDYjJDgz
김현우내과의원,의원,서울,동대문구,전농동,"서울특별시 동대문구 전농로 126, 4,5층 (전농동)",02-2215-9964,http://www.ekmg.org,35829,3,0,127.057982,37.576268399999996,JDQ4MTg4MSM1MSMkMiMkMCMkMDAkNDgxNzAyIzUxIyQxIyQxIyQwMyQzNjE0ODEjNDEjJDEjJDgjJDgz
더힐피부과의원,의원,서울,동대문구,전농동,"서울특별시 동대문구 왕산로36길 6, 힐스테이트 청량리 더퍼스트 201~207호, 209~211호 (전농동)",02-960-3469,https://thehealddm.com,45468,3,3,127.0434748,37.579220100000001,JDQ4MTg4MSM1MSMkMiMkOCMkMDAkMzgxOTYxIzMxIyQxIyQzIyQxMyQyNjE0ODEjNDEjJDEjJDgjJDgz
동대문닥터스피부과의원,의원,서울,동대문구,전농동,"서울특별시 동대문구 왕산로 186, 청량리역 우남SL타워300 2층 203~216호 (전농동)",02-6949-1201,https://www.doctors365.co.kr/branch/dongdaemun.php,45757,3,3,127.044073,37.579394600000001,JDQ4MTg4MSM1MSMkMiMkOCMkMDAkMzgxMTkxIzExIyQxIyQ3IyQ3OSQzNjEwMDIjNjEjJDEjJDgjJDgz
미즈아인산부인과의원,의원,서울,동대문구,청량리동,"서울특별시 동대문구 약령시로 133, 2층 (청량리동)",02-965-7770,http://www.mizain.co.kr/,38442,1,0,127.04476080000001,37.583391900000002,JDQ4MTg4MSM1MSMkMiMkNCMkMDAkMzgxMTkxIzExIyQxIyQzIyQ2MiQ0NjEwMDIjODEjJDEjJDIjJDgz
서울라인성형외과의원,의원,서울,동대문구,답십리동,"서울특별시 동대문구 천호대로 295, 2층 (답십리동)",02-2214-8001,http://www.seoulline.com,39496,1,0,127.05386900000001,37.566464400000001,JDQ4MTg4MSM1MSMkMiMkNCMkMDAkNDgxMzUxIzIxIyQxIyQ5IyQ4OSQzNjEwMDIjNDEjJDEjJDQjJDgz
서울아트피부과의원,의원,서울,동대문구,이문동,"서울특별시 동대문구 휘경로 6, 사이버한국외국어대학교 제2교사 4층 (이문동)",02-966-1357,https://seoulartclinic.modoo.at,45580,1,1,127.060759,37.596050900000002,JDQ4MTg4MSM1MSMkMiMkOCMkMDAkMzgxOTYxIzQxIyQxIyQ3IyQwMyQyNjEwMDIjNjEjJDEjJDAjJDgz
서울청명안과의원,의원,서울,동대문구,제기동,"서울특별시 동대문구 왕산로 181, 1층 102호 (제기동)",02-6953-1285,https://cmeyeclinic.co.kr,46058,2,0,127.04318689999999,37.579842800000002,JDQ4MTg4MSM1MSMkMiMkOCMkMDAkMzgxMTkxIzMxIyQxIyQzIyQ5MiQzNjE0ODEjNjEjJDEjJDAjJDgz
선정형외과의원,의원,서울,동대문구,용두동,"서울특별시 동대문구 고산자로 410, 2,3층 (용두동)",02-964-5782,http://www.sunhosp.co.kr/index.asp,39087,3,0,127.038776,37.576273700000002,JDQ4MTg4MSM1MSMkMiMkMCMkMDAkNTgxOTYxIzExIyQxIyQ3IyQwMyQyNjEwMDIjNTEjJDEjJDIjJDgz
성모예스내과의원,의원,서울,동대문구,이문동,"서울특별시 동대문구 이문로 120, 아이파크자이상가 2층 C203~209호 (이문동)",02-6949-0030,https://www.smyesclinic.com,46127,1,0,127.063535,37.598351100000002,JDQ4MTg4MSM1MSMkMiMkOCMkMDAkMzgxMTkxIzQxIyQxIyQ3IyQ3OSQyNjE0ODEjNTEjJDEjJDYjJDgz
연세다인의원,의원,서울,동대문구,전농동,"서울특별시 동대문구 사가정로 148, 제138동 310-1, 310-2호 (전농동, 전농 SK아파트)",02-2245-7572,http://dainmc.co.kr,36949,1,0,127.0605491,37.576911099999997,JDQ4MTg4MSM1MSMkMiMkNCMkMDAkNDgxOTYxIzUxIyQyIyQ1IyQwMCQyNjEwMDIjODEjJDEjJDYjJDgz
연세참이비인후과의원,의원,서울,동대문구,청량리동,"서울특별시 동대문구 왕산로 225, 3층 9-1, 9-2호 (청량리동, 미주상가)",969-2500,www.yscharm.com/,40791,1,0,127.0472283,37.582134000000003,JDQ4MTg4MSM1MSMkMiMkNCMkMDAkMzgxOTYxIzMxIyQxIyQzIyQ2MiQyNjEyMjIjNzEjJDEjJDgjJDgz
오아로피부과의원 청량리,의원,서울,동대문구,전농동,"서울특별시 동대문구 왕산로 200, 5층 519-525호 (전농동)",02-967-1064,http://oarocnn.com,45289,3,3,127.0461585,37.579885699999998,JDQ4MTg4MSM1MSMkMiMkOCMkMDAkMzgxOTYxIzIxIyQxIyQxIyQwMyQyNjE4MzIjODEjJDEjJDYjJDgz
웰비뇨기과의원,의원,서울,동대문구,답십리동,"서울특별시 동대문구 고미술로 81, 2층 201호 (답십리동)",02-2248-8245,http://www.stonewell.co.kr/,39195,1,0,127.0557367,37.565605599999998,JDQ4MTg4MSM1MSMkMiMkNCMkMDAkMzgxNzAyIzIxIyQxIyQxIyQ3OSQyNjEwMDIjNDEjJDEjJDgjJDgz
참조은내과의원,의원,서울,동대문구,휘경동,"서울특별시 동대문구 망우로 123, 2층 (휘경동, 휘경메디컬프라자)",6405-8275,http://www.chamim.co.kr/,40091,1,0,127.06660479999999,37.591717299999999,JDQ4MTg4MSM1MSMkMiMkNCMkMDAkNDgxOTYxIzMxIyQxIyQ3IyQ3MiQzNjEyMjIjNjEjJDEjJDQjJDgz
청량리닥터에버스의원,의원,서울,동대문구,청량리동,"서울특별시 동대문구 왕산로 205, 동광빌딩 4층 일부, 5층 (청량리동)",02-2039-3675,https://evers28.co.kr,45988,1,0,127.0450859,37.580233200000002,JDQ4MTg4MSM1MSMkMiMkOCMkMDAkMzgxMTkxIzIxIyQxIyQ5IyQ4MiQ0NjEwMDIjNDEjJDEjJDgjJDgz
최일규정형외과의원,의원,서울,동대문구,이문동,"서울특별시 동대문구 이문로 128, 이문동 아이비리그 오피스텔 2층 (이문동)",02-959-8312,http://www.cigclinic.com,37572,1,0,127.0614762,37.597968100000003,JDQ4MTg4MSM1MSMkMiMkNCMkMDAkMzgxMzUxIzMxIyQxIyQ3IyQwMyQzNjEwMDIjNDEjJDEjJDgjJDgz
현대중앙의원,의원,서울,동대문구,전농동,"서울특별시 동대문구 사가정로 110, 1,2층 (전농동)",02-2244-9600,www.hdclinic.kr/,35405,1,0,127.0572947,37.577012600000003,JDQ4MTg4MSM1MSMkMiMkMCMkMDAkNDgxNzAyIzMxIyQxIyQzIyQ4MiQyNjEwMDIjNTEjJDEjJDIjJDgz
혜성플러스의원,의원,서울,동대문구,장안동,"서울특별시 동대문구 장한로 14, 1,2,3층 (장안동)",02-2244-6356,www.hsplus-im.co.kr/,36173,2,0,127.0657671,37.562614500000002,JDQ4MTg4MSM1MSMkMiMkMCMkMDAkNDgxMTkxIzMxIyQyIyQzIyQwMCQzNjEyMjIjNjEjJDEjJDgjJDgz
365미소내과의원,의원,서울,동작구,사당동,"서울특별시 동작구 남부순환로 2055, 2층 (사당동)",02-522-3650,65miso.co.kr/,40998,2,0,126.9771081,37.476879099999998,JDQ4MTg4MSM1MSMkMiMkNCMkMDAkNDgxOTYxIzQxIyQxIyQ3IyQ5OSQzNjEwMDIjNDEjJDEjJDgjJDgz
강남가드비뇨기과의원,의원,서울,동작구,사당동,"서울특별시 동작구 동작대로 121, 8층 (사당동, 경원빌딩)",02-566-8330,www.guardclinic.co.kr/,42716,1,0,126.98186939999999,37.487468399999997,JDQ4MTg4MSM1MSMkMiMkNCMkMDAkMzgxOTYxIzUxIyQxIyQxIyQ4OSQzNjE0ODEjNDEjJDEjJDgjJDgz
고운미의원,의원,서울,동작구,사당동,"서울특별시 동작구 동작대로 121, 2층 (사당동, 경원빌딩)",02-3482-8875,http://www.gounmiclinic.co.kr,39937,1,0,126.98186939999999,37.487468399999997,JDQ4MTg4MSM1MSMkMiMkNCMkMDAkNDgxOTYxIzExIyQxIyQzIyQ5OSQ0NjEwMDIjNDEjJDEjJDQjJDgz
김앤방여성의원,의원,서울,동작구,상도동,"서울특별시 동작구 상도로37길 62, 3층 (상도동)",02-815-5331,http://kimandbang.com,40833,2,0,126.95208940000001,37.498756999999998,JDQ4MTg4MSM1MSMkMiMkNCMkMDAkNDgxOTYxIzIxIyQxIyQ5IyQxMyQyNjEyMjIjODEjJDEjJDYjJDgz
김헌곤성형외과의원,의원,서울,동작구,신대방동,"서울특별시 동작구 보라매로5가길 24, 2층 201,210,212호 (신대방동, 보라매나산스위트)",02-842-3333,http://www.seoulps.com,37202,1,0,126.92394419999999,37.490699599999999,JDQ4MTg4MSM1MSMkMiMkMCMkMDAkNTgxOTYxIzUxIyQxIyQxIyQ5MiQzNjE4MzIjODEjJDEjJDYjJDgz
노현주산부인과의원,의원,서울,동작구,신대방동,"서울특별시 동작구 보라매로5가길 16, 514호 (신대방동, 보라매아카데미타워)",02-6278-7575,http://www.womenclinic.kr,37537,1,0,126.924075,37.491326299999997,JDQ4MTg4MSM1MSMkMiMkNCMkMDAkMzgxMzUxIzMxIyQxIyQ3IyQ4OSQyNjEyMjIjNjEjJDEjJDgjJDgz
늘건강내과이비인후과의원,의원,서울,동작구,상도동,"서울특별시 동작구 상도로 174, 2,3층 (상도동)",02-822-3375,http://www.neulgungang.co.kr,40784,3,0,126.93842050000001,37.504266000000001,JDQ4MTg4MSM1MSMkMiMkNCMkMDAkNDgxOTYxIzIxIyQyIyQ5IyQwMCQyNjE4MzIjNTEjJDEjJDYjJDgz
다미의원,의원,서울,동작구,사당동,"서울특별시 동작구 사당로 219, 3층 (사당동)",02-532-1332,http://,39238,1,0,126.97267359999999,37.484168799999999,JDQ4MTg4MSM1MSMkMiMkMCMkMDAkNDgxNzAyIzQxIyQxIyQ3IyQ5OSQzNjEyMjIjNzEjJDEjJDgjJDgz
드림이비인후과의원,의원,서울,동작구,노량진동,"서울특별시 동작구 만양로 112, 2,3층 (노량진동, 서원빌딩)",02-815-9575,http://www.dreament.kr,39822,1,0,126.9444201,37.513334499999999,JDQ4MTg4MSM1MSMkMiMkNCMkMDAkNDgxMzUxIzExIyQxIyQ3IyQ2MiQyNjE4MzIjNjEjJDEjJDgjJDgz
라마르의원,의원,서울,동작구,사당동,"서울특별시 동작구 동작대로 109, 5층 (사당동, 경문빌딩)",02-537-8575,http://www.isu-lamarskin.com,40364,1,0,126.981683,37.486303800000002,JDQ4MTg4MSM1MSMkMiMkNCMkMDAkNDgxMzUxIzUxIyQxIyQxIyQxMyQzNjE4MzIjNDEjJDEjJDQjJDgz
라인업의원,의원,서울,동작구,사당동,"서울특별시 동작구 동작대로 119, 4층 (사당동, 금성빌딩)",3477-7412,www.lineupclinic.co.kr/,39933,1,0,126.9818756,37.487251200000003,JDQ4MTg4MSM1MSMkMiMkNCMkMDAkNDgxMzUxIzIxIyQxIyQxIyQ5MiQzNjE4MzIjNzEjJDEjJDgjJDgz
미소앤유의원,의원,서울,동작구,사당동,"서울특별시 동작구 사당로 230-1, 4층 (사당동, 미래빌딩)",02-523-3575,www.minuclinic.com,40750,1,0,126.97325789999999,37.483316799999997,JDQ4MTg4MSM1MSMkMiMkNCMkMDAkNDgxOTYxIzIxIyQxIyQ1IyQwMyQ0NjE0ODEjNjEjJDEjJDAjJDgz
서울김내과의원,의원,서울,동작구,상도동,"서울특별시 동작구 장승배기로 34, 대한카센타 4층 (상도동)",02-813-7582,http://seoulkimmed.co.kr,39210,1,0,126.94157970000001,37.501156199999997,JDQ4MTg4MSM1MSMkMiMkNCMkMDAkMzgxNzAyIzIxIyQxIyQxIyQ5OSQ0NjE0ODEjNTEjJDEjJDYjJDgz
서울치항외과의원,의원,서울,동작구,상도동,"서울특별시 동작구 등용로 2, 3층 (상도동, 덕신빌딩)",02-823-7175,http://www.seoulchihang.co.kr,38299,1,0,126.9378748,37.504619599999998,JDQ4MTg4MSM1MSMkMiMkNCMkMDAkNDgxOTYxIzExIyQyIyQzIyQwMCQzNjE0ODEjNjEjJDEjJDgjJDgz
서울탑비뇨기과의원,의원,서울,동작구,신대방동,"서울특별시 동작구 보라매로5가길 16, 504호 (신대방동)",02-6334-0137,http://www.seoultopclinic.com/,37350,1,0,126.92407489999999,37.491326299999997,JDQ4MTg4MSM1MSMkMiMkNCMkMDAkMzgxMzUxIzIxIyQxIyQxIyQ3OSQzNjEwMDIjODEjJDEjJDIjJDgz
스타일미의원,의원,서울,동작구,신대방동,"서울특별시 동작구 보라매로5가길 16, 510호 (신대방동, 보라매아카데미타워)",02-832-9359,http://www.stylemeclinic.co.kr/,40807,1,0,126.924075,37.491326299999997,JDQ4MTg4MSM1MSMkMiMkNCMkMDAkNDgxOTYxIzIxIyQxIyQ5IyQ5MiQyNjE4MzIjNTEjJDEjJDIjJDgz
에코이비인후과의원,의원,서울,동작구,상도동,"서울특별시 동작구 상도로 356, 2층 (상도동)",02-814-8899,http://www.eco-clinic.com,40934,1,0,126.95284460000001,37.4967544,JDQ4MTg4MSM1MSMkMiMkNCMkMDAkNDgxOTYxIzMxIyQxIyQ3IyQ3OSQzNjEyMjIjODEjJDEjJDYjJDgz
연세재활의학과의원,의원,서울,동작구,상도동,"서울특별시 동작구 상도로 103, (상도동)",02-823-6782,http://,36963,1,0,126.9318129,37.500615799999999,JDQ4MTg4MSM1MSMkMiMkMCMkMDAkNTgxOTYxIzIxIyQxIyQ1IyQ5MiQzNjEyMjIjODEjJDEjJDYjJDgz
연세조이의원,의원,서울,동작구,대방동,"서울특별시 동작구 상도로 81, 302호 (대방동)",02-816-8300,http://www.joyclinic.co.kr,40102,1,0,126.9295669,37.499958999999997,JDQ4MTg4MSM1MSMkMiMkNCMkMDAkNDgxMzUxIzIxIyQxIyQ5IyQ5MiQzNjEwMDIjNTEjJDEjJDYjJDgz
예성의원,의원,서울,동작구,상도동,"서울특별시 동작구 성대로2길 12, 2층 (상도동)",02-816-6561,www.jesus1.co.kr/,37861,1,0,126.931252,37.499450299999999,JDQ4MTg4MSM1MSMkMiMkMCMkMDAkNDgxOTYxIzUxIyQyIyQxIyQwMCQzNjEwMDIjNDEjJDEjJDgjJDgz
오아로피부과의원,의원,서울,동작구,사당동,"서울특별시 동작구 사당로 300, 217~220호 (사당동, 이수자이)",02-6951-0370,http://www.oaro.co.kr,42891,3,2,126.9805813,37.484392499999998,JDQ4MTg4MSM1MSMkMiMkOCMkMDAkMzgxOTYxIzUxIyQxIyQxIyQ5MiQzNjE4MzIjNTEjJDEjJDIjJDgz
이정형외과의원,의원,서울,동작구,신대방동,"서울특별시 동작구 보라매로3길 29, 상가동 1-1~1-8호,3층2호,3층3호,3층4호 일부호 (신대방동, 해태보라매타워)",02-835-1002,http://www.leeos.net/,38063,2,0,126.9249307,37.491244999999999,JDQ4MTg4MSM1MSMkMiMkNCMkMDAkMzgxOTYxIzMxIyQxIyQzIyQ5MiQzNjE0ODEjNjEjJDEjJDQjJDgz
티엘여성의원,의원,서울,동작구,상도동,"서울특별시 동작구 상도로 174, 8층 (상도동)",02-1800-9631,http://www.tlcl.kr,39506,1,0,126.93842050000001,37.504266000000001,JDQ4MTg4MSM1MSMkMiMkMCMkMDAkNDgxOTYxIzUxIyQyIyQ1IyQwMCQzNjEwMDIjODEjJDEjJDIjJDgz
프라임의원,의원,서울,동작구,상도동,"서울특별시 동작구 상도로 174, 5층 (상도동)",02-826-2080,http://primeskin.co.kr,38806,1,0,126.93842050000001,37.504266000000001,JDQ4MTg4MSM1MSMkMiMkNCMkMDAkMzgxMTkxIzMxIyQxIyQ3IyQ3OSQ0NjEwMDIjNzEjJDEjJDgjJDgz
하정한정형외과의원,의원,서울,동작구,대방동,"서울특별시 동작구 보라매로 113, 4층 (대방동)",02-812-2211,www.jointha.co.kr/,38249,1,0,126.92791649999999,37.499479800000003,JDQ4MTg4MSM1MSMkMiMkNCMkMDAkMzgxNzAyIzIxIyQyIyQ1IyQwMCQzNjEwMDIjNTEjJDEjJDIjJDgz
고려정형외과의원,의원,서울,마포구,동교동,"서울특별시 마포구 신촌로 12, 5층 (동교동)",02-337-3553,http://www.koreasurgery.com/,37055,1,0,126.9276867,37.558098999999999,JDQ4MTg4MSM1MSMkMiMkMCMkMDAkNTgxOTYxIzMxIyQxIyQzIyQxMyQzNjE0ODEjNDEjJDEjJDQjJDgz
리버스의원,의원,서울,마포구,동교동,"서울특별시 마포구 양화로 165, 상진빌딩 13층 (동교동)",02-1544-0890,http://www.reverseclinic.com/,43210,1,0,126.9236203,37.557210300000001,JDQ4MTg4MSM1MSMkMiMkNCMkMDAkNDgxOTYxIzMxIyQxIyQzIyQ3MiQyNjE0ODEjNDEjJDEjJDQjJDgz
마포공덕에스앤유피부과의원,의원,서울,마포구,공덕동,"서울특별시 마포구 백범로 178, 마포신영지웰 2층 B204(일부),205,206,207호 (공덕동)",02-706-5250,http://,40554,4,3,126.95010499999999,37.543869399999998,JDQ4MTg4MSM1MSMkMiMkNCMkMDAkNDgxOTYxIzExIyQxIyQ3IyQ3OSQ0NjEwMDIjNDEjJDEjJDgjJDgz
미소퀸산부인과의원,의원,서울,마포구,도화동,"서울특별시 마포구 도화길 10, 5층 (도화동, 에벤에셀)",02-704-9988,http://www.misoqueen.co.kr,40472,2,0,126.9474001,37.539804799999999,JDQ4MTg4MSM1MSMkMiMkNCMkMDAkNDgxMzUxIzUxIyQxIyQ1IyQxMyQzNjE4MzIjNjEjJDEjJDgjJDgz
벨아미-리노보의원,의원,서울,마포구,동교동,"서울특별시 마포구 양화로 176, 동교동 스타피카소 5층 5FB74호,5FB75호호 (동교동)",02-3141-4282,http://www.renovoh.co.kr,43348,1,0,126.92499909999999,37.557251000000001,JDQ4MTg4MSM1MSMkMiMkNCMkMDAkNDgxMzUxIzExIyQxIyQzIyQ3OSQzNjE4MzIjNTEjJDEjJDYjJDgz
보아스이비인후과의원,의원,서울,마포구,아현동,"서울특별시 마포구 마포대로24길 56, 6층 (아현동, 보령빌딩)",392-0079,http://www.boazent.co.kr,39587,1,0,126.961928,37.551546999999999,JDQ4MTg4MSM1MSMkMiMkNCMkMDAkMzgxNzAyIzUxIyQxIyQxIyQ5OSQzNjEwMDIjNzEjJDEjJDgjJDgz
봄눈피우다의원,의원,서울,마포구,동교동,"서울특별시 마포구 양화로 192, 3층 (동교동)",02-6925-1215,springeye.co.kr,44077,1,0,126.9262485,37.5583314,JDQ4MTg4MSM1MSMkMiMkNCMkMDAkNDgxOTYxIzMxIyQxIyQzIyQ3OSQyNjEyMjIjNDEjJDEjJDQjJDgz
블리비의원,의원,서울,마포구,동교동,"서울특별시 마포구 양화로 161, 케이스퀘어 4층 (동교동)",1833-2141,http://www.velyb.kr/,45128,1,0,126.92336,37.556935000000003,JDQ4MTg4MSM1MSMkMiMkOCMkMDAkMzgxOTYxIzExIyQxIyQzIyQwMyQyNjEwMDIjNDEjJDEjJDQjJDgz
샤인의원,의원,서울,마포구,상암동,"서울특별시 마포구 월드컵북로 434, 207호 (상암동, 상암아이티타워)",6922-2003,http://hyunskin.net/,41635,1,0,126.8859573,37.581653299999999,JDQ4MTg4MSM1MSMkMiMkNCMkMDAkMzgxNzAyIzMxIyQxIyQ3IyQ5OSQzNjE4MzIjNDEjJDEjJDgjJDgz
서울메타비뇨의학과의원,의원,서울,마포구,공덕동,"서울특별시 마포구 마포대로 109, 3층 (공덕동, 롯데캐슬프레지던트)",02-6009-1133,www.metauro.co.kr,42676,1,0,126.9512549,37.545005400000001,JDQ4MTg4MSM1MSMkMiMkNCMkMDAkNDgxNzAyIzUxIyQxIyQxIyQ5OSQ0NjE0ODEjNTEjJDEjJDYjJDgz
서피부과의원,의원,서울,마포구,서교동,"서울특별시 마포구 양화로 125, 경남관광빌딩 8층 (서교동)",02-334-2898,http://www.seoderma.co.kr/,31948,1,1,126.9203014,37.554734000000003,JDQ4MTg4MSM1MSMkMiMkMCMkMDAkNDgxMzUxIzIxIyQxIyQ5IyQ3MiQ0NjEwMDIjODEjJDEjJDIjJDgz
셀린의원,의원,서울,마포구,동교동,"서울특별시 마포구 양화로 162, 15층 (동교동)",02-2039-6155,https://www.cellinclinic4.com,45271,1,0,126.9238845,37.556431000000003,JDQ4MTg4MSM1MSMkMiMkOCMkMDAkMzgxMTkxIzMxIyQxIyQzIyQ3OSQzNjEyMjIjNDEjJDEjJDQjJDgz
에스리본의원,의원,서울,마포구,동교동,"서울특별시 마포구 양화로 162, 좋은사람들 빌딩 8층 (동교동)",02-1833-5881,https://www.s-reborn.com,44650,3,0,126.9238845,37.556431000000003,JDQ4MTg4MSM1MSMkMiMkOCMkMDAkMzgxOTYxIzExIyQyIyQ3IyQwMCQyNjEwMDIjNDEjJDEjJDQjJDgz
에스앤유피부과의원,의원,서울,마포구,공덕동,"서울특별시 마포구 백범로 178, 2층 A203(일부),204,B202~204(일부)호 (공덕동)",02-706-5252,http://www.allskin.co.kr/,40554,3,3,126.95010499999999,37.543869399999998,JDQ4MTg4MSM1MSMkMiMkNCMkMDAkNDgxOTYxIzExIyQxIyQ3IyQ3OSQ0NjE0ODEjNTEjJDEjJDYjJDgz
연세동안의원,의원,서울,마포구,도화동,"서울특별시 마포구 도화길 10, 4층 (도화동)",02-707-1023,www.vipclinic.co.kr,39318,1,0,126.9474001,37.539804799999999,JDQ4MTg4MSM1MSMkMiMkNCMkMDAkNDgxOTYxIzQxIyQyIyQ3IyQwMCQ0NjEwMDIjNDEjJDEjJDgjJDgz
연세지움피부과의원,의원,서울,마포구,노고산동,"서울특별시 마포구 서강로 144, 9층 902호 (노고산동)",02-333-0606,http://www.ziumskin.com/,39570,1,1,126.9366421,37.554474999999996,JDQ4MTg4MSM1MSMkMiMkNCMkMDAkMzgxNzAyIzQxIyQxIyQ3IyQwMyQyNjEwMDIjNDEjJDEjJDgjJDgz
연세진정신건강의학과의원,의원,서울,마포구,공덕동,"서울특별시 마포구 만리재로 15, 2층 203호 (공덕동, 제일빌딩)",02-6391-9009,http://www.behappyclinic.co.kr,39126,1,0,126.9527595,37.544578600000001,JDQ4MTg4MSM1MSMkMiMkNCMkMDAkMzgxNzAyIzExIyQxIyQzIyQ3MiQyNjE0ODEjNzEjJDEjJDgjJDgz
연세참의원,의원,서울,마포구,성산동,"서울특별시 마포구 월드컵북로 69, 2층 (성산동)",02-3143-1331,http://,37727,1,0,126.9163245,37.559921799999998,JDQ4MTg4MSM1MSMkMiMkNCMkMDAkNDgxOTYxIzQxIyQxIyQ3IyQ5OSQyNjEwMDIjODEjJDEjJDYjJDgz
와이디의원,의원,서울,마포구,도화동,"서울특별시 마포구 새창로 11, (도화동)",02-6941-0120,www.ydskinclinic.com,42811,1,0,126.9513438,37.542476299999997,JDQ4MTg4MSM1MSMkMiMkNCMkMDAkNDgxMTkxIzMxIyQxIyQ3IyQ3MiQzNjEyMjIjNDEjJDEjJDgjJDgz
유리에성형외과의원,의원,서울,마포구,동교동,"서울특별시 마포구 양화로 165, 12층 1202호 (동교동)",02-6956-6279,http://www.yurieps.com,45792,1,0,126.9236203,37.557210300000001,JDQ4MTg4MSM1MSMkMiMkOCMkMDAkMzgxMTkxIzMxIyQxIyQ3IyQ2MiQyNjE4MzIjNDEjJDEjJDgjJDgz
임비뇨기과의원,의원,서울,마포구,노고산동,"서울특별시 마포구 신촌로 102-1, 2층 (노고산동)",02-715-2100,http://www.adamclinic.co.kr,34368,1,0,126.93738190000001,37.554616000000003,JDQ4MTg4MSM1MSMkMiMkMCMkMDAkMzgxMTkxIzUxIyQxIyQxIyQ5MiQyNjEwMDIjNDEjJDEjJDgjJDgz
제이필의원,의원,서울,마포구,동교동,"서울특별시 마포구 양화로 166, 미래프라자 5,7층 (동교동)",02-533-0060,https://jfeelclinic.com/,43472,7,0,126.9241712,37.556732599999997,JDQ4MTg4MSM1MSMkMiMkOCMkMDAkMzgxMTkxIzIxIyQxIyQ1IyQ4MiQzNjE4MzIjODEjJDEjJDYjJDgz
조앤필이비인후과의원,의원,서울,마포구,신공덕동,"서울특별시 마포구 백범로 202, 201,202,203,217호 (신공덕동, 마포케이씨씨웰츠타워)",02-6401-1111,http://www.chonfeel.com,40787,3,0,126.95234670000001,37.543078399999999,JDQ4MTg4MSM1MSMkMiMkNCMkMDAkNDgxOTYxIzIxIyQyIyQ5IyQwMCQ0NjEwMDIjNTEjJDEjJDIjJDgz
케이트의원,의원,서울,마포구,동교동,"서울특별시 마포구 양화로 148, 스칼렛빌딩 7층 (동교동)",02-6952-1234,http://www.wynnclinic.com,43451,2,0,126.9226632,37.555613700000002,JDQ4MTg4MSM1MSMkMiMkNCMkMDAkNDgxOTYxIzExIyQxIyQ3IyQ2MiQyNjEyMjIjNTEjJDEjJDYjJDgz
코넬비뇨기과의원,의원,서울,마포구,공덕동,"서울특별시 마포구 만리재로 15, 제일빌딩 2층 205호 (공덕동)",02-718-7575,http://www.conel.co.kr/conel/guide/g03_8.htm,40484,1,0,126.9527595,37.544578600000001,JDQ4MTg4MSM1MSMkMiMkNCMkMDAkNDgxOTYxIzExIyQxIyQzIyQ4OSQzNjE0ODEjNDEjJDEjJDgjJDgz
클린앤미피부과의원,의원,서울,마포구,상암동,"서울특별시 마포구 월드컵북로 347, 6층 (상암동, 상암메디칼빌딩)",02-307-3375,http://www.cleannmi.co.kr,40598,1,1,126.89320979999999,37.576355900000003,JDQ4MTg4MSM1MSMkMiMkNCMkMDAkNDgxOTYxIzExIyQxIyQ3IyQ4MiQzNjEwMDIjNTEjJDEjJDIjJDgz
필그린피부과의원,의원,서울,마포구,아현동,"서울특별시 마포구 마포대로24길 56, 2층 (아현동, 보령빌딩)",02-362-7582,http://www.feel-green.co.kr/index.html,39560,1,1,126.961928,37.551546999999999,JDQ4MTg4MSM1MSMkMiMkNCMkMDAkMzgxNzAyIzQxIyQxIyQ3IyQ4MiQzNjE0ODEjNDEjJDEjJDgjJDgz
합정제이엠가정의학과의원,의원,서울,마포구,합정동,"서울특별시 마포구 월드컵로3길 14, 1층 114호 (합정동, 마포 한강 2차 푸르지오)",02-2138-1174,https://www.scjm.co.kr/hapjeong/,45736,1,0,126.9119,37.551200799999997,JDQ4MTg4MSM1MSMkMiMkOCMkMDAkMzgxMTkxIzExIyQxIyQzIyQ4MiQyNjE0ODEjNTEjJDEjJDIjJDgz
홍대고운세상피부과의원,의원,서울,마포구,합정동,"서울특별시 마포구 월드컵로1길 14, 딜라이트스퀘어 A동 2층 202, 203호 (합정동, 마포 한강 푸르지오)",3143-3822,http://www.beautyforever.co.kr,37305,1,1,126.91215990000001,37.549947199999998,JDQ4MTg4MSM1MSMkMiMkNCMkMDAkMzgxMzUxIzExIyQxIyQ3IyQ3OSQzNjEyMjIjNDEjJDEjJDQjJDgz
홍대톡스앤필의원,의원,서울,마포구,동교동,"서울특별시 마포구 양화로 162, 11층, 12층 (동교동)",02-332-4842,https://www.toxnfill50.com,41873,2,0,126.9238845,37.556431000000003,JDQ4MTg4MSM1MSMkMiMkOCMkMDAkMzgxMTkxIzMxIyQxIyQzIyQ3MiQzNjEyMjIjNjEjJDEjJDgjJDgz
김소영피부과의원,의원,서울,서대문구,홍제동,"서울특별시 서대문구 통일로 448, 3층 (홍제동)",02-396-0522,www.syclinic.co.kr,41760,1,1,126.9444584,37.588842300000003,JDQ4MTg4MSM1MSMkMiMkNCMkMDAkNDgxMTkxIzMxIyQxIyQzIyQxMyQzNjE0ODEjNzEjJDEjJDgjJDgz
라온비뇨의학과의원,의원,서울,서대문구,창천동,"서울특별시 서대문구 연세로 10-1, 즐거운빌딩 11층 (창천동)",02-365-5671,https://www.raonuro.co.kr,39420,1,0,126.9371419,37.5565,JDQ4MTg4MSM1MSMkMiMkNCMkMDAkNTgxMzUxIzIxIyQxIyQxIyQxMyQ0NjE0ODEjNDEjJDEjJDgjJDgz
메이저피부과의원 신촌점,의원,서울,서대문구,창천동,"서울특별시 서대문구 연세로 8-1, 4층 (창천동)",02-392-7582,http://majorskin.co.kr,40794,1,1,126.9372977,37.556331299999997,JDQ4MTg4MSM1MSMkMiMkNCMkMDAkNDgxOTYxIzIxIyQxIyQ5IyQ2MiQzNjE0ODEjODEjJDEjJDYjJDgz
미래아이내과의원,의원,서울,서대문구,북가좌동,"서울특별시 서대문구 수색로 100, 상가동 1층 105,106호 (북가좌동, DMC래미안이편한세상)",02-309-7582,http://www.miraeimed.com,41235,1,0,126.90781490000001,37.574727099999997,JDQ4MTg4MSM1MSMkMiMkNCMkMDAkNDgxOTYxIzUxIyQxIyQ1IyQ4MiQyNjE0ODEjNTEjJDEjJDIjJDgz
미즈앤미여성의원,의원,서울,서대문구,북가좌동,"서울특별시 서대문구 응암로 55, (북가좌동)",02-303-6399,http://www.baedoctor.co.kr,30463,1,0,126.9098305,37.578401999999997,JDQ4MTg4MSM1MSMkMiMkMCMkMDAkMzgxNzAyIzIxIyQxIyQ1IyQ3OSQyNjE0ODEjNjEjJDEjJDgjJDgz
스타1 의원,의원,서울,서대문구,홍제동,"서울특별시 서대문구 통일로 415, 1,지하1층 (홍제동)",02-3217-6500,http://www.styleps.co.kr,42369,1,0,126.94632439999999,37.586510799999999,JDQ4MTg4MSM1MSMkMiMkNCMkMDAkNDgxMzUxIzMxIyQyIyQ3IyQwMCQ0NjE0ODEjNDEjJDEjJDgjJDgz
신촌오라클피부과의원,의원,서울,서대문구,창천동,"서울특별시 서대문구 신촌로 79, 성광빌딩 5층 (창천동)",02-322-2009,http://www.skinland.com,40185,1,1,126.93520820000001,37.556001899999998,JDQ4MTg4MSM1MSMkMiMkNCMkMDAkNDgxMzUxIzMxIyQxIyQzIyQwMyQ0NjE0ODEjNDEjJDEjJDgjJDgz
오에스티의원,의원,서울,서대문구,창천동,"서울특별시 서대문구 연세로 29, 4층 (창천동)",02-322-7570,http://www.ostclinic.co.kr,40764,1,0,126.93672650000001,37.558224299999999,JDQ4MTg4MSM1MSMkMiMkNCMkMDAkNDgxOTYxIzIxIyQxIyQ5IyQ3OSQ0NjEwMDIjNDEjJDEjJDgjJDgz
오지현소아과의원,의원,서울,서대문구,홍제동,"서울특별시 서대문구 통일로 413, 6층 (홍제동)",02-3216-3395,http://www.ohpediatric.com/,39190,1,0,126.9464449,37.586202100000001,JDQ4MTg4MSM1MSMkMiMkNCMkMDAkMzgxNzAyIzExIyQxIyQ3IyQwMyQzNjE0ODEjODEjJDEjJDIjJDgz
웰비뇨기과의원,의원,서울,서대문구,홍제동,"서울특별시 서대문구 통일로 413, 2층 (홍제동, 화인빌딩)",02-3217-8875,http://www.wellclinic.co.kr/,38356,1,0,126.9464449,37.586202100000001,JDQ4MTg4MSM1MSMkMiMkNCMkMDAkMzgxOTYxIzUxIyQxIyQ1IyQ3MiQyNjE0ODEjNTEjJDEjJDYjJDgz
의료법인장안의료재단홈메디칼의원,의원,서울,서대문구,홍은동,"서울특별시 서대문구 홍은중앙로8길 17, (홍은동)",02-395-2351,http://hommedical.kr/,37624,0,0,126.9485239,37.599055999999997,JDQ4MTg4MSM1MSMkMiMkMCMkMDAkNTgxMzUxIzQxIyQxIyQ3IyQ4OSQzNjEyMjIjNjEjJDEjJDQjJDgz
차앤박피부과의원,의원,서울,서대문구,창천동,"서울특별시 서대문구 신촌로 99, 6층 (창천동, 엘리트빌딩)",02-3147-0300,http://www.cnpskin.com,36265,2,2,126.9371958,37.555689700000002,JDQ4MTg4MSM1MSMkMiMkMCMkMDAkNTgxMzUxIzIxIyQxIyQ5IyQ2MiQzNjE0ODEjNDEjJDEjJDgjJDgz
채내과의원,의원,서울,서대문구,홍제동,"서울특별시 서대문구 세검정로 32, 채내과의원 지1,1,2,4,5층 (홍제동)",02-391-6703,http://www.chaemd.co.kr/intro.html,32657,1,0,126.94501,37.591564699999999,JDQ4MTg4MSM1MSMkMiMkMCMkMDAkNDgxOTYxIzExIyQxIyQzIyQ2MiQ0NjEwMDIjNDEjJDEjJDgjJDgz
체리성형외과의원,의원,서울,서대문구,대현동,"서울특별시 서대문구 신촌역로 7, 신촌푸르지오시티 2층 204, 205, 206호 (대현동)",02-312-7712,http://www.lamarps.com,43614,2,0,126.9425246,37.557362300000001,JDQ4MTg4MSM1MSMkMiMkOCMkMDAkMzgxMzUxIzUxIyQxIyQxIyQxMyQzNjEyMjIjNTEjJDEjJDYjJDgz
학교앞작은의원,의원,서울,서대문구,대현동,"서울특별시 서대문구 이화여대길 1, 2층 (대현동)",02-313-3105,http://www.ohmydoc.co.kr,40304,1,0,126.94569679999999,37.557124399999999,JDQ4MTg4MSM1MSMkMiMkNCMkMDAkMzgxNzAyIzQxIyQxIyQ3IyQ3MiQ0NjE0ODEjNzEjJDEjJDgjJDgz
21성형외과의원,의원,서울,서초구,서초동,"서울특별시 서초구 강남대로 441, 서산빌딩 10층 (서초동)",02-596-2121,https://21ps.co.kr/,44904,3,0,127.025305,37.501747000000002,JDQ4MTg4MSM1MSMkMiMkOCMkMDAkMzgxMzUxIzUxIyQxIyQxIyQ3OSQ0NjE0ODEjNjEjJDEjJDAjJDgz
가야성모의원,의원,서울,서초구,방배동,"서울특별시 서초구 동광로18길 55, 2층 (방배동)",532-2345,www.gymaryclinic.com/,40178,1,0,126.9909924,37.489468000000002,JDQ4MTg4MSM1MSMkMiMkNCMkMDAkNDgxMzUxIzMxIyQxIyQzIyQ4MiQzNjE4MzIjODEjJDEjJDYjJDgz
강남 리쥬엘의원,의원,서울,서초구,서초동,"서울특별시 서초구 강남대로 403, 8층 (서초동)",02-537-8889,https://gangnam.rejuel.com/,45693,1,0,127.02681459999999,37.498478200000001,JDQ4MTg4MSM1MSMkMiMkOCMkMDAkMzgxOTYxIzUxIyQxIyQ1IyQ5MiQ0NjEwMDIjNjEjJDEjJDQjJDgz
강남다움의원,의원,서울,서초구,서초동,"서울특별시 서초구 강남대로 419, 파고다타워 지하2층 (서초동)",02-6557-7701,https://gd-clinic.com,45951,1,0,127.02622959999999,37.499813500000002,JDQ4MTg4MSM1MSMkMiMkOCMkMDAkMzgxMTkxIzIxIyQxIyQ5IyQ4OSQzNjEyMjIjNDEjJDEjJDgjJDgz
강남리슬림의원,의원,서울,서초구,서초동,"서울특별시 서초구 강남대로 435, 주류성빌딩 14층 (서초동)",02-536-3962,http://reslim.co.kr,44522,1,0,127.0255738,37.5011826,JDQ4MTg4MSM1MSMkMiMkNCMkMDAkNTgxOTYxIzUxIyQxIyQ1IyQ4OSQyNjE0ODEjODEjJDEjJDIjJDgz
강남연세재활의학과의원,의원,서울,서초구,반포동,"서울특별시 서초구 서초중앙로 230, 동화반포프라자 5층 501, 504, 505호 (반포동)",02-3478-0216,www.ksspine.co.kr/,37788,1,0,127.0120781,37.502168900000001,JDQ4MTg4MSM1MSMkMiMkMCMkMDAkNTgxOTYxIzIxIyQxIyQ5IyQ3OSQzNjEyMjIjNjEjJDEjJDAjJDgz
강남항외과의원,의원,서울,서초구,서초동,"서울특별시 서초구 강남대로 423, 601호 (서초동, 한승빌딩)",02-595-5225,www.gangnamhang.co.kr/,38111,1,0,127.02584520000001,37.500258500000001,JDQ4MTg4MSM1MSMkMiMkNCMkMDAkMzgxOTYxIzMxIyQxIyQ3IyQ4OSQyNjE4MzIjNDEjJDEjJDQjJDgz
강남헤라성형외과의원,의원,서울,서초구,서초동,"서울특별시 서초구 서초대로73길 9, 타임빌딩 501호 (서초동)",,https://www.gnhera.com,45492,3,0,127.0252316,37.498314800000003,JDQ4MTg4MSM1MSMkMiMkOCMkMDAkMzgxOTYxIzMxIyQxIyQ3IyQ2MiQzNjEyMjIjNDEjJDEjJDQjJDgz
강한피부과의원,의원,서울,서초구,서초동,"서울특별시 서초구 서초대로 304, 8~11층 (서초동, 강한미크리닉빌딩)",02-567-4962,http://www.kangskin.co.kr,37018,2,1,127.0149613,37.493804900000001,JDQ4MTg4MSM1MSMkMiMkMCMkMDAkMzgxNzAyIzExIyQxIyQ3IyQxMyQ0NjEwMDIjNTEjJDEjJDIjJDgz
고와의원,의원,서울,서초구,서초동,"서울특별시 서초구 사평대로 368, 듀오 신논현빌딩 12층 (서초동)",02-591-7776,https://gowaclinic.com,46073,1,0,127.0235428,37.503792400000002,JDQ4MTg4MSM1MSMkMiMkOCMkMDAkMzgxMTkxIzMxIyQxIyQ3IyQ4OSQzNjE4MzIjNDEjJDEjJDgjJDgz
고운몸의원,의원,서울,서초구,서초동,"서울특별시 서초구 강남대로 321, 205,206,207호 (서초동, 서초동대우디오빌프라임)",02-525-0304,http://www.gowoonmom.co.kr/index.php,38919,2,0,127.02998150000001,37.491574800000002,JDQ4MTg4MSM1MSMkMiMkNCMkMDAkMzgxNzAyIzMxIyQxIyQ3IyQ4MiQyNjE0ODEjNTEjJDEjJDIjJDgz
고익수성형외과의원,의원,서울,서초구,서초동,"서울특별시 서초구 강남대로 375, 2층 212,213,215호 (서초동, 서초현대타워아파트)",02-3446-7100,http://www.petit.co.kr,42737,1,0,127.0279537,37.496501199999997,JDQ4MTg4MSM1MSMkMiMkNCMkMDAkMzgxNzAyIzIxIyQyIyQ5IyQwMCQyNjE4MzIjNTEjJDEjJDIjJDgz
그레이스성형외과의원,의원,서울,서초구,잠원동,"서울특별시 서초구 강남대로 623, 4,5층 (잠원동)",02-555-8558,http://www.graceclinic.co.kr,41850,1,0,127.0187507,37.5174126,JDQ4MTg4MSM1MSMkMiMkNCMkMDAkNDgxMzUxIzUxIyQxIyQ1IyQ5OSQzNjE4MzIjNjEjJDEjJDQjJDgz
김시효의원,의원,서울,서초구,신원동,"서울특별시 서초구 본마을4길 1, 1층 (신원동)",542-1090,http://www.kimsfamily.or.kr/,42481,1,0,127.0551249,37.4534989,JDQ4MTg4MSM1MSMkMiMkMCMkMDAkNDgxMzUxIzQxIyQyIyQ3IyQwMCQyNjEwMDIjNzEjJDEjJDgjJDgz
김연진의 퓨린피부과의원,의원,서울,서초구,반포동,"서울특별시 서초구 잠원로 24, 4층 401,416호호 (반포동, 반포자이프라자)",3477-7070,http://www.pureen.co.kr,39199,3,2,127.0098751,37.507111799999997,JDQ4MTg4MSM1MSMkMiMkNCMkMDAkMzgxMzUxIzIxIyQxIyQ5IyQ3MiQzNjE0ODEjODEjJDEjJDYjJDgz
김현영밸런스의원,의원,서울,서초구,방배동,"서울특별시 서초구 동작대로 120, 성산빌딩 504호 (방배동)",02-534-3091,http://www.kimhygo.co.kr/,37994,1,0,126.9827181,37.487263499999997,JDQ4MTg4MSM1MSMkMiMkNCMkMDAkNDgxMzUxIzUxIyQyIyQ1IyQwMCQyNjE0ODEjNjEjJDEjJDQjJDgz
너와의원,의원,서울,서초구,서초동,"서울특별시 서초구 강남대로 385, AHN385 3~4층 (서초동)",02-581-1668,https://nuwaclinic.com,46041,1,0,127.0274926,37.4970809,JDQ4MTg4MSM1MSMkMiMkOCMkMDAkMzgxMTkxIzMxIyQxIyQzIyQ3MiQzNjEwMDIjODEjJDEjJDIjJDgz
뉴데이성형외과의원,의원,서울,서초구,잠원동,"서울특별시 서초구 강남대로 557, 성한빌딩 11층 (잠원동)",02-541-5577,https://www.newdayps.com,45448,1,0,127.0206713,37.511565599999997,JDQ4MTg4MSM1MSMkMiMkOCMkMDAkMzgxOTYxIzMxIyQxIyQzIyQ4MiQyNjE0ODEjODEjJDEjJDYjJDgz
닥터미성형외과의원,의원,서울,서초구,서초동,"서울특별시 서초구 강남대로 415, 대동빌딩 13층 (서초동)",02-6258-8880,http://doctor-mi.com/_html/,41985,6,0,127.026354,37.499553200000001,JDQ4MTg4MSM1MSMkMiMkNCMkMDAkNDgxMTkxIzExIyQxIyQzIyQ2MiQ0NjEwMDIjNDEjJDEjJDQjJDgz
더(the)아름다운의원,의원,서울,서초구,반포동,"서울특별시 서초구 강남대로 545-12, 2층 (반포동)",02-466-8875,http://www.beautifulclinic.net,38411,1,0,127.0207291,37.510441,JDQ4MTg4MSM1MSMkMiMkNCMkMDAkMzgxNzAyIzExIyQxIyQzIyQ2MiQyNjE4MzIjNjEjJDEjJDAjJDgz
데이원의원,의원,서울,서초구,서초동,"서울특별시 서초구 강남대로 437, 대원빌딩 5층 (서초동)",02-535-0967,http://www.toxnfill8.com,40644,6,0,127.02552009999999,37.501365700000001,JDQ4MTg4MSM1MSMkMiMkNCMkMDAkNDgxOTYxIzQxIyQxIyQ3IyQ4MiQyNjEyMjIjNjEjJDEjJDgjJDgz
디라운지피부과의원,의원,서울,서초구,잠원동,"서울특별시 서초구 강남대로 623, 13층 (잠원동)",02-515-6171,www.d-lounge.co.kr,41759,1,1,127.0187507,37.5174126,JDQ4MTg4MSM1MSMkMiMkNCMkMDAkNDgxMTkxIzMxIyQxIyQzIyQxMyQzNjEwMDIjNjEjJDEjJDQjJDgz
디라이트외과의원,의원,서울,서초구,서초동,"서울특별시 서초구 강남대로 407, 12층 (서초동)",,https://www.delightsurgery.co.kr,45764,1,0,127.02659079999999,37.498974599999997,JDQ4MTg4MSM1MSMkMiMkOCMkMDAkMzgxMTkxIzExIyQxIyQ3IyQ5OSQyNjEwMDIjODEjJDEjJDIjJDgz
디아르의원,의원,서울,서초구,서초동,"서울특별시 서초구 강남대로69길 8, 케이아이타워(K I타워) 10층 (서초동)",02-532-8828,https://www.diarclinic.com,45971,2,0,127.0246411,37.5018539,JDQ4MTg4MSM1MSMkMiMkOCMkMDAkMzgxMTkxIzIxIyQxIyQ5IyQ4MiQyNjEyMjIjNjEjJDEjJDAjJDgz
라인피부과의원,의원,서울,서초구,반포동,"서울특별시 서초구 강남대로 543, 5층 (반포동, 국전빌딩)",02-549-0043,http://www.skinline.co.kr/,37239,2,2,127.0212624,37.510370799999997,JDQ4MTg4MSM1MSMkMiMkMCMkMDAkNTgxOTYxIzUxIyQxIyQ1IyQ4MiQyNjEwMDIjODEjJDEjJDYjJDgz
루트테마피부과의원,의원,서울,서초구,서초동,"서울특별시 서초구 강남대로 423, 7층 (서초동, 한승빌딩)",02-591-4477,http://www.themeskin.kr,40183,6,4,127.0258453,37.500258799999997,JDQ4MTg4MSM1MSMkMiMkMCMkMDAkNTgxMzUxIzExIyQxIyQzIyQ3OSQyNjEyMjIjNDEjJDEjJDgjJDgz
리마인드피부과의원,의원,서울,서초구,양재동,"서울특별시 서초구 강남대로 206, 201호 (양재동)",02-575-8275,https://remind-skin.com,45414,1,1,127.0365079,37.482667800000002,JDQ4MTg4MSM1MSMkMiMkOCMkMDAkMzgxOTYxIzMxIyQxIyQzIyQ3OSQ0NjEwMDIjODEjJDEjJDYjJDgz
리브힙의원,의원,서울,서초구,서초동,"서울특별시 서초구 강남대로 407, OPUS 9층 (서초동)",02-6204-8888,https://www.libhibclinic.com,46008,1,0,127.02660760000001,37.498992000000001,JDQ4MTg4MSM1MSMkMiMkOCMkMDAkMzgxMTkxIzMxIyQxIyQzIyQ4OSQyNjEwMDIjNjEjJDEjJDgjJDgz
리엔장성형외과의원,의원,서울,서초구,서초동,"서울특별시 서초구 강남대로 403, 14~18층 (서초동)",02-591-3625,http://www.lienjangps.co.kr,40602,18,3,127.02681459999999,37.498478200000001,JDQ4MTg4MSM1MSMkMiMkNCMkMDAkMzgxMTkxIzUxIyQxIyQ1IyQ5OSQyNjEwMDIjNjEjJDEjJDQjJDgz
리참성형외과의원,의원,서울,서초구,서초동,"서울특별시 서초구 서초대로77길 5, 진명빌딩 7층 7층 (서초동)",,https://www.lcps.co.kr/,45425,1,0,127.0264037,37.498337599999999,JDQ4MTg4MSM1MSMkMiMkOCMkMDAkMzgxOTYxIzMxIyQxIyQzIyQ2MiQ0NjEwMDIjODEjJDEjJDIjJDgz
리턴의원,의원,서울,서초구,잠원동,"서울특별시 서초구 강남대로 621, 잠원동 K-TOWER 11층 (잠원동)",02-515-8875,http://www.returnclinic.com/,42191,1,0,127.0187945,37.517123400000003,JDQ4MTg4MSM1MSMkMiMkNCMkMDAkNDgxOTYxIzUxIyQxIyQxIyQ2MiQyNjE4MzIjNjEjJDEjJDgjJDgz
리프티크피부과의원,의원,서울,서초구,잠원동,"서울특별시 서초구 나루터로 80, 자은빌딩 6층 (잠원동)",02-543-2829,https://www.liftique.co.kr,45652,2,2,127.0184825,37.515507999999997,JDQ4MTg4MSM1MSMkMiMkOCMkMDAkMzgxOTYxIzUxIyQxIyQ1IyQ5OSQzNjEyMjIjNjEjJDEjJDAjJDgz
마이라인성형외과의원,의원,서울,서초구,잠원동,"서울특별시 서초구 강남대로 613, 성락빌딩 2층 (잠원동)",,https://mylineps.com,45768,2,0,127.0190764,37.516466899999998,JDQ4MTg4MSM1MSMkMiMkNCMkMDAkMzgxMTkxIzExIyQxIyQ3IyQ3OSQyNjEwMDIjNDEjJDEjJDQjJDgz
메디라인의원,의원,서울,서초구,서초동,"서울특별시 서초구 서초대로 302, 교대역인앤인오피스 1001호 (서초동)",587-4466,http://cafe.daum.net/emediline,39023,1,0,127.01471720000001,37.493727700000001,JDQ4MTg4MSM1MSMkMiMkNCMkMDAkMzgxMTkxIzIxIyQyIyQ1IyQwMCQzNjEwMDIjNzEjJDEjJDgjJDgz
메디스캔의원,의원,서울,서초구,서초동,"서울특별시 서초구 강남대로 369, 에이플러스에셋타워 20층 (서초동)",02-525-5775,http://www.mediscan.co.kr,38671,5,0,127.0282508,37.495730899999998,JDQ4MTg4MSM1MSMkMiMkNCMkMDAkMzgxMTkxIzIxIyQxIyQ5IyQ5OSQyNjE4MzIjNDEjJDEjJDQjJDgz
메리트피부과의원,의원,서울,서초구,방배동,"서울특별시 서초구 방배로 95, 서경빌딩 5층 (방배동)",3472-1181,http://www.meritskin.co.kr,40667,1,1,126.99640770000001,37.482685199999999,JDQ4MTg4MSM1MSMkMiMkNCMkMDAkNDgxOTYxIzIxIyQxIyQ1IyQ4OSQ0NjE0ODEjNTEjJDEjJDYjJDgz
메종드엠의원,의원,서울,서초구,서초동,"서울특별시 서초구 강남대로 433, 3, 4층 (서초동)",02-533-7001,https://mdem.co.kr,44952,1,0,127.0256886,37.501042200000001,JDQ4MTg4MSM1MSMkMiMkOCMkMDAkMzgxMzUxIzUxIyQxIyQxIyQxMyQzNjE0ODEjNzEjJDEjJDgjJDgz
메티의원,의원,서울,서초구,반포동,"서울특별시 서초구 강남대로 527, 브랜드칸 타워 12층 (반포동)",02-3442-3330,http://www.meticlinic.com,45288,2,0,127.02186930000001,37.509096499999998,JDQ4MTg4MSM1MSMkMiMkOCMkMDAkMzgxOTYxIzIxIyQxIyQxIyQwMyQzNjE0ODEjNzEjJDEjJDgjJDgz
미드라인성형외과의원,의원,서울,서초구,서초동,"서울특별시 서초구 서초대로73길 9, 타임빌딩 7층 (서초동)",02-567-5518,midlineps.com,43665,1,0,127.0252316,37.498314800000003,JDQ4MTg4MSM1MSMkMiMkNCMkMDAkNTgxOTYxIzMxIyQyIyQzIyQwMCQ0NjE0ODEjNTEjJDEjJDIjJDgz
미소가인피부과의원,의원,서울,서초구,방배동,"서울특별시 서초구 방배로 84, 5층 (방배동, 유성빌딩)",586-5100,http://www.misogain.co.kr/intro/bangbae/map.jsp,40652,2,2,126.9976577,37.4819952,JDQ4MTg4MSM1MSMkMiMkNCMkMDAkNDgxOTYxIzIxIyQxIyQxIyQ3MiQ0NjE0ODEjNjEjJDEjJDgjJDgz
미엘르의원,의원,서울,서초구,반포동,"서울특별시 서초구 강남대로79길 16, 4층 (반포동)",541-1050,http://www.mielleclinic.net,40786,1,0,127.02302039999999,37.505145900000002,JDQ4MTg4MSM1MSMkMiMkNCMkMDAkNDgxMzUxIzIxIyQxIyQ5IyQ4OSQzNjEyMjIjODEjJDEjJDIjJDgz
미즈러브여성비뇨의학과의원,의원,서울,서초구,잠원동,"서울특별시 서초구 강남대로95길 38, 2~6층 (잠원동)",02-3447-6363,http://www.mizlove.com/,39700,2,0,127.0179207,37.513494000000001,JDQ4MTg4MSM1MSMkMiMkNCMkMDAkMzgxNzAyIzUxIyQxIyQ1IyQxMyQzNjEyMjIjNTEjJDEjJDIjJDgz
바롬의원,의원,서울,서초구,서초동,"서울특별시 서초구 강남대로 415, 7층 (서초동, 대동빌딩)",02-594-3644,http://www.varomclinic.co.kr/,39125,1,0,127.026354,37.499553200000001,JDQ4MTg4MSM1MSMkMiMkNCMkMDAkMzgxNzAyIzExIyQyIyQzIyQwMCQ0NjEwMDIjNjEjJDEjJDgjJDgz
바이미성형외과의원,의원,서울,서초구,잠원동,"서울특별시 서초구 강남대로 605, 세양21세기 휴먼TOWER 12층 (잠원동)",02-2039-0801,https://bymeps.co.kr/,43108,1,0,127.0192069,37.515764599999997,JDQ4MTg4MSM1MSMkMiMkNCMkMDAkNTgxMzUxIzIxIyQxIyQ1IyQ3MiQyNjE4MzIjODEjJDEjJDIjJDgz
반포리움성형외과의원,의원,서울,서초구,잠원동,"서울특별시 서초구 신반포로 189, 반포쇼핑타운 4동 3층 1~3호 (잠원동)",02-535-7582,https://banpoleeum.com,46059,1,0,127.00489330000001,37.506544499999997,JDQ4MTg4MSM1MSMkMiMkNCMkMDAkNDgxMzUxIzIxIyQxIyQ5IyQ5MiQyNjE0ODEjNTEjJDEjJDIjJDgz
별성형외과의원,의원,서울,서초구,서초동,"서울특별시 서초구 사평대로56길 6, 2,3,4,5층 (서초동)",1833-8898,http://www.byulstar.com/,42304,4,0,127.0228358,37.5034159,JDQ4MTg4MSM1MSMkMiMkNCMkMDAkNDgxMzUxIzQxIyQxIyQ3IyQwMyQyNjEyMjIjNjEjJDEjJDQjJDgz
보니따의원,의원,서울,서초구,잠원동,"서울특별시 서초구 강남대로 565, 3층 (잠원동)",02-3444-1535,http://www.bonitadr.com/,39668,1,0,127.0203353,37.512216199999997,JDQ4MTg4MSM1MSMkMiMkMCMkMDAkNDgxNzAyIzIxIyQxIyQxIyQxMyQyNjEwMDIjNjEjJDEjJDQjJDgz
본아이성형외과의원,의원,서울,서초구,잠원동,"서울특별시 서초구 강남대로 595, 경승빌딩 2층 (잠원동)",02-1899-7233,http://www.boneeye.co.kr,42613,1,0,127.0195571,37.514859800000004,JDQ4MTg4MSM1MSMkMiMkNCMkMDAkNDgxOTYxIzQxIyQxIyQ3IyQwMyQyNjEwMDIjNTEjJDEjJDIjJDgz
봄스피부과의원,의원,서울,서초구,서초동,"서울특별시 서초구 서초대로 356, 서초지웰타워 10층 (서초동)",02-535-8055,http://www.bomsskin.com,39230,2,2,127.0202646,37.495416200000001,JDQ4MTg4MSM1MSMkMiMkOCMkMDAkMzgxOTYxIzMxIyQxIyQzIyQwMyQzNjEyMjIjNTEjJDEjJDIjJDgz
뷔엘성형외과의원,의원,서울,서초구,서초동,"서울특별시 서초구 강남대로 437, 3층 (서초동)",,https://www.vlprs.com,45821,1,0,127.02552009999999,37.501365700000001,JDQ4MTg4MSM1MSMkMiMkOCMkMDAkMzgxMzUxIzMxIyQxIyQzIyQ3MiQzNjEyMjIjNjEjJDEjJDQjJDgz
뷰티라운지의원,의원,서울,서초구,방배동,"서울특별시 서초구 효령로33길 55, 디엠타워동관 5층 (방배동)",02-6248-7582,http://bangbae.beautyloungeclinic.com/,45688,1,0,126.9967879,37.483619099999999,JDQ4MTg4MSM1MSMkMiMkOCMkMDAkMzgxOTYxIzUxIyQxIyQ1IyQ5MiQyNjE4MzIjNjEjJDEjJDgjJDgz
브라운성형외과의원,의원,서울,서초구,반포동,"서울특별시 서초구 강남대로 475, 6~12층 (반포동)",02-518-2400,http://www.braunps.co.kr,40162,10,0,127.02388980000001,37.504745399999997,JDQ4MTg4MSM1MSMkMiMkNCMkMDAkNDgxMTkxIzExIyQxIyQzIyQ4MiQzNjE4MzIjODEjJDEjJDIjJDgz
브라운아이의원,의원,서울,서초구,서초동,"서울특별시 서초구 서초대로 310, 소망빌딩 7층 (서초동)",3477-7774,http://www.browneye.co.kr,42088,1,0,127.0155606,37.493994100000002,JDQ4MTg4MSM1MSMkMiMkNCMkMDAkNDgxMzUxIzUxIyQxIyQ1IyQ2MiQ0NjE0ODEjODEjJDEjJDIjJDgz
브라이튼피부과의원,의원,서울,서초구,반포동,"서울특별시 서초구 반포대로 287, 래미안퍼스티지 중심상가 3층 321~324호 (반포동)",02-6953-8480,http://brightenskin.co.kr,45302,1,1,127.0010992,37.504341400000001,JDQ4MTg4MSM1MSMkMiMkOCMkMDAkMzgxOTYxIzIxIyQxIyQ1IyQ3OSQyNjE0ODEjNTEjJDEjJDIjJDgz
비티성형외과의원,의원,서울,서초구,서초동,"서울특별시 서초구 서초대로77길 17, BLOCK77 702호 (서초동)",,https://www.btprs.co.kr,45055,3,0,127.0257524,37.499553599999999,JDQ4MTg4MSM1MSMkMiMkOCMkMDAkMzgxOTYxIzExIyQxIyQzIyQ3OSQ0NjE0ODEjODEjJDEjJDYjJDgz
새하얀피부과의원,의원,서울,서초구,방배동,"서울특별시 서초구 방배천로 5-3, 3층 (방배동)",02-583-2500,http://www.whitskin.com,40214,1,1,126.9822612,37.4770623,JDQ4MTg4MSM1MSMkMiMkNCMkMDAkNDgxMzUxIzMxIyQyIyQ3IyQwMCQzNjE0ODEjODEjJDEjJDYjJDgz
서울탑비뇨기과의원,의원,서울,서초구,서초동,"서울특별시 서초구 강남대로 341, 4층 (서초동, 삼원빌딩)",02-583-7522,http://,41918,1,0,127.0293874,37.493270500000001,JDQ4MTg4MSM1MSMkMiMkNCMkMDAkNDgxMzUxIzExIyQxIyQzIyQ3OSQzNjEyMjIjNjEjJDEjJDQjJDgz
서초아가페의원,의원,서울,서초구,서초동,"서울특별시 서초구 고무래로 90-7, 서초쇼핑 201호, 202호 일부호 (서초동)",02-591-3056,http://www.agapeclinic.kr,37315,2,0,127.0174825,37.499934199999998,JDQ4MTg4MSM1MSMkMiMkNCMkMDAkMzgxMzUxIzExIyQxIyQzIyQxMyQyNjE4MzIjNjEjJDEjJDAjJDgz
셀린의원,의원,서울,서초구,서초동,"서울특별시 서초구 서초대로73길 9, 타임빌딩 3층 401호 (서초동)",02-532-2550,https://www.cellinclinic9.com,45771,2,0,127.0252316,37.498314800000003,JDQ4MTg4MSM1MSMkMiMkOCMkMDAkMzgxMTkxIzExIyQyIyQ3IyQwMCQzNjE0ODEjNDEjJDEjJDQjJDgz
순플러스성형외과의원,의원,서울,서초구,잠원동,"서울특별시 서초구 강남대로 589, 신사역멀버리힐스 12,13층 (잠원동)",02-547-1705,http://www.soonplus.com/,39657,5,0,127.01941119999999,37.514441599999998,JDQ4MTg4MSM1MSMkMiMkNCMkMDAkMzgxNzAyIzUxIyQxIyQ1IyQ4OSQzNjEwMDIjNjEjJDEjJDgjJDgz
신세계안피부과의원,의원,서울,서초구,반포동,"서울특별시 서초구 신반포로 176, 하우스오브신세계 M1F층 (반포동)",02-2138-0263,https://www.dranbeauty.com,45528,1,1,127.0047519,37.503895200000002,JDQ4MTg4MSM1MSMkMiMkOCMkMDAkMzgxOTYxIzQxIyQxIyQ3IyQ4OSQyNjEyMjIjNDEjJDEjJDgjJDgz
아나모헤어플란트의원,의원,서울,서초구,서초동,"서울특별시 서초구 강남대로53길 7, 8층 (서초동)",02-553-7573,http://www.anamo.co.kr,41330,1,0,127.0282717,37.494261100000003,JDQ4MTg4MSM1MSMkMiMkNCMkMDAkNDgxMzUxIzIxIyQxIyQxIyQ4MiQyNjE4MzIjNzEjJDEjJDgjJDgz
아바(ava)성형외과의원,의원,서울,서초구,잠원동,"서울특별시 서초구 강남대로 603, 인성빌딩 4층 (잠원동)",,https://www.ava-ps.com,46164,1,0,127.0193147,37.5155654,JDQ4MTg4MSM1MSMkMiMkOCMkMDAkMzgxMTkxIzQxIyQxIyQ3IyQwMyQ0NjE0ODEjNzEjJDEjJDgjJDgz
아비쥬의원,의원,서울,서초구,서초동,"서울특별시 서초구 서초대로77길 9, 강남 누드죤빌딩 302호,11,13층 (서초동)",1544-0377,http://www.wynnps.com/,38917,8,0,127.026233,37.498598299999998,JDQ4MTg4MSM1MSMkMiMkNCMkMDAkMzgxMTkxIzMxIyQxIyQ3IyQ3OSQyNjE0ODEjNTEjJDEjJDYjJDgz
아우름의원,의원,서울,서초구,서초동,"서울특별시 서초구 강남대로 429, 동일빌딩 8층 가호 (서초동)",02-594-0080,http://www.aurumclinic.co.kr,40934,1,0,127.02579179999999,37.500805200000002,JDQ4MTg4MSM1MSMkMiMkNCMkMDAkNDgxOTYxIzMxIyQxIyQ3IyQ4OSQzNjEwMDIjODEjJDEjJDIjJDgz
아이러브피부과의원,의원,서울,서초구,서초동,"서울특별시 서초구 강남대로 423, 5층 (서초동, 한승빌딩)",02-553-1060,http://www.iloveskin.kr,41914,1,1,127.02584520000001,37.500258500000001,JDQ4MTg4MSM1MSMkMiMkNCMkMDAkMzgxNzAyIzUxIyQxIyQ1IyQ5OSQzNjE0ODEjNjEjJDEjJDQjJDgz
아이케이성형외과의원,의원,서울,서초구,서초동,"서울특별시 서초구 강남대로 439, 유화빌딩 502호 (서초동)",,https://ikplstic.com,45784,1,0,127.02540209999999,37.501546099999999,JDQ4MTg4MSM1MSMkMiMkOCMkMDAkMzgxMTkxIzExIyQxIyQ3IyQwMyQyNjEyMjIjNDEjJDEjJDQjJDgz
아티크의원,의원,서울,서초구,서초동,"서울특별시 서초구 강남대로 435, 주류성빌딩 12층 (서초동)",02-532-7700,https://artiqueclinic.com,46113,1,0,127.0255738,37.5011826,JDQ4MTg4MSM1MSMkMiMkOCMkMDAkMzgxMTkxIzMxIyQxIyQ3IyQwMyQ0NjEwMDIjODEjJDEjJDYjJDgz
알유(RU)성형외과의원,의원,서울,서초구,반포동,"서울특별시 서초구 강남대로 527, 브랜드칸 타워 6층 (반포동)",02-594-4000,https://www.ruprs.com,45463,1,0,127.02186930000001,37.509096499999998,JDQ4MTg4MSM1MSMkMiMkOCMkMDAkMzgxOTYxIzMxIyQxIyQzIyQwMyQzNjE0ODEjNjEjJDEjJDgjJDgz
에르네의원,의원,서울,서초구,서초동,"서울특별시 서초구 서초대로77길 59, 강남역 2차 I'PARK 지하1층, 3층 (서초동)",02-1899-7599,http://www.raffineclinic.com,41548,2,0,127.02400369999999,37.502282999999998,JDQ4MTg4MSM1MSMkMiMkNCMkMDAkNDgxOTYxIzIxIyQxIyQ5IyQwMyQyNjE4MzIjNDEjJDEjJDQjJDgz
에버샘의원,의원,서울,서초구,서초동,"서울특별시 서초구 강남대로 463, 리젠메디컬타워 10층 (서초동)",02-3478-8087,https://eversameclinic.com,46160,1,0,127.024458,37.503482599999998,JDQ4MTg4MSM1MSMkMiMkOCMkMDAkMzgxMTkxIzUxIyQxIyQxIyQ3OSQyNjEwMDIjODEjJDEjJDIjJDgz
에이아이의원,의원,서울,서초구,서초동,"서울특별시 서초구 강남대로 341, 7층 (서초동, 삼원빌딩)",02-3472-4485,http://www.ailove.co.kr,41043,1,0,127.0293874,37.493270500000001,JDQ4MTg4MSM1MSMkMiMkNCMkMDAkNDgxOTYxIzQxIyQxIyQ3IyQ5MiQzNjEwMDIjODEjJDEjJDIjJDgz
에이치성형외과의원,의원,서울,서초구,반포동,"서울특별시 서초구 강남대로 509, 5층 (반포동, 하늘안과빌딩)",02-3447-0100,www.ys100ps.co.kr/,39444,1,0,127.0224917,37.507644599999999,JDQ4MTg4MSM1MSMkMiMkNCMkMDAkNDgxMzUxIzExIyQyIyQzIyQwMCQzNjEwMDIjODEjJDEjJDYjJDgz
에톤성형외과의원,의원,서울,서초구,잠원동,"서울특별시 서초구 강남대로 563, 페이토 9,10,11층 (잠원동)",02-518-9990,https://etonne.kr/,45076,3,0,127.02043159999999,37.511946199999997,JDQ4MTg4MSM1MSMkMiMkOCMkMDAkMzgxOTYxIzExIyQxIyQzIyQ2MiQzNjE0ODEjNjEjJDEjJDQjJDgz
엘비아피부과의원,의원,서울,서초구,반포동,"서울특별시 서초구 강남대로 527, 브랜드칸 타워 14층 (반포동)",02-516-8989,https://www.elviaclinic.com,46092,1,1,127.02186930000001,37.509096499999998,JDQ4MTg4MSM1MSMkMiMkOCMkMDAkMzgxMTkxIzMxIyQxIyQ3IyQ3MiQ0NjEwMDIjNzEjJDEjJDgjJDgz
연세가정의학과의원,의원,서울,서초구,서초동,"서울특별시 서초구 강남대로 381, 303호 (서초동, 두산베어스텔)",02-3463-7114,http://www.mydr1234.co.kr,37146,1,0,127.02772210000001,37.496691800000001,JDQ4MTg4MSM1MSMkMiMkMCMkMDAkNTgxOTYxIzQxIyQxIyQ3IyQ4MiQ0NjEwMDIjNDEjJDEjJDgjJDgz
연세스타피부과의원,의원,서울,서초구,방배동,"서울특별시 서초구 방배로 83, 방배센트럴빌딩 2층일부,7층 (방배동)",02-582-0828,http://www.mystarskin.co.kr,44419,2,1,126.9970075,37.481864600000002,JDQ4MTg4MSM1MSMkMiMkNCMkMDAkMzgxMzUxIzIxIyQxIyQ5IyQ2MiQ0NjE0ODEjNjEjJDEjJDAjJDgz
연세크라운비뇨의학과의원,의원,서울,서초구,서초동,"서울특별시 서초구 반포대로22길 104, 크라운빌딩 5,6층 (서초동)",02-588-2119,http://www.crownclinic.co.kr,43472,1,0,127.0138369,37.491212699999998,JDQ4MTg4MSM1MSMkMiMkNCMkMDAkMzgxMzUxIzIxIyQxIyQxIyQwMyQyNjEwMDIjNTEjJDEjJDYjJDgz
연세탑뷰티의원,의원,서울,서초구,방배동,"서울특별시 서초구 동작대로 118, 5층 502호 (방배동)",02-533-4287,http://www.sbclinic.kr/,39503,1,0,126.9828023,37.487022899999999,JDQ4MTg4MSM1MSMkMiMkNCMkMDAkMzgxMzUxIzUxIyQyIyQxIyQwMCQzNjE4MzIjNjEjJDEjJDAjJDgz
영영영의원,의원,서울,서초구,반포동,"서울특별시 서초구 강남대로 509, 하늘안과 B동 7층 (반포동)",,https://www.000clinic.com,45503,1,0,127.0224917,37.507644599999999,JDQ4MTg4MSM1MSMkMiMkOCMkMDAkMzgxOTYxIzMxIyQxIyQ3IyQ3MiQyNjE4MzIjNTEjJDEjJDIjJDgz
오르타의원,의원,서울,서초구,서초동,"서울특별시 서초구 강남대로69길 10, 3층 (서초동)",,https://www.ortaclinic.com/ko,45589,12,0,127.02425700000001,37.501769400000001,JDQ4MTg4MSM1MSMkMiMkOCMkMDAkMzgxOTYxIzUxIyQyIyQxIyQwMCQ0NjEwMDIjNDEjJDEjJDQjJDgz
오현숙내과의원,의원,서울,서초구,서초동,"서울특별시 서초구 효령로 229, 2층 (서초동, 서울빌딩)",02-523-5588,http://doctorohclinic.com,39598,1,0,127.0091164,37.4838807,JDQ4MTg4MSM1MSMkMiMkMCMkMDAkNTgxOTYxIzQxIyQxIyQ3IyQ4OSQzNjEwMDIjNTEjJDEjJDIjJDgz
와이케이(YK)박윤기피부과의원,의원,서울,서초구,서초동,"서울특별시 서초구 서초대로 316, 401호 (서초동)",02-6052-1125,http://www.kangskin.co.kr,41507,2,2,127.0162235,37.494081100000002,JDQ4MTg4MSM1MSMkMiMkNCMkMDAkNDgxOTYxIzUxIyQxIyQxIyQ2MiQ0NjE0ODEjNzEjJDEjJDgjJDgz
완성형외과의원,의원,서울,서초구,반포동,"서울특별시 서초구 강남대로 509, A동 3층 (반포동)",02-546-0222,https://wanprs.com,46099,1,0,127.0224917,37.507644599999999,JDQ4MTg4MSM1MSMkMiMkOCMkMDAkMzgxMTkxIzMxIyQxIyQ3IyQ4MiQzNjE0ODEjNTEjJDEjJDYjJDgz
워나성형외과의원,의원,서울,서초구,서초동,"서울특별시 서초구 강남대로 407, 7층 (서초동)",02-533-8001,http://www.wannaps.co.kr,45190,2,0,127.02659079999999,37.498974599999997,JDQ4MTg4MSM1MSMkMiMkOCMkMDAkMzgxOTYxIzExIyQxIyQ3IyQwMyQ0NjEwMDIjNDEjJDEjJDgjJDgz
위즈미여성의원,의원,서울,서초구,서초동,"서울특별시 서초구 강남대로 455, 301호 (서초동, 태영데시앙)",02-2651-3030,http://wmclinic.co.kr/,39421,1,0,127.0245298,37.502855799999999,JDQ4MTg4MSM1MSMkMiMkMCMkMDAkNTgxMzUxIzMxIyQxIyQ3IyQ2MiQzNjE4MzIjODEjJDEjJDYjJDgz
윌성형외과의원,의원,서울,서초구,서초동,"서울특별시 서초구 강남대로 437, 7층 (서초동, 대원빌딩)",02-532-8874,http://www.willps.co.kr/,41005,1,0,127.02552009999999,37.501365700000001,JDQ4MTg4MSM1MSMkMiMkNCMkMDAkNDgxOTYxIzQxIyQxIyQ3IyQ2MiQ0NjE0ODEjNDEjJDEjJDgjJDgz
윔의원,의원,서울,서초구,서초동,"서울특별시 서초구 서초대로77길 17, BLOCK77 제B102호 (서초동)",070-4466-5495,https://www.wimclinic.com/oursoap,46031,4,0,127.0257524,37.499553599999999,JDQ4MTg4MSM1MSMkMiMkOCMkMDAkMzgxMTkxIzMxIyQyIyQzIyQwMCQyNjEwMDIjNDEjJDEjJDgjJDgz
유에이치셀의원,의원,서울,서초구,서초동,"서울특별시 서초구 반포대로16길 30, 1층 101, 102, 108호 (서초동)",02-2135-4393,https://seocho.uhcell.com,46126,1,0,127.01250949999999,37.486141500000002,JDQ4MTg4MSM1MSMkMiMkOCMkMDAkMzgxMTkxIzQxIyQxIyQ3IyQ3OSQyNjEwMDIjNDEjJDEjJDgjJDgz
유영호피부과의원,의원,서울,서초구,잠원동,"서울특별시 서초구 강남대로 621, 5층 502호 (잠원동, K TOWER)",02-518-8021,http://www.scalingskin.co.kr/main.asp,42970,1,1,127.0187945,37.517123400000003,JDQ4MTg4MSM1MSMkMiMkMCMkMDAkNTgxMzUxIzIxIyQxIyQ1IyQ4MiQyNjE4MzIjNDEjJDEjJDgjJDgz
유픽의원,의원,서울,서초구,서초동,"서울특별시 서초구 강남대로 403, 5층 (서초동)",02-6160-5000,https://gn.upicclinic.com/,45300,1,0,127.02681459999999,37.498478200000001,JDQ4MTg4MSM1MSMkMiMkOCMkMDAkMzgxOTYxIzIxIyQxIyQxIyQxMyQzNjE4MzIjODEjJDEjJDYjJDgz
이수메디스톤비뇨의학과의원,의원,서울,서초구,방배동,"서울특별시 서초구 동작대로 114, 4층 (방배동, 유문빌딩)",02-537-8272,http://www.medistone.co.kr/web/index.php,37754,1,0,126.9827042,37.486800199999998,JDQ4MTg4MSM1MSMkMiMkMCMkMDAkNTgxOTYxIzExIyQxIyQ3IyQwMyQzNjEyMjIjNTEjJDEjJDYjJDgz
이승남강남베스트의원,의원,서울,서초구,서초동,"서울특별시 서초구 서초대로 250, 6층 (일부) (서초동)",592-4560,http://www.clinicbest.co.kr,37372,1,0,127.0091903,37.4919826,JDQ4MTg4MSM1MSMkMiMkNCMkMDAkMzgxMzUxIzIxIyQyIyQ5IyQwMCQzNjE0ODEjNjEjJDEjJDAjJDgz
이종우비뇨의학과의원,의원,서울,서초구,잠원동,"서울특별시 서초구 신반포로 205, 반포쇼핑타운 2층 7~9, 28~32호 (잠원동)",02-532-6781,https://www.ljwuro.co.kr/,46196,1,0,127.0064782,37.507024899999998,JDQ4MTg4MSM1MSMkMiMkNCMkMDAkNTgxOTYxIzIxIyQxIyQ5IyQ5MiQzNjEwMDIjNDEjJDEjJDgjJDgz
이춘봉피부과의원,의원,서울,서초구,반포동,"서울특별시 서초구 서초중앙로 230, (반포동, 301호, 302호)",594-0338,www.lcbskin.com/,33236,1,1,127.0120781,37.502168900000001,JDQ4MTg4MSM1MSMkMiMkMCMkMDAkNDgxMzUxIzMxIyQxIyQ3IyQ4OSQzNjE4MzIjNjEjJDEjJDQjJDgz
인현피부과의원,의원,서울,서초구,서초동,"서울특별시 서초구 서운로 216, 3층 (서초동)",3482-1952,http://,32699,1,1,127.02189129999999,37.502380799999997,JDQ4MTg4MSM1MSMkMiMkMCMkMDAkNDgxOTYxIzExIyQxIyQzIyQwMyQyNjE0ODEjNjEjJDEjJDgjJDgz
임이석테마피부과의원,의원,서울,서초구,잠원동,"서울특별시 서초구 나루터로 78, 임이석 테마피부과 B2,B1,1,2,3,5층 (잠원동)",3446-1110,http://www.beautyskin.kr,39563,8,7,127.0183227,37.5153873,JDQ4MTg4MSM1MSMkMiMkMCMkMDAkNDgxMTkxIzUxIyQxIyQ1IyQ4MiQyNjEwMDIjNTEjJDEjJDIjJDgz
자스민피부과의원,의원,서울,서초구,잠원동,"서울특별시 서초구 신반포로 257, 303호 (잠원동, 뉴타운빌딩)",02-3481-2114,www.jasminett.com/,38608,1,1,127.0119428,37.508617999999998,JDQ4MTg4MSM1MSMkMiMkNCMkMDAkMzgxMTkxIzIxIyQxIyQ1IyQ4OSQyNjEyMjIjODEjJDEjJDIjJDgz
저스트성형외과의원,의원,서울,서초구,서초동,"서울특별시 서초구 서초대로77길 62, 강남역 IPARK 2층 (서초동)",02-536-3700,justprs.com,44671,3,0,127.0239029,37.502755700000002,JDQ4MTg4MSM1MSMkMiMkNCMkMDAkNTgxMzUxIzQxIyQyIyQ3IyQwMCQyNjEyMjIjNDEjJDEjJDgjJDgz
제로피부과의원,의원,서울,서초구,서초동,"서울특별시 서초구 강남대로 421, 삼영빌딩 7층 (서초동)",02-535-4988,https://www.zerodermaclinic.com/,45643,1,1,127.0261805,37.500092500000001,JDQ4MTg4MSM1MSMkMiMkOCMkMDAkMzgxOTYxIzUxIyQxIyQxIyQxMyQ0NjEwMDIjNTEjJDEjJDYjJDgz
지디에스성형외과의원,의원,서울,서초구,서초동,"서울특별시 서초구 강남대로 439, 유화빌딩 6층 701호 (서초동)",02-573-7515,www.gdsprs.com,42144,1,0,127.02540209999999,37.501546099999999,JDQ4MTg4MSM1MSMkMiMkNCMkMDAkMzgxMzUxIzExIyQxIyQ3IyQ5MiQyNjE0ODEjNDEjJDEjJDgjJDgz
지앤영피부과의원,의원,서울,서초구,서초동,"서울특별시 서초구 강남대로 341, 4층 (서초동, 삼원빌딩)",02-3486-2420,http://www.gnyoungskin.com,41207,1,1,127.0293874,37.493270500000001,JDQ4MTg4MSM1MSMkMiMkNCMkMDAkMzgxNzAyIzQxIyQxIyQ3IyQ2MiQyNjE4MzIjODEjJDEjJDYjJDgz
차민성형외과의원,의원,서울,서초구,반포동,"서울특별시 서초구 강남대로 503, 청하빌딩 4, 5, 6층 (반포동)",02-517-0120,http://chaminst.com/,44753,6,0,127.0228728,37.5068743,JDQ4MTg4MSM1MSMkMiMkOCMkMDAkMzgxMzUxIzMxIyQyIyQ3IyQwMCQyNjE0ODEjODEjJDEjJDIjJDgz
카라멜성형외과의원,의원,서울,서초구,잠원동,"서울특별시 서초구 강남대로 557, 성한빌딩 10층 (잠원동)",02-543-6010,http://www.eightps.com,43243,1,0,127.0206713,37.511565599999997,JDQ4MTg4MSM1MSMkMiMkNCMkMDAkNDgxMTkxIzExIyQxIyQ3IyQ5OSQ0NjE0ODEjNTEjJDEjJDYjJDgz
카모마일의원,의원,서울,서초구,서초동,"서울특별시 서초구 효령로74길 4, 4층 (서초동, 우담빌딩)",02-521-7935,http://blog.naver.com/dufqksgoxkf,42467,1,0,127.0265371,37.487770500000003,JDQ4MTg4MSM1MSMkMiMkNCMkMDAkNDgxNzAyIzMxIyQxIyQzIyQ4MiQzNjE0ODEjNDEjJDEjJDgjJDgz
커스텀피부과의원,의원,서울,서초구,반포동,"서울특별시 서초구 강남대로 527, 브랜드칸 타워 16층 (반포동)",,https://www.custom-clinic.com,46105,1,1,127.02186930000001,37.509096499999998,JDQ4MTg4MSM1MSMkMiMkOCMkMDAkMzgxMTkxIzMxIyQxIyQ3IyQwMyQzNjE0ODEjODEjJDEjJDIjJDgz
클레이성형외과의원,의원,서울,서초구,반포동,"서울특별시 서초구 강남대로 483, 301호 (반포동, 청호빌딩)",02-516-1368,http://www.drclay.co.kr/,38502,1,0,127.02367169999999,37.505336,JDQ4MTg4MSM1MSMkMiMkNCMkMDAkMzgxMTkxIzUxIyQxIyQxIyQ4OSQyNjE4MzIjODEjJDEjJDIjJDgz
클린업피부과의원,의원,서울,서초구,서초동,"서울특별시 서초구 강남대로 429, 10층 (서초동, 유창빌딩)",02-561-0007,http://www.upskin.co.kr,41338,1,1,127.02579179999999,37.500805200000002,JDQ4MTg4MSM1MSMkMiMkNCMkMDAkMzgxMTkxIzMxIyQxIyQzIyQ4MiQ0NjEwMDIjNjEjJDEjJDAjJDgz
톡스앤필의원,의원,서울,서초구,서초동,"서울특별시 서초구 강남대로 415, 대동빌딩 10, 11층 (서초동)",534-4842,http://www.blsclinic.com,40431,10,0,127.026354,37.499553200000001,JDQ4MTg4MSM1MSMkMiMkNCMkMDAkMzgxNzAyIzIxIyQxIyQ5IyQwMyQzNjE0ODEjNzEjJDEjJDgjJDgz
플로체여성의원,의원,서울,서초구,반포동,"서울특별시 서초구 강남대로 475, 4층 (반포동)",02-514-1454,http://www.flocewoman.com/index.asp,39121,1,0,127.02388980000001,37.504745399999997,JDQ4MTg4MSM1MSMkMiMkMCMkMDAkNTgxMzUxIzIxIyQxIyQ5IyQ5MiQyNjE0ODEjNDEjJDEjJDgjJDgz
한미인(韓美人)의원,의원,서울,서초구,서초동,"서울특별시 서초구 서초대로73길 7, 우송빌딩 4층, 5층 (서초동)",02-532-6485,http://blog.naver.com/braunwaldhd,40870,7,0,127.0252957,37.498137499999999,JDQ4MTg4MSM1MSMkMiMkNCMkMDAkNDgxOTYxIzMxIyQxIyQzIyQ2MiQzNjE0ODEjNjEjJDEjJDQjJDgz
핸슨의원,의원,서울,서초구,방배동,"서울특별시 서초구 서초대로 3-4, 402,409호 (방배동, 방배디오슈페리움1)",532-8053,http://www.drhansen.kr,39597,1,0,126.9829747,37.4860933,JDQ4MTg4MSM1MSMkMiMkNCMkMDAkNDgxMzUxIzMxIyQxIyQzIyQxMyQ0NjE0ODEjODEjJDEjJDYjJDgz
허스킨의원,의원,서울,서초구,방배동,"서울특별시 서초구 방배로 177, 8층 (방배동, 레마빌딩)",02-3482-7006,http://www.rbskin.com,40711,1,0,126.9922893,37.489299299999999,JDQ4MTg4MSM1MSMkMiMkNCMkMDAkNDgxOTYxIzIxIyQxIyQ1IyQwMyQzNjE0ODEjNDEjJDEjJDgjJDgz
호움산부인과의원,의원,서울,서초구,서초동,"서울특별시 서초구 서초중앙로 110, 2층 (서초동, 서초동롯데캐슬메디치)",02-548-9400,http://www.mediflower.co.kr,40455,1,0,127.01448670000001,37.491593399999999,JDQ4MTg4MSM1MSMkMiMkNCMkMDAkNDgxMzUxIzExIyQxIyQzIyQ2MiQzNjEwMDIjNjEjJDEjJDgjJDgz
화인마취통증의학과의원,의원,서울,서초구,방배동,"서울특별시 서초구 동작대로 132, 7층 (방배동)",02-536-4393,http://,42006,1,0,126.9827781,37.4882676,JDQ4MTg4MSM1MSMkMiMkNCMkMDAkNDgxOTYxIzExIyQxIyQ3IyQ5OSQzNjEwMDIjNTEjJDEjJDYjJDgz
히포크라타의원,의원,서울,서초구,잠원동,"서울특별시 서초구 잠원로4길 33-2, 잠원동 스타빌딩 4층 401호 (잠원동)",02-591-9970,http://hippocrata.com,43889,1,0,127.01066729999999,37.512821000000002,JDQ4MTg4MSM1MSMkMiMkOCMkMDAkMzgxMzUxIzUxIyQxIyQ1IyQ2MiQzNjEwMDIjNjEjJDEjJDQjJDgz
강태욱피부과의원,의원,서울,성동구,행당동,"서울특별시 성동구 행당로 84, 302호 (행당동, 한진종합상가)",02-2291-9500,www.ktwskin.com/,40940,1,1,127.0288249,37.5566034,JDQ4MTg4MSM1MSMkMiMkNCMkMDAkNDgxOTYxIzMxIyQxIyQ3IyQ5OSQyNjE0ODEjNjEjJDEjJDAjJDgz
라렌의원,의원,서울,성동구,하왕십리동,"서울특별시 성동구 왕십리로 410, L동 208호 (하왕십리동, 센트라스)",02-2299-2733,http://lareinegroup.co.kr,43441,1,0,127.0247864,37.566550700000001,JDQ4MTg4MSM1MSMkMiMkNCMkMDAkNDgxOTYxIzExIyQxIyQ3IyQ5MiQzNjEyMjIjODEjJDEjJDIjJDgz
밀락씨의원,의원,서울,성동구,옥수동,"서울특별시 성동구 한림말길 56, 강변벽산빌라트 2층 203호, 204호 (옥수동)",02-2294-1233,http://milaccclinic.com,45989,1,0,127.01727649999999,37.540943599999999,JDQ4MTg4MSM1MSMkMiMkOCMkMDAkMzgxMTkxIzIxIyQxIyQ5IyQ5MiQzNjE4MzIjNTEjJDEjJDIjJDgz
박산부인과의원,의원,서울,성동구,도선동,"서울특별시 성동구 왕십리로 356, 2,3층 (도선동)",02-2299-2211,http://www.parksclinic.kr/,31213,1,0,127.03073569999999,37.564048300000003,JDQ4MTg4MSM1MSMkMiMkMCMkMDAkMzgxNzAyIzUxIyQxIyQxIyQ5MiQ0NjEwMDIjNTEjJDEjJDIjJDgz
베르니포레의원,의원,서울,성동구,성수동1가,"서울특별시 성동구 서울숲2길 32-14, B107호 (성수동1가, 갤러리아포레)",02-355-0117,http://www.verniclinic.co.kr,41351,1,0,127.04251549999999,37.545753699999999,JDQ4MTg4MSM1MSMkMiMkNCMkMDAkNDgxMTkxIzExIyQxIyQ3IyQ4OSQ0NjEwMDIjNjEjJDEjJDAjJDgz
서울가정의학과의원,의원,서울,성동구,응봉동,"서울특별시 성동구 독서당로 384, (응봉동)",02-2291-2258,www.familydoc.kr/,36955,1,0,127.03109360000001,37.549910599999997,JDQ4MTg4MSM1MSMkMiMkMCMkMDAkNDgxNzAyIzMxIyQxIyQzIyQ5OSQyNjEwMDIjNTEjJDEjJDYjJDgz
서울신경외과의원,의원,서울,성동구,금호동4가,"서울특별시 성동구 독서당로 278, B1, 1, 3층 (금호동4가)",02-2282-3119,http://www.dutong.co.kr,37125,1,0,127.020482,37.547085500000001,JDQ4MTg4MSM1MSMkMiMkMCMkMDAkNTgxOTYxIzQxIyQxIyQ3IyQ5OSQ0NjE0ODEjNjEjJDEjJDAjJDgz
스페이스피부과의원,의원,서울,성동구,옥수동,"서울특별시 성동구 독서당로 202, 2층 203호,204호 (옥수동)",02-2298-8280,http://www.spacederma.co.kr,45394,1,1,127.0133515,37.542995900000001,JDQ4MTg4MSM1MSMkMiMkOCMkMDAkMzgxOTYxIzIxIyQxIyQ5IyQ4MiQzNjE4MzIjNDEjJDEjJDQjJDgz
아이브랩의원,의원,서울,성동구,성수동2가,"서울특별시 성동구 성수이로 89, MG빌딩 9층 (성수동2가)",070-4755-9779,https://ivelab.kr,42948,3,0,127.0563267,37.542992699999999,JDQ4MTg4MSM1MSMkMiMkOCMkMDAkMzgxOTYxIzMxIyQxIyQzIyQ5MiQ0NjE0ODEjNDEjJDEjJDgjJDgz
연세유앤외과의원,의원,서울,성동구,도선동,"서울특별시 성동구 왕십리로 326, 2층 (도선동)",02-2282-2755,www.btdoctor.co.kr,41324,1,0,127.0339281,37.562761899999998,JDQ4MTg4MSM1MSMkMiMkNCMkMDAkMzgxMzUxIzQxIyQxIyQ3IyQ4MiQyNjE4MzIjNzEjJDEjJDgjJDgz
파스텔휴먼피부과의원,의원,서울,성동구,하왕십리동,"서울특별시 성동구 왕십리로 410, L동 224,225,226호 (하왕십리동, 센트라스)",02-6953-7771,http://pastelskin.com/,45533,2,2,127.0247865,37.566550800000002,JDQ4MTg4MSM1MSMkMiMkOCMkMDAkMzgxOTYxIzQxIyQxIyQ3IyQ3OSQyNjEyMjIjNjEjJDEjJDAjJDgz
갤러리아피부과의원,의원,서울,성북구,길음동,"서울특별시 성북구 길음로 11, 근린생활시설동 2층 206,207,212호 (길음동, 길음역롯데캐슬트윈골드아파트)",02-941-2313,https://galleriaskinsb.com,45482,2,2,127.0234729,37.603801300000001,JDQ4MTg4MSM1MSMkMiMkOCMkMDAkMzgxOTYxIzMxIyQyIyQ3IyQwMCQzNjEyMjIjNTEjJDEjJDIjJDgz
고운숨결내과의원,의원,서울,성북구,안암동2가,"서울특별시 성북구 고려대로13길 8, 3,4층 (안암동2가)",925-9696,http://www.sumsori.com/,36935,1,0,127.0236946,37.587000400000001,JDQ4MTg4MSM1MSMkMiMkMCMkMDAkNTgxOTYxIzIxIyQxIyQxIyQwMyQzNjEwMDIjNDEjJDEjJDgjJDgz
굿모닝이비인후과의원,의원,서울,성북구,길음동,"서울특별시 성북구 길음로 11, 근린생활시설동 2층 227, 249호 (길음동, 길음역롯데캐슬트윈골드아파트)",02-941-1175,http://www.coclean.co.kr,37312,2,0,127.0234729,37.603801300000001,JDQ4MTg4MSM1MSMkMiMkNCMkMDAkMzgxMzUxIzExIyQxIyQzIyQ3MiQzNjEwMDIjNDEjJDEjJDgjJDgz
다이브의원,의원,서울,성북구,동소문동5가,"서울특별시 성북구 동소문로 98, 메디컬센터빌딩 5층 (동소문동5가)",02-3291-5570,https://dybeclinic.com,44827,1,0,127.01625869999999,37.592258200000003,JDQ4MTg4MSM1MSMkMiMkOCMkMDAkMzgxOTYxIzMxIyQxIyQ3IyQ4MiQzNjEyMjIjNjEjJDEjJDAjJDgz
돈암고운세상피부과의원,의원,서울,성북구,동소문동6가,"서울특별시 성북구 동소문로 97, 4층 (동소문동6가)",926-1007,http://www.beautyforever.co.kr,35926,3,3,127.0160255,37.592798000000002,JDQ4MTg4MSM1MSMkMiMkMCMkMDAkNTgxOTYxIzExIyQxIyQzIyQ4MiQyNjEyMjIjNDEjJDEjJDQjJDgz
듀오피부과의원,의원,서울,성북구,동선동1가,"서울특별시 성북구 동소문로 106, 유타 6층 (동선동1가)",922-3723,http://www.duoclinic.co.kr,31125,2,2,127.0170935,37.592580400000003,JDQ4MTg4MSM1MSMkMiMkMCMkMDAkMzgxNzAyIzQxIyQxIyQ3IyQxMyQzNjEyMjIjNjEjJDEjJDgjJDgz
맑은의원,의원,서울,성북구,장위동,"서울특별시 성북구 돌곶이로 174-1, 2,3층 (장위동)",02-2135-5755,http://,43934,1,0,127.04998260000001,37.616603099999999,JDQ4MTg4MSM1MSMkMiMkNCMkMDAkMzgxNzAyIzMxIyQxIyQ3IyQ3OSQzNjEwMDIjNDEjJDEjJDQjJDgz
메이저피부과의원,의원,서울,성북구,동소문동6가,"서울특별시 성북구 동소문로 89, 지상4층 (동소문동6가, 보미리즌빌)",02-927-1925,http://majorskin.co.kr,38861,2,2,127.0151951,37.592663399999999,JDQ4MTg4MSM1MSMkMiMkNCMkMDAkMzgxMTkxIzQxIyQxIyQ3IyQ3OSQzNjE4MzIjNzEjJDEjJDgjJDgz
미래의원,의원,서울,성북구,종암동,"서울특별시 성북구 종암로 132, 2층 204호 (종암동, 우림카이저팰리스)",02-942-1945,http://www.miraeskin.co.kr,40317,1,0,127.03351790000001,37.601919700000003,JDQ4MTg4MSM1MSMkMiMkNCMkMDAkMzgxOTYxIzIxIyQxIyQxIyQxMyQzNjE0ODEjNDEjJDEjJDgjJDgz
성북성심신경과의원,의원,서울,성북구,돈암동,"서울특별시 성북구 동소문로 181, (돈암동)",02-927-5100,http://www.sbsshp.co.kr,32526,3,0,127.0214532,37.598387199999998,JDQ4MTg4MSM1MSMkMiMkNCMkMDAkNDgxOTYxIzExIyQxIyQzIyQ5MiQzNjE4MzIjNDEjJDEjJDQjJDgz
에스메디센터내과외과의원,의원,서울,성북구,하월곡동,"서울특별시 성북구 오패산로 99, 2~6층 301,302,401,402,501,601,701호 (하월곡동)",02-6925-0700,http://www.s-medicenter.com/intro.asp,40829,6,0,127.0352036,37.610778500000002,JDQ4MTg4MSM1MSMkMiMkNCMkMDAkNDgxOTYxIzIxIyQxIyQ5IyQxMyQyNjE4MzIjNzEjJDEjJDgjJDgz
연세속편한의원,의원,서울,성북구,석관동,"서울특별시 성북구 화랑로 248, 501~503호 (석관동, 장위뉴타워)",02-967-3333,http://www.ezsok.com,40802,2,0,127.05692620000001,37.610415500000002,JDQ4MTg4MSM1MSMkMiMkNCMkMDAkNDgxOTYxIzIxIyQxIyQ5IyQ4MiQzNjEwMDIjNDEjJDEjJDgjJDgz
오라쁘띠의원,의원,서울,성북구,동선동5가,"서울특별시 성북구 아리랑로 18, 3층 (동선동5가)",02-1666-2207,http://www.hhclinic.co.kr,40525,1,0,127.01633339999999,37.594520199999998,JDQ4MTg4MSM1MSMkMiMkNCMkMDAkNDgxOTYxIzExIyQxIyQzIyQ5MiQzNjE0ODEjNjEjJDEjJDQjJDgz
우노비뇨기과의원,의원,서울,성북구,동소문동6가,"서울특별시 성북구 아리랑로 3, 5층 (동소문동6가, 반월빌딩)",924-1471,http://www.unoman.co.kr/,38643,1,0,127.0161781,37.592969600000004,JDQ4MTg4MSM1MSMkMiMkNCMkMDAkMzgxMTkxIzIxIyQxIyQ1IyQwMyQ0NjE0ODEjODEjJDEjJDIjJDgz
이소진의원,의원,서울,성북구,정릉동,"서울특별시 성북구 보국문로 50, 201호,202호 (정릉동)",02-909-8877,http://www.leesojin.co.kr/index.asp,41023,2,0,127.0100752,37.608857200000003,JDQ4MTg4MSM1MSMkMiMkNCMkMDAkNDgxOTYxIzQxIyQxIyQ3IyQ4MiQyNjE0ODEjNDEjJDEjJDQjJDgz
지인산부인과의원,의원,서울,성북구,동선동1가,"서울특별시 성북구 동소문로 106, 유타몰 6층 (동선동1가)",02-923-8888,http://www.huu.kr,41331,2,0,127.0170935,37.592580400000003,JDQ4MTg4MSM1MSMkMiMkNCMkMDAkNDgxOTYxIzExIyQxIyQzIyQ5MiQyNjE4MzIjNzEjJDEjJDgjJDgz
차앤박피부과의원,의원,서울,성북구,동선동1가,"서울특별시 성북구 동소문로 116, 지상3층 (동선동1가)",02-922-2900,http://www.cnpskin.com,39757,2,2,127.01795509999999,37.593231400000001,JDQ4MTg4MSM1MSMkMiMkNCMkMDAkNDgxMzUxIzExIyQyIyQzIyQwMCQzNjE0ODEjNDEjJDEjJDgjJDgz
굿모닝의원,의원,서울,송파구,마천동,"서울특별시 송파구 마천로41길 20, (마천동, 2층)",02-409-7576,www.gm-slim.com/,40036,1,0,127.1496485,37.496975399999997,JDQ4MTg4MSM1MSMkMiMkNCMkMDAkMzgxNzAyIzUxIyQxIyQxIyQ3OSQyNjEwMDIjNDEjJDEjJDQjJDgz
김철우내과의원,의원,서울,송파구,거여동,"서울특별시 송파구 양산로 42, (거여동, 2층)",02-407-4202,www.kimsmedical.co.kr/,37277,1,0,127.1445023,37.492641399999997,JDQ4MTg4MSM1MSMkMiMkNCMkMDAkMzgxMzUxIzExIyQxIyQzIyQ3OSQzNjE4MzIjNDEjJDEjJDgjJDgz
김태균의원,의원,서울,송파구,가락동,"서울특별시 송파구 송파대로32길 15, (가락동, 금호상가 208호)",02-406-7950,www.knlclinic.co.kr/,36235,1,0,127.1162029,37.4967033,JDQ4MTg4MSM1MSMkMiMkNCMkMDAkMzgxMTkxIzIxIyQxIyQ1IyQ2MiQyNjEyMjIjNDEjJDEjJDQjJDgz
맑은연세의원,의원,서울,송파구,송파동,"서울특별시 송파구 송파대로 422, (송파동, 안흥빌딩 2층 2호`)",02-413-8251,http://www.pureysclinic.co.kr/,40392,1,0,127.10787019999999,37.504995299999997,JDQ4MTg4MSM1MSMkMiMkNCMkMDAkNDgxMzUxIzUxIyQxIyQ1IyQ4OSQ0NjE0ODEjNjEjJDEjJDgjJDgz
박신성내과의원,의원,서울,송파구,잠실동,"서울특별시 송파구 백제고분로 162, 2층 (잠실동)",02-412-7582,http://www.sclinic.kr/index.asp,35585,1,0,127.0847373,37.505004,JDQ4MTg4MSM1MSMkMiMkMCMkMDAkNDgxNzAyIzQxIyQxIyQ3IyQ5OSQ0NjEwMDIjNDEjJDEjJDgjJDgz
베스탑비뇨기과의원,의원,서울,송파구,신천동,"서울특별시 송파구 올림픽로 269, 2층 221호 (신천동, 롯데캐슬골드)",02-416-4747,http://www.bestopclinic.com/,38713,2,0,127.1006486,37.514429499999999,JDQ4MTg4MSM1MSMkMiMkNCMkMDAkMzgxNzAyIzMxIyQxIyQ3IyQ3OSQ0NjEwMDIjNTEjJDEjJDIjJDgz
사랑아이여성의원,의원,서울,송파구,잠실동,"서울특별시 송파구 백제고분로 69, 2,3층 (잠실동, 애플타워)",02-419-7501,www.sarangi.co.kr,41898,5,0,127.07905,37.510530000000003,JDQ4MTg4MSM1MSMkMiMkNCMkMDAkNDgxMTkxIzQxIyQxIyQ3IyQ4MiQzNjE0ODEjODEjJDEjJDIjJDgz
삼성키즈소아청소년과의원,의원,서울,송파구,잠실동,"서울특별시 송파구 올림픽로 145, (잠실동, 리센츠상가 3층 A36호 좌측일부,  A37호)",02-2202-5275,https://samsungpedi.modoo.at/,40928,2,0,127.0870103,37.511963600000001,JDQ4MTg4MSM1MSMkMiMkNCMkMDAkNDgxOTYxIzMxIyQxIyQ3IyQ3OSQyNjE0ODEjNDEjJDEjJDQjJDgz
삼성항외과의원,의원,서울,송파구,거여동,"서울특별시 송파구 오금로 508, (거여동, 2층)",02-2043-7175,http://www.hemohospital.com/index.asp,38401,1,0,127.14506230000001,37.492869499999998,JDQ4MTg4MSM1MSMkMiMkMCMkMDAkNTgxMzUxIzExIyQyIyQ3IyQwMCQyNjE4MzIjNzEjJDEjJDgjJDgz
서아송피부과의원,의원,서울,송파구,잠실동,"서울특별시 송파구 올림픽로 106, 6층 (잠실동, 상록빌딩)",02-425-3133,http://www.sasclinic.com/,36585,2,2,127.0825724,37.511401900000003,JDQ4MTg4MSM1MSMkMiMkNCMkMDAkMzgxMzUxIzMxIyQxIyQ3IyQ5MiQ0NjEwMDIjNzEjJDEjJDgjJDgz
서울리센츠내과 영상의학과의원,의원,서울,송파구,잠실동,"서울특별시 송파구 올림픽로 145, 리센츠 4층 4씨 03호 (잠실동)",02-6426-3388,https://www.dr3388.co.kr,45880,2,0,127.0870103,37.511963600000001,JDQ4MTg4MSM1MSMkMiMkOCMkMDAkMzgxMTkxIzIxIyQxIyQ1IyQ4OSQyNjEwMDIjNTEjJDEjJDYjJDgz
서울삼성내과의원,의원,서울,송파구,잠실동,"서울특별시 송파구 백제고분로 126, 오룡빌딩 2층3층4층5층 (잠실동)",02-415-7588,http://www.seoulsamsungclinic.co.kr,39154,2,0,127.0807789,37.506174799999997,JDQ4MTg4MSM1MSMkMiMkNCMkMDAkMzgxNzAyIzExIyQxIyQ3IyQ2MiQyNjEyMjIjNTEjJDEjJDIjJDgz
서울삼성여성의원,의원,서울,송파구,잠실동,"서울특별시 송파구 석촌호수로 61, 트리지움 413호 (잠실동)",02-2202-0230,http://www.drkoo.co.kr,41159,1,0,127.08619520000001,37.510780599999997,JDQ4MTg4MSM1MSMkMiMkNCMkMDAkNDgxOTYxIzUxIyQxIyQxIyQxMyQzNjE4MzIjNjEjJDEjJDQjJDgz
센스피부과의원,의원,서울,송파구,신천동,"서울특별시 송파구 올림픽로35길 112, 5층 (신천동, 장미상가B동)",02-414-0058,http://www.senseclinic.com/,37753,1,1,127.1017233,37.517819000000003,JDQ4MTg4MSM1MSMkMiMkMCMkMDAkNTgxOTYxIzMxIyQxIyQ3IyQ4OSQzNjE4MzIjNTEjJDEjJDIjJDgz
소솜피부과의원,의원,서울,송파구,신천동,"서울특별시 송파구 올림픽로 289, 잠실시그마타워 4층 (신천동)",02-420-3234,http://www.119som.com,39594,2,1,127.1025391,37.514577500000001,JDQ4MTg4MSM1MSMkMiMkNCMkMDAkMzgxNzAyIzUxIyQxIyQxIyQ5OSQzNjEyMjIjNjEjJDEjJDQjJDgz
송파고려신경외과의원,의원,서울,송파구,가락동,"서울특별시 송파구 오금로 410, (가락동, 2층)",02-4002-2867,http://www.spkoreans.net/,34158,1,0,127.135452,37.497444700000003,JDQ4MTg4MSM1MSMkMiMkMCMkMDAkNDgxNzAyIzMxIyQxIyQzIyQxMyQyNjEyMjIjNTEjJDEjJDIjJDgz
송파성민의원,의원,서울,송파구,마천동,"서울특별시 송파구 마천로 333, 2층 (마천동)",02-403-2338,http://,35674,1,0,127.1519878,37.493899599999999,JDQ4MTg4MSM1MSMkMiMkMCMkMDAkNDgxNzAyIzIxIyQxIyQxIyQ2MiQyNjE4MzIjNjEjJDEjJDQjJDgz
송파제일정형외과의원,의원,서울,송파구,석촌동,"서울특별시 송파구 가락로 99, (석촌동, 석촌프라자 2층)",02-423-1190,http://www.sjos.co.kr,38210,1,0,127.10697469999999,37.501156700000003,JDQ4MTg4MSM1MSMkMiMkNCMkMDAkMzgxOTYxIzQxIyQxIyQ3IyQ3MiQyNjE4MzIjNjEjJDEjJDQjJDgz
안도의원,의원,서울,송파구,잠실동,"서울특별시 송파구 석촌호수로 61, 트리지움 401호 (잠실동)",02-421-0416,https://jamsil-ando.com/,46192,1,0,127.08619520000001,37.510780599999997,JDQ4MTg4MSM1MSMkMiMkOCMkMDAkMzgxMTkxIzUxIyQyIyQxIyQwMCQyNjEwMDIjNDEjJDEjJDQjJDgz
엠버여성의원,의원,서울,송파구,송파동,"서울특별시 송파구 송파대로 374, 3층 301호 (송파동)",02-422-0333,http://www.yeonclinic.com,38294,1,0,127.11123190000001,37.501339700000003,JDQ4MTg4MSM1MSMkMiMkNCMkMDAkMzgxOTYxIzUxIyQyIyQxIyQwMCQzNjEwMDIjNTEjJDEjJDYjJDgz
연세에이앤비피부과의원,의원,서울,송파구,석촌동,"서울특별시 송파구 백제고분로 365, 태문빌딩 3층 (석촌동)",02-417-7500,https://www.anbskin.com,43144,3,3,127.1063142,37.505271800000003,JDQ4MTg4MSM1MSMkMiMkOCMkMDAkMzgxOTYxIzUxIyQxIyQ1IyQ3OSQyNjE0ODEjNDEjJDEjJDgjJDgz
연세캔버스피부과의원,의원,서울,송파구,삼전동,"서울특별시 송파구 석촌호수로 156, 삼전동썬프라자 3층 (삼전동)",02-423-9303,http://yscanvas.com,45959,1,1,127.0943845,37.506766599999999,JDQ4MTg4MSM1MSMkMiMkOCMkMDAkMzgxMTkxIzIxIyQyIyQ5IyQwMCQyNjEwMDIjNjEjJDEjJDAjJDgz
연세힐피부과의원,의원,서울,송파구,잠실동,"서울특별시 송파구 올림픽로 145, (잠실동, 리센츠상가 3층 27-2호, 28호호)",02-423-5151,http://www.healskin.co.kr,40855,1,1,127.0870103,37.511963600000001,JDQ4MTg4MSM1MSMkMiMkNCMkMDAkNDgxOTYxIzMxIyQxIyQzIyQ5OSQzNjE4MzIjNjEjJDEjJDQjJDgz
예미고피부과의원,의원,서울,송파구,잠실동,"서울특별시 송파구 올림픽로 119, (잠실동, 파인애플상가 4B-25)",02-425-0044,http://www.yemigo.co.kr/,39913,1,1,127.0842018,37.512089400000001,JDQ4MTg4MSM1MSMkMiMkNCMkMDAkNDgxMzUxIzIxIyQxIyQxIyQ3MiQzNjEwMDIjNjEjJDEjJDgjJDgz
예솜의원,의원,서울,송파구,잠실동,"서울특별시 송파구 올림픽로 145, (잠실동, 리센츠)",02-3426-2575,http://www.yesomclinic.co.kr,36442,1,0,127.0870707,37.511982799999998,JDQ4MTg4MSM1MSMkMiMkMCMkMDAkNTgxMzUxIzMxIyQxIyQ3IyQ2MiQyNjEyMjIjODEjJDEjJDIjJDgz
온오프피부과의원,의원,서울,송파구,문정동,"서울특별시 송파구 송파대로 141, 르피에드 문정 3층 301호 (문정동)",02-6949-0004,https://onoffskin.imweb.me/,45789,1,1,127.1233041,37.482876099999999,JDQ4MTg4MSM1MSMkMiMkOCMkMDAkMzgxMTkxIzExIyQxIyQ3IyQ4MiQyNjEyMjIjNjEjJDEjJDQjJDgz
유비아여성의원,의원,서울,송파구,잠실동,"서울특별시 송파구 올림픽로 106, (잠실동, 10층)",02-414-9922,http://js.roeni.net,39161,2,0,127.0825724,37.511401900000003,JDQ4MTg4MSM1MSMkMiMkNCMkMDAkNDgxMTkxIzExIyQyIyQzIyQwMCQzNjE0ODEjNDEjJDEjJDgjJDgz
이석호내과의원,의원,서울,송파구,방이동,"서울특별시 송파구 백제고분로 469, 2층 (방이동)",02-420-7582,http://www.med1004.net/,37679,1,0,127.1132757,37.512539799999999,JDQ4MTg4MSM1MSMkMiMkNCMkMDAkMzgxMzUxIzUxIyQxIyQxIyQxMyQzNjE0ODEjNTEjJDEjJDYjJDgz
이화샘피부과의원,의원,서울,송파구,가락동,"서울특별시 송파구 오금로 410, (가락동,(3층))",02-409-3275,http://,41115,1,1,127.135452,37.497444700000003,JDQ4MTg4MSM1MSMkMiMkMCMkMDAkNTgxMzUxIzExIyQxIyQ3IyQwMyQyNjEyMjIjNjEjJDEjJDQjJDgz
잠실고운세상피부과의원,의원,서울,송파구,신천동,"서울특별시 송파구 올림픽로35길 123, 2층 (신천동, 향군타워)",02-3434-0800,http://www.beautyforever.co.kr,37979,1,1,127.1012216,37.516761899999999,JDQ4MTg4MSM1MSMkMiMkNCMkMDAkMzgxOTYxIzIxIyQxIyQ1IyQwMyQyNjE0ODEjNzEjJDEjJDgjJDgz
잠실비엘에스의원,의원,서울,송파구,잠실동,"서울특별시 송파구 석촌호수로 61, 트리지움 306호,307호 (잠실동)",02-419-1175,http://www.pmclinic.co.kr/,40805,2,0,127.08619520000001,37.510780599999997,JDQ4MTg4MSM1MSMkMiMkNCMkMDAkMzgxNzAyIzExIyQxIyQzIyQxMyQyNjEwMDIjNjEjJDEjJDAjJDgz
준앤민닥터포유의원,의원,서울,송파구,가락동,"서울특별시 송파구 양재대로 932, 업무동 5층 8,9,10,10-2호 (가락동)",02-423-7575,http://www.dr4usp.co.kr,42759,1,0,127.1110027,37.4961026,JDQ4MTg4MSM1MSMkMiMkNCMkMDAkMzgxNzAyIzIxIyQxIyQ1IyQ3OSQ0NjE0ODEjNjEjJDEjJDQjJDgz
참내과의원,의원,서울,송파구,가락동,"서울특별시 송파구 동남로 141, 2층 (가락동, 옥산빌딩)",02-430-9168,http://www.charm-clinic.com/,37835,2,0,127.1262653,37.491903800000003,JDQ4MTg4MSM1MSMkMiMkNCMkMDAkMzgxOTYxIzIxIyQxIyQxIyQ4OSQyNjE0ODEjNDEjJDEjJDQjJDgz
클럽미즈라미체의원,의원,서울,송파구,잠실동,"서울특별시 송파구 백제고분로7길 14, 태원빌딩 (잠실동)",02-422-9888,http://www.lamiche.co.kr,37579,17,0,127.0804735,37.510278800000002,JDQ4MTg4MSM1MSMkMiMkNCMkMDAkMzgxOTYxIzIxIyQxIyQxIyQ4MiQyNjEwMDIjNjEjJDEjJDAjJDgz
포웰의원,의원,서울,송파구,방이동,"서울특별시 송파구 백제고분로 503, 유정빌딩 2,5층 (방이동)",02-2088-6550,http://www.sm-clinic.kr,42383,1,0,127.1148979,37.5153818,JDQ4MTg4MSM1MSMkMiMkNCMkMDAkNDgxMzUxIzUxIyQxIyQ1IyQ5MiQ0NjEwMDIjODEjJDEjJDIjJDgz
프리샤산부인과의원,의원,서울,송파구,신천동,"서울특별시 송파구 송파대로 562, 4층 (신천동, 웰리스타워,삼성웰리스아파트)",02-6412-1234,https://freesiaclinic.com,45405,2,0,127.0995242,37.515348299999999,JDQ4MTg4MSM1MSMkMiMkOCMkMDAkMzgxOTYxIzIxIyQxIyQ5IyQwMyQzNjEwMDIjODEjJDEjJDIjJDgz
햇살가득내과의원,의원,서울,송파구,가락동,"서울특별시 송파구 동남로 236, (가락동, 영빌딩 3,4층)",02-476-7566,www.imsun.co.kr/index.asp,40618,4,0,127.13352690000001,37.497535599999999,JDQ4MTg4MSM1MSMkMiMkNCMkMDAkNDgxOTYxIzIxIyQxIyQxIyQ3OSQ0NjEwMDIjODEjJDEjJDIjJDgz
휴먼피부과의원,의원,서울,송파구,신천동,"서울특별시 송파구 올림픽로 289, 잠실시그마타워 306,307호 (신천동)",02-419-0777,https://jamsilhuman.com,45869,1,1,127.1025391,37.514577500000001,JDQ4MTg4MSM1MSMkMiMkOCMkMDAkMzgxMTkxIzIxIyQxIyQ1IyQ3OSQyNjEwMDIjNjEjJDEjJDgjJDgz
김유찬피부과의원,의원,서울,양천구,목동,"서울특별시 양천구 목동서로 67, (목동, 우성에펠타운빌딩)",02-2654-0031,http://,34223,1,1,126.878557,37.536394100000003,JDQ4MTg4MSM1MSMkMiMkMCMkMDAkNDgxMTkxIzMxIyQxIyQzIyQ3MiQzNjEyMjIjNDEjJDEjJDgjJDgz
리더스피부과의원,의원,서울,양천구,목동,"서울특별시 양천구 목동동로 257, B1층 (목동, 현대하이페리온)",02-2163-3973,http://www.beautyleader.co.kr,37497,2,2,126.87449410000001,37.526924200000003,JDQ4MTg4MSM1MSMkMiMkNCMkMDAkMzgxMTkxIzExIyQxIyQ3IyQ5MiQ0NjEwMDIjNjEjJDEjJDgjJDgz
목동고운세상피부과의원,의원,서울,양천구,목동,"서울특별시 양천구 오목로 281, 1층 (목동)",02-2607-4378,http://www.beautyforever.co.kr,38814,1,1,126.8687785,37.525824900000003,JDQ4MTg4MSM1MSMkMiMkNCMkMDAkMzgxMTkxIzMxIyQxIyQ3IyQ3OSQyNjEyMjIjNDEjJDEjJDQjJDgz
목동미소가인피부과의원,의원,서울,양천구,목동,"서울특별시 양천구 오목로 345, 목동 슬로우스퀘어 5층 (목동)",02-2643-9900,http://www.misogain.co.kr/intro/mokdong/index.jsp,40193,1,1,126.8758208,37.5247776,JDQ4MTg4MSM1MSMkMiMkNCMkMDAkNDgxMzUxIzMxIyQxIyQzIyQxMyQzNjEwMDIjNjEjJDEjJDAjJDgz
목동서울정형외과의원,의원,서울,양천구,목동,"서울특별시 양천구 등촌로 234, 지하1, 3층 (목동)",02-6095-1234,https://목동서울정형외과.com,45944,1,0,126.86430989999999,37.550427599999999,JDQ4MTg4MSM1MSMkMiMkOCMkMDAkMzgxMTkxIzIxIyQxIyQ5IyQ4OSQzNjE0ODEjNjEjJDEjJDAjJDgz
미셀의원,의원,서울,양천구,목동,"서울특별시 양천구 등촌로 6, 2층 (목동, 상지빌딩)",02-2642-1130,http://mecell.net/#,40763,1,0,126.86427279999999,37.5304602,JDQ4MTg4MSM1MSMkMiMkNCMkMDAkNDgxOTYxIzIxIyQxIyQ5IyQ4OSQzNjE0ODEjNzEjJDEjJDgjJDgz
박장환피부과의원,의원,서울,양천구,신정동,"서울특별시 양천구 중앙로32길 55, (신정동)",02-2646-5535,http://,32266,1,1,126.8597468,37.519814400000001,JDQ4MTg4MSM1MSMkMiMkMCMkMDAkNDgxMzUxIzQxIyQyIyQ3IyQwMCQ0NjE0ODEjNjEjJDEjJDAjJDgz
밝은미래산부인과의원,의원,서울,양천구,신정동,"서울특별시 양천구 남부순환로 654, 4,5,6,9층 (신정동, 에이치앤씨티타워)",02-2687-3555,http://www.brightfuture.kr,40364,5,0,126.8418504,37.510718799999999,JDQ4MTg4MSM1MSMkMiMkNCMkMDAkNDgxMzUxIzUxIyQxIyQxIyQwMyQ0NjEwMDIjODEjJDEjJDYjJDgz
본피부과의원,의원,서울,양천구,목동,"서울특별시 양천구 목동동로 293, 현대41타워 5층 501,502호 (목동)",02-2062-8700,bonskinclinic.com,41802,1,1,126.87577690000001,37.528177399999997,JDQ4MTg4MSM1MSMkMiMkNCMkMDAkNDgxMTkxIzMxIyQxIyQ3IyQ2MiQyNjE0ODEjNjEjJDEjJDAjJDgz
뷰다임의원,의원,서울,양천구,목동,"서울특별시 양천구 목동서로 159-1, 3층 (목동, 기독교방송국건물)",02-2643-1333,http://www.beaudigm.com,40505,1,0,126.8748763,37.528307900000001,JDQ4MTg4MSM1MSMkMiMkNCMkMDAkMzgxOTYxIzMxIyQxIyQ3IyQwMyQyNjE0ODEjNjEjJDEjJDgjJDgz
서울메디탑내과의원,의원,서울,양천구,신정동,"서울특별시 양천구 오목로 147, 3층 (신정동, 제이클래스목동주상복합)",02-2603-7582,https://seoulmeditop.modoo.at,45041,1,0,126.85361709999999,37.524983599999999,JDQ4MTg4MSM1MSMkMiMkOCMkMDAkMzgxOTYxIzExIyQxIyQzIyQ3OSQyNjEyMjIjNDEjJDEjJDQjJDgz
서피부과의원,의원,서울,양천구,신정동,"서울특별시 양천구 중앙로 276, (신정동)",02-2649-7464,http://,32465,1,1,126.85289520000001,37.520840499999998,JDQ4MTg4MSM1MSMkMiMkMCMkMDAkNDgxMzUxIzUxIyQxIyQxIyQ4MiQyNjE4MzIjNDEjJDEjJDgjJDgz
설피부과의원,의원,서울,양천구,목동,"서울특별시 양천구 오목로 300, 206동 3층 309호 (목동, 현대하이페리온2)",2646-7577,http://www.seolskin.com/index.asp,39121,1,1,126.87049089999999,37.524211000000001,JDQ4MTg4MSM1MSMkMiMkNCMkMDAkMzgxNzAyIzExIyQxIyQzIyQ5OSQyNjE4MzIjNDEjJDEjJDQjJDgz
시원한비뇨기과의원,의원,서울,양천구,신정동,"서울특별시 양천구 중앙로 262, 메디바이오플렉스 4층 402,403호 (신정동)",02-2062-7510,http://www.cooluro.co.kr/,39245,1,0,126.85341699999999,37.5198526,JDQ4MTg4MSM1MSMkMiMkNCMkMDAkMzgxNzAyIzIxIyQxIyQ1IyQ3OSQ0NjEwMDIjNTEjJDEjJDYjJDgz
아이피부과의원,의원,서울,양천구,신정동,"서울특별시 양천구 목동동로 63, (신정동, 대영프라자)",02-2647-7588,http://whiteipl.com,40177,1,1,126.8623249,37.515318399999998,JDQ4MTg4MSM1MSMkMiMkNCMkMDAkNDgxMzUxIzMxIyQxIyQzIyQ5MiQyNjEyMjIjNjEjJDEjJDQjJDgz
연세탑비뇨기과의원,의원,서울,양천구,신정동,"서울특별시 양천구 신정중앙로 103, 8층 (신정동, 담우빌딩)",02-2605-2580,http://www.yonseitopuro.com,39902,1,0,126.8633813,37.526506300000001,JDQ4MTg4MSM1MSMkMiMkNCMkMDAkNDgxOTYxIzIxIyQxIyQ5IyQ4MiQyNjEwMDIjODEjJDEjJDYjJDgz
유헬스내과의원,의원,서울,양천구,목동,"서울특별시 양천구 목동동로 293, 5층 508호 (목동, 현대41타워)",02-6925-3655,www.uhealthim.com,41788,3,0,126.87577690000001,37.528177399999997,JDQ4MTg4MSM1MSMkMiMkNCMkMDAkNDgxMTkxIzMxIyQxIyQ3IyQ5OSQyNjEwMDIjODEjJDEjJDIjJDgz
이진우내과의원,의원,서울,양천구,신정동,"서울특별시 양천구 신정로 312, (신정동, 뉴프라자)",02-2692-6375,http://leejwmed.mdrline.net/,38537,2,0,126.8555404,37.513289100000001,JDQ4MTg4MSM1MSMkMiMkNCMkMDAkMzgxMTkxIzIxIyQxIyQxIyQ3MiQzNjEyMjIjNTEjJDEjJDYjJDgz
체인지업의원,의원,서울,양천구,목동,"서울특별시 양천구 신목로 102, 201호 (목동, 대경프라자)",02-2637-7575,http://www.changeupclinic.com/,41985,1,0,126.8757887,37.5235719,JDQ4MTg4MSM1MSMkMiMkNCMkMDAkNDgxMzUxIzMxIyQyIyQzIyQwMCQyNjEyMjIjNjEjJDEjJDgjJDgz
프라임비뇨기과의원,의원,서울,양천구,목동,"서울특별시 양천구 목동로 210, (목동, 타운빌딩)",02-2649-9119,www.primeuro.co.kr,38832,1,0,126.8644444,37.527385500000001,JDQ4MTg4MSM1MSMkMiMkNCMkMDAkMzgxMzUxIzIxIyQxIyQxIyQ3OSQyNjE4MzIjNDEjJDEjJDgjJDgz
플라워피부과의원,의원,서울,양천구,목동,"서울특별시 양천구 공항대로 558, (목동)",02-2061-9553,http://www.flowerskin.co.kr/,39080,1,1,126.8674133,37.549281299999997,JDQ4MTg4MSM1MSMkMiMkNCMkMDAkMzgxMTkxIzUxIyQxIyQ1IyQ5MiQzNjEyMjIjNTEjJDEjJDIjJDgz
한강외과의원,의원,서울,양천구,신월동,"서울특별시 양천구 신월로 164, 304,305호 (신월동, 승일뷰티타워2)",02-2065-7575,http://www.hgclinic.co.kr/index.asp,36430,2,0,126.8420198,37.517757600000003,JDQ4MTg4MSM1MSMkMiMkMCMkMDAkNTgxMzUxIzMxIyQyIyQ3IyQwMCQzNjEwMDIjNjEjJDEjJDQjJDgz
해성산부인과의원,의원,서울,양천구,신정동,"서울특별시 양천구 중앙로 232, (신정동)",02-2646-7115,http://www.hsobgy.net,36686,1,0,126.8544505,37.517338700000003,JDQ4MTg4MSM1MSMkMiMkMCMkMDAkNTgxMzUxIzUxIyQxIyQ1IyQ5MiQ0NjEwMDIjNjEjJDEjJDgjJDgz
현대정형외과의원,의원,서울,양천구,신월동,"서울특별시 양천구 남부순환로59길 3, 101,202,203호 (신월동, 우영아파트)",02-2692-7582,http://,36329,1,0,126.83155410000001,37.532145499999999,JDQ4MTg4MSM1MSMkMiMkNCMkMDAkMzgxMTkxIzQxIyQxIyQ3IyQxMyQzNjEyMjIjNjEjJDEjJDAjJDgz
CNP차앤박피부과의원,의원,서울,영등포구,여의도동,"서울특별시 영등포구 여의나루로 53-1, 4층 (여의도동, 대오빌딩)",02-786-5123,http://www.cnpskin.com/hos/main.php?groupid=cnpskin03,37000,2,2,126.9249768,37.522713099999997,JDQ4MTg4MSM1MSMkMiMkMCMkMDAkNTgxOTYxIzIxIyQxIyQ5IyQ5MiQyNjE4MzIjNDEjJDEjJDgjJDgz
WE(더블유이)의원,의원,서울,영등포구,당산동6가,"서울특별시 영등포구 양평로 22, 당산타워 7층 (당산동6가)",02-518-0045,http://www.we-clinic.co.kr,40756,1,0,126.90393349999999,37.533157299999999,JDQ4MTg4MSM1MSMkMiMkMCMkMDAkNDgxNzAyIzIxIyQxIyQ1IyQxMyQyNjEwMDIjNDEjJDEjJDgjJDgz
가톨릭권정형외과의원,의원,서울,영등포구,신길동,"서울특별시 영등포구 신길로 42, 3층 (신길동)",02-842-6677,http://,38838,1,0,126.9086461,37.496481699999997,JDQ4MTg4MSM1MSMkMiMkNCMkMDAkMzgxMTkxIzMxIyQxIyQ3IyQxMyQzNjEwMDIjNDEjJDEjJDQjJDgz
나의미래피부과의원,의원,서울,영등포구,여의도동,"서울특별시 영등포구 국제금융로2길 7, 3층 (여의도동, 두레빌딩)",02-761-1010,http://www.my-mirae.com,40732,3,2,126.9268443,37.524653200000003,JDQ4MTg4MSM1MSMkMiMkNCMkMDAkNDgxOTYxIzIxIyQxIyQ5IyQ5MiQ0NjE0ODEjNTEjJDEjJDYjJDgz
노박의원,의원,서울,영등포구,신길동,"서울특별시 영등포구 신길로 183, 노박빌딩 1~7층 (신길동)",02-845-1353,http://www.inovac.co.kr/intro.asp,35608,1,0,126.91067649999999,37.508589700000002,JDQ4MTg4MSM1MSMkMiMkMCMkMDAkNDgxMzUxIzUxIyQxIyQ1IyQ5MiQyNjE0ODEjNDEjJDEjJDgjJDgz
다미산부인과의원,의원,서울,영등포구,여의도동,"서울특별시 영등포구 여의대방로 375, 5층 (여의도동)",761-3072,http://www.damiwoman.com,40632,1,0,126.9307891,37.518906600000001,JDQ4MTg4MSM1MSMkMiMkNCMkMDAkNDgxOTYxIzIxIyQxIyQxIyQ2MiQyNjE4MzIjODEjJDEjJDIjJDgz
다미의원,의원,서울,영등포구,여의도동,"서울특별시 영등포구 여의대방로 375, 9층 (여의도동, 아일렉스타워)",02-761-1188,http://www.damiskin.com,39167,2,0,126.9307891,37.518906600000001,JDQ4MTg4MSM1MSMkMiMkMCMkMDAkNTgxOTYxIzIxIyQxIyQ5IyQxMyQ0NjEwMDIjNjEjJDEjJDAjJDgz
대림정형외과의원,의원,서울,영등포구,대림동,"서울특별시 영등포구 대림로 212, 강림빌딩 3층 (대림동)",02-833-7582,http://www.best-dr.co.kr/,36487,1,0,126.89815539999999,37.499610799999999,JDQ4MTg4MSM1MSMkMiMkMCMkMDAkNTgxMzUxIzMxIyQxIyQ3IyQwMyQ0NjEwMDIjNjEjJDEjJDAjJDgz
대명앰알씨티의원,의원,서울,영등포구,양평동4가,"서울특별시 영등포구 양평로 99, 지하1,2-5층 (양평동4가)",02-2633-0007,http://www.dmhospital.kr,40560,5,0,126.8960764,37.536484000000002,JDQ4MTg4MSM1MSMkMiMkNCMkMDAkNDgxOTYxIzExIyQxIyQzIyQ5MiQ0NjEwMDIjNjEjJDEjJDgjJDgz
라마르의원,의원,서울,영등포구,영등포동4가,"서울특별시 영등포구 영등포로 208, 7층 (영등포동4가, 뉴포트빌딩)",02-2634-7585,http://www.young-lamar.co.kr,40322,1,0,126.90427560000001,37.519684499999997,JDQ4MTg4MSM1MSMkMiMkNCMkMDAkNDgxMzUxIzUxIyQxIyQxIyQ2MiQzNjE0ODEjODEjJDEjJDYjJDgz
로뎀나무내과의원,의원,서울,영등포구,당산동5가,"서울특별시 영등포구 영신로 259, 1층 (당산동5가)",02-2678-7482,http://www.rodemclinic.co.kr,37651,2,0,126.90437319999999,37.530575900000002,JDQ4MTg4MSM1MSMkMiMkNCMkMDAkMzgxMzUxIzUxIyQxIyQxIyQ4OSQyNjEwMDIjNDEjJDEjJDgjJDgz
류운석내과의원,의원,서울,영등포구,문래동6가,"서울특별시 영등포구 선유로 63, 301-2호 (문래동6가, 동신타워)",02-2635-8500,http://www.ryuwounseokim.co.kr/,40641,1,0,126.88906830000001,37.519645300000001,JDQ4MTg4MSM1MSMkMiMkNCMkMDAkNDgxOTYxIzIxIyQxIyQxIyQ4MiQ0NjEwMDIjNDEjJDEjJDgjJDgz
리엔뉴의원,의원,서울,영등포구,여의도동,"서울특별시 영등포구 의사당대로 127, 211호~214호 (여의도동)",02-785-0095,http://www.rennew.co.kr,38936,1,0,126.92656770000001,37.520423600000001,JDQ4MTg4MSM1MSMkMiMkNCMkMDAkNDgxMzUxIzMxIyQxIyQzIyQwMyQzNjEwMDIjNzEjJDEjJDgjJDgz
림스내과의원,의원,서울,영등포구,신길동,"서울특별시 영등포구 여의대방로 83, 2~3층 (신길동)",02-836-8882,http://drlims.com,40791,1,0,126.91585310000001,37.497121800000002,JDQ4MTg4MSM1MSMkMiMkNCMkMDAkNDgxOTYxIzIxIyQxIyQ5IyQ4MiQyNjE0ODEjNDEjJDEjJDgjJDgz
베스탑비뇨기과의원,의원,서울,영등포구,영등포동6가,"서울특별시 영등포구 영중로 51-1, 7층 (영등포동6가)",02-2678-7070,http://www.bestopclinic.com,37768,1,0,126.90461860000001,37.520945500000003,JDQ4MTg4MSM1MSMkMiMkNCMkMDAkNDgxMTkxIzExIyQxIyQzIyQ2MiQyNjEyMjIjNTEjJDEjJDIjJDgz
봄비뇨기과의원,의원,서울,영등포구,대림동,"서울특별시 영등포구 도림로 158, 2층 (대림동, 대림빌딩)",02-836-8707,http://springuro.co.kr,35551,1,0,126.8993893,37.4941733,JDQ4MTg4MSM1MSMkMiMkMCMkMDAkNDgxNzAyIzMxIyQxIyQ3IyQ5MiQzNjEyMjIjNzEjJDEjJDgjJDgz
봄여름가을겨울피부과의원,의원,서울,영등포구,영등포동4가,"서울특별시 영등포구 영중로 15, 타임스퀘어 지하1층 103호 (영등포동4가)",02-2638-2045,http://www.ydp4clinic.co.kr/,40115,1,1,126.9042788,37.517634299999997,JDQ4MTg4MSM1MSMkMiMkNCMkMDAkNDgxMzUxIzIxIyQxIyQ1IyQ3OSQyNjEyMjIjNDEjJDEjJDgjJDgz
블루릿지의원,의원,서울,영등포구,여의도동,"서울특별시 영등포구 국제금융로 78, 홍우빌딩 401호 (여의도동)",02-783-7501,http://blueclinic.co.kr,37845,1,0,126.9313093,37.520874399999997,JDQ4MTg4MSM1MSMkMiMkNCMkMDAkMzgxOTYxIzIxIyQyIyQxIyQwMCQyNjEwMDIjNTEjJDEjJDIjJDgz
빛채운 피부과의원,의원,서울,영등포구,여의도동,"서울특별시 영등포구 국제금융로 39, 301,302,303,308호 (여의도동, 브라이튼 여의도)",02-6265-0108,https://www.vitchaewoon.co.kr,45356,5,2,126.9298963,37.5241513,JDQ4MTg4MSM1MSMkMiMkOCMkMDAkMzgxOTYxIzIxIyQxIyQ5IyQ3OSQzNjE0ODEjNDEjJDEjJDgjJDgz
삼성다온내과의원,의원,서울,영등포구,당산동5가,"서울특별시 영등포구 당산로44길 3, 삼성타운 6층 601, 602-A호 (당산동5가)",02-6268-5000,http://samsungdaon.modoo.at,45450,1,0,126.9009551,37.531952599999997,JDQ4MTg4MSM1MSMkMiMkOCMkMDAkMzgxOTYxIzMxIyQxIyQzIyQ5MiQ0NjEwMDIjNDEjJDEjJDQjJDgz
새로운내과의원,의원,서울,영등포구,영등포동6가,"서울특별시 영등포구 영중로 61, 극동방송 3층 (영등포동6가)",02-2634-0771,https://www.saerounim.com,45531,1,0,126.9046318,37.521901,JDQ4MTg4MSM1MSMkMiMkOCMkMDAkMzgxOTYxIzQxIyQxIyQ3IyQ4OSQ0NjEwMDIjODEjJDEjJDYjJDgz
생강의료생활협동조합 돋움의원,의원,서울,영등포구,영등포동8가,"서울특별시 영등포구 영신로 238, 2층 (영등포동8가, 미소로)",02-2633-5020,www.doteum.com,42447,0,0,126.90421670000001,37.528554999999997,JDQ4MTg4MSM1MSMkMiMkNCMkMDAkNDgxNzAyIzMxIyQxIyQzIyQ5OSQzNjE0ODEjNDEjJDEjJDgjJDgz
석비뇨기과의원,의원,서울,영등포구,양평동4가,"서울특별시 영등포구 양평로22길 4, 2층 (양평동4가)",02-362-3125,http://,40329,1,0,126.89436860000001,37.538128899999997,JDQ4MTg4MSM1MSMkMiMkMCMkMDAkNDgxNzAyIzExIyQxIyQ3IyQ3MiQzNjEyMjIjNDEjJDEjJDgjJDgz
성모속튼튼내과의원,의원,서울,영등포구,문래동6가,"서울특별시 영등포구 선유로 59, 문래 아카데미 4층 403, 405호 (문래동6가)",02-2671-5656,sokgood.com,44435,1,0,126.8890164,37.519265900000001,JDQ4MTg4MSM1MSMkMiMkOCMkMDAkMzgxMzUxIzExIyQxIyQ3IyQ5OSQzNjE0ODEjNDEjJDEjJDgjJDgz
수내과의원,의원,서울,영등포구,여의도동,"서울특별시 영등포구 여의나루로 42, 406호 (여의도동, 종합상가)",02-780-7585,http://www.yeidosoo.com/,38621,1,0,126.9249738,37.521470399999998,JDQ4MTg4MSM1MSMkMiMkNCMkMDAkMzgxOTYxIzIxIyQxIyQxIyQ4MiQyNjE4MzIjNDEjJDEjJDgjJDgz
수담의원,의원,서울,영등포구,여의도동,"서울특별시 영등포구 여의대방로69길 19, 207,208호 (여의도동)",070-8770-7007,https://soodam-clinic.co.kr,45138,1,0,126.9304241,37.520599300000001,JDQ4MTg4MSM1MSMkMiMkOCMkMDAkMzgxOTYxIzExIyQxIyQzIyQxMyQyNjE4MzIjNTEjJDEjJDYjJDgz
신길연세365의원,의원,서울,영등포구,신길동,"서울특별시 영등포구 도신로 120, 신영빌딩 2~3층 (신길동)",02-834-8275,http://sgys365.modoo.at/,40633,2,0,126.9054304,37.508215200000002,JDQ4MTg4MSM1MSMkMiMkNCMkMDAkNDgxOTYxIzIxIyQyIyQxIyQwMCQzNjEyMjIjNjEjJDEjJDQjJDgz
아란태산부인과의원,의원,서울,영등포구,문래동3가,"서울특별시 영등포구 선유로 64, 2-5,7층 (문래동3가)",02-2630-6600,http://www.arante.co.kr/,40359,5,0,126.88969710000001,37.519634600000003,JDQ4MTg4MSM1MSMkMiMkNCMkMDAkNDgxMzUxIzIxIyQxIyQ5IyQxMyQ0NjEwMDIjNDEjJDEjJDgjJDgz
아산정형외과의원,의원,서울,영등포구,신길동,"서울특별시 영등포구 도신로 120, 4,5층 (신길동)",02-848-1075,http://www.asanos.com,39926,1,0,126.9054304,37.508215200000002,JDQ4MTg4MSM1MSMkMiMkNCMkMDAkNDgxMzUxIzIxIyQxIyQxIyQ5MiQzNjE0ODEjNTEjJDEjJDIjJDgz
안톤의원,의원,서울,영등포구,신길동,"서울특별시 영등포구 신길로 147, 투란빌딩 5층 (신길동)",02-6956-9547,https://www.antoneclinic.co.kr,46094,1,0,126.9105102,37.505420800000003,JDQ4MTg4MSM1MSMkMiMkOCMkMDAkMzgxMTkxIzMxIyQxIyQ3IyQ2MiQyNjEwMDIjNjEjJDEjJDAjJDgz
언제든내과의원,의원,서울,영등포구,당산동4가,"서울특별시 영등포구 당산로41길 11, 당산 SK V1 center west동 118호 (당산동4가)",02-6951-2777,https://언제든내과의원.com,45806,2,0,126.8983704,37.530811900000003,JDQ4MTg4MSM1MSMkMiMkOCMkMDAkMzgxMTkxIzExIyQxIyQ3IyQxMyQyNjEwMDIjODEjJDEjJDYjJDgz
여의도라이프케어내과의원,의원,서울,영등포구,여의도동,"서울특별시 영등포구 의사당대로 97, 교보증권빌딩 10층 (여의도동)",02-785-1000,https://lchealth.co.kr/,45539,2,0,126.92459770000001,37.522517899999997,JDQ4MTg4MSM1MSMkMiMkOCMkMDAkMzgxOTYxIzQxIyQxIyQ3IyQ5OSQzNjEwMDIjNTEjJDEjJDYjJDgz
연세그린의원,의원,서울,영등포구,양평동5가,"서울특별시 영등포구 양평로 129, (양평동5가)",02-2633-0075,http://www.clinicgreen.co.kr/,40182,1,0,126.8932731,37.537939899999998,JDQ4MTg4MSM1MSMkMiMkMCMkMDAkNTgxOTYxIzIxIyQxIyQxIyQ5OSQ0NjE0ODEjNTEjJDEjJDIjJDgz
연세노블의원,의원,서울,영등포구,양평동3가,"서울특별시 영등포구 선유서로 117, 2층 (양평동3가, 월드프라자)",02-2678-7582,http://www.ysnoble.com,38448,1,0,126.8861653,37.526157300000001,JDQ4MTg4MSM1MSMkMiMkNCMkMDAkMzgxMTkxIzExIyQxIyQzIyQ5MiQyNjE4MzIjNDEjJDEjJDgjJDgz
연세리앤피부과의원,의원,서울,영등포구,영등포동3가,"서울특별시 영등포구 영중로 18, 4층 (영등포동3가, 금강제화빌딩)",02-2671-9300,http://www.leeand.co.kr,39504,1,1,126.90620180000001,37.517984200000001,JDQ4MTg4MSM1MSMkMiMkNCMkMDAkMzgxNzAyIzMxIyQyIyQ3IyQwMCQyNjEwMDIjODEjJDEjJDYjJDgz
연세미엔의원,의원,서울,영등포구,신길동,"서울특별시 영등포구 신길로 36, 3층 (신길동)",02-844-5718,http://,37810,1,0,126.9087385,37.4957913,JDQ4MTg4MSM1MSMkMiMkMCMkMDAkNTgxOTYxIzExIyQxIyQzIyQ3MiQ0NjE0ODEjNDEjJDEjJDgjJDgz
영등포데이뷰의원,의원,서울,영등포구,영등포동3가,"서울특별시 영등포구 영중로 12, 에쉐르아이 시네마 쇼핑몰 8003~8005,8007~8015,8017~8020호 (영등포동3가)",02-6952-4842,https://www.daybeauclinic09.com/,46119,1,0,126.90651920000001,37.5176345,JDQ4MTg4MSM1MSMkMiMkOCMkMDAkMzgxMTkxIzMxIyQxIyQ3IyQxMyQzNjE4MzIjNDEjJDEjJDQjJDgz
예스의원,의원,서울,영등포구,당산동3가,"서울특별시 영등포구 당산로 142-1, 3층 (당산동3가, 클리닉빌딩)",02-2632-8882,http://www.ye-clinic.co.kr,39195,1,0,126.8973287,37.527326600000002,JDQ4MTg4MSM1MSMkMiMkNCMkMDAkMzgxNzAyIzIxIyQxIyQxIyQ4OSQ0NjE0ODEjNjEjJDEjJDgjJDgz
유쾌한비뇨기과의원,의원,서울,영등포구,영등포동6가,"서울특별시 영등포구 영중로 45, 3층 (영등포동6가)",02-2679-0505,http://www.enjoyuro.com,41320,2,0,126.9044707,37.520460200000002,JDQ4MTg4MSM1MSMkMiMkNCMkMDAkNDgxMTkxIzExIyQxIyQzIyQ3MiQzNjE0ODEjNjEjJDEjJDgjJDgz
이지함피부과의원,의원,서울,영등포구,여의도동,"서울특별시 영등포구 여의나루로 42, 5층 (여의도동)",02-780-3733,http://www.ljh.co.kr,41996,1,1,126.9249738,37.521470399999998,JDQ4MTg4MSM1MSMkMiMkNCMkMDAkNDgxMzUxIzIxIyQxIyQ1IyQxMyQyNjEyMjIjNzEjJDEjJDgjJDgz
이화미의원,의원,서울,영등포구,대림동,"서울특별시 영등포구 대림로 153, 2층 (대림동)",02-844-6102,http://www.ewhabeauty.com/,39611,1,0,126.8998339,37.494440500000003,JDQ4MTg4MSM1MSMkMiMkNCMkMDAkMzgxNzAyIzUxIyQxIyQxIyQ4MiQyNjE4MzIjNDEjJDEjJDQjJDgz
참조은피부과의원,의원,서울,영등포구,당산동5가,"서울특별시 영등포구 당산로 214, 209호 (당산동5가, 당산삼성래미안상가)",02-3442-0600,www.good-skin.co.kr/,41410,1,1,126.9031452,37.532286599999999,JDQ4MTg4MSM1MSMkMiMkNCMkMDAkNDgxMzUxIzQxIyQxIyQ3IyQ3MiQyNjE4MzIjNDEjJDEjJDgjJDgz
퀸즈피부과의원,의원,서울,영등포구,영등포동3가,"서울특별시 영등포구 영중로2길 1, 4층 (영등포동3가)",02-2676-8815,http://www.5queen.com/,41333,1,1,126.90680570000001,37.516887599999997,JDQ4MTg4MSM1MSMkMiMkNCMkMDAkMzgxNzAyIzUxIyQxIyQxIyQ3MiQyNjEyMjIjNjEjJDEjJDAjJDgz
타브로항외과의원,의원,서울,영등포구,영등포동5가,"서울특별시 영등포구 영중로 60, 6층 (영등포동5가, 유니온빌딩)",02-2632-7175,http://www.tabro.net/,37018,1,0,126.9053407,37.521461299999999,JDQ4MTg4MSM1MSMkMiMkNCMkMDAkNDgxOTYxIzMxIyQxIyQ3IyQ2MiQyNjE4MzIjNTEjJDEjJDYjJDgz
톤즈의원,의원,서울,영등포구,영등포동4가,"서울특별시 영등포구 영중로 21, HIGHEND 63st 2층 201~212호 (영등포동4가)",02-6952-0304,https://tonesclinic.co.kr/yeongdeungpo?lang=ko,46156,1,0,126.90516719999999,37.5183064,JDQ4MTg4MSM1MSMkMiMkOCMkMDAkMzgxMTkxIzQxIyQxIyQ3IyQ4MiQ0NjEwMDIjNDEjJDEjJDgjJDgz
닥터선의원,의원,서울,용산구,한남동,"서울특별시 용산구 독서당로 122, 2층 (한남동)",02-6273-7500,https://www.drsunclinic.com,44244,1,0,127.0125829,37.5367751,JDQ4MTg4MSM1MSMkMiMkOCMkMDAkMzgxOTYxIzMxIyQxIyQ3IyQ3OSQzNjE0ODEjNjEjJDEjJDAjJDgz
더우아의원,의원,서울,용산구,한강로2가,"서울특별시 용산구 한강대로 66, 308~313호 (한강로2가)",02-749-7738,http://www.theoooooah.com,45842,2,0,126.96591840000001,37.526371699999999,JDQ4MTg4MSM1MSMkMiMkOCMkMDAkMzgxMTkxIzIxIyQxIyQxIyQ5MiQ0NjE0ODEjODEjJDEjJDIjJDgz
라엘르의원,의원,서울,용산구,남영동,"서울특별시 용산구 한강대로 286-2, 2층 (남영동)",02-749-0126,http://www.la-aille.com/,40527,1,0,126.9726323,37.543915599999998,JDQ4MTg4MSM1MSMkMiMkNCMkMDAkNDgxOTYxIzQxIyQxIyQ3IyQ3MiQyNjE4MzIjNzEjJDEjJDgjJDgz
로하스가정의학과의원,의원,서울,용산구,이촌동,"서울특별시 용산구 이촌로 264, (이촌동, 삼익아파트)",02-790-7470,http://www.lohascare.org/index.asp,39692,1,0,126.9758635,37.519126399999998,JDQ4MTg4MSM1MSMkMiMkNCMkMDAkMzgxNzAyIzUxIyQxIyQ1IyQ3MiQzNjEwMDIjNjEjJDEjJDQjJDgz
마음담은삼성내과의원,의원,서울,용산구,남영동,"서울특별시 용산구 한강대로 290-1, (남영동)",02-798-7550,http://www.maumdam.com/index.asp,39598,1,0,126.97251799999999,37.544195999999999,JDQ4MTg4MSM1MSMkMiMkNCMkMDAkMzgxNzAyIzUxIyQyIyQxIyQwMCQzNjEyMjIjNTEjJDEjJDIjJDgz
연세메디노블의원,의원,서울,용산구,용산동5가,"서울특별시 용산구 서빙고로 69, 24,26호 (용산동5가, 파크타워아파트)",790-2175,http://www.medinoble.com,39587,2,0,126.9723268,37.523645299999998,JDQ4MTg4MSM1MSMkMiMkNCMkMDAkMzgxNzAyIzUxIyQxIyQxIyQ4OSQzNjE0ODEjNDEjJDEjJDgjJDgz
올리준의원,의원,서울,용산구,이태원동,"서울특별시 용산구 이태원로 190, 2층 (이태원동)",02-6952-5090,https://olijoon.com/,46183,2,0,126.995053,37.5343211,JDQ4MTg4MSM1MSMkMiMkOCMkMDAkMzgxMTkxIzUxIyQxIyQxIyQ4OSQzNjEwMDIjODEjJDEjJDIjJDgz
우태하한승경피부과의원,의원,서울,용산구,갈월동,"서울특별시 용산구 한강대로 312, (갈월동, 하나은행, 우태하피부과, 서울약국)",02-754-2590,http://www.wooskin.co.kr/2014_wooskin/,27547,5,5,126.972252,37.546066799999998,JDQ4MTg4MSM1MSMkMiMkMCMkMDAkNTgxMzUxIzMxIyQxIyQ3IyQ3MiQ0NjEwMDIjNTEjJDEjJDIjJDgz
이레피부과의원,의원,서울,용산구,한강로3가,"서울특별시 용산구 서빙고로 17, 판매시설동 2층 35~37호 (한강로3가)",02-6949-3705,jirehderma.co.kr,44284,1,1,126.9678526,37.525766500000003,JDQ4MTg4MSM1MSMkMiMkNCMkMDAkNTgxMzUxIzIxIyQyIyQ1IyQwMCQzNjE0ODEjNDEjJDEjJDgjJDgz
초이스내과신경과의원,의원,서울,용산구,한강로3가,"서울특별시 용산구 서빙고로 17, 제몰동 제2층 제2109, 2110호, 2111호 (한강로3가)",795-1175,https://blog.naver.com/woongenius,42033,2,0,126.9678526,37.525766400000002,JDQ4MTg4MSM1MSMkMiMkOCMkMDAkMzgxMTkxIzIxIyQyIyQ5IyQwMCQzNjE4MzIjNTEjJDEjJDYjJDgz
트리니티내과의원,의원,서울,용산구,이촌동,"서울특별시 용산구 이촌로 224, (이촌동, 리버뷰맨션)",02-793-7127,http://www.trinitydoc.co.kr,38721,1,0,126.9718828,37.520153299999997,JDQ4MTg4MSM1MSMkMiMkNCMkMDAkMzgxMTkxIzIxIyQxIyQ5IyQ3MiQyNjEwMDIjNjEjJDEjJDQjJDgz
DMC수색신경외과의원,의원,서울,은평구,증산동,"서울특별시 은평구 수색로 191, 두빌191 2층 (증산동)",02-305-4463,http://www.susakns.kr,37628,1,0,126.9010885,37.578260700000001,JDQ4MTg4MSM1MSMkMiMkNCMkMDAkMzgxMTkxIzUxIyQxIyQ1IyQ4MiQyNjE4MzIjNDEjJDEjJDgjJDgz
가톨릭정형외과의원,의원,서울,은평구,응암동,"서울특별시 은평구 응암로 308, 1층, 2층 (응암동, CM빌딩)",02-354-9800,http://cafe.naver.com/catholicos,36489,1,0,126.9213852,37.598701800000001,JDQ4MTg4MSM1MSMkMiMkMCMkMDAkNTgxMzUxIzMxIyQxIyQ3IyQxMyQyNjEwMDIjNjEjJDEjJDgjJDgz
강창원내과의원,의원,서울,은평구,대조동,"서울특별시 은평구 통일로 721, (대조동)",02-389-2043,www.med2000.co.kr/,35523,1,0,126.9299603,37.610023699999999,JDQ4MTg4MSM1MSMkMiMkMCMkMDAkNDgxNzAyIzMxIyQxIyQ3IyQ3MiQ0NjEwMDIjNzEjJDEjJDgjJDgz
건강그린내과의원,의원,서울,은평구,대조동,"서울특별시 은평구 연서로 216, (대조동)",02-358-3355,http://www.healthgreen.co.kr,40966,3,0,126.9201296,37.617810900000002,JDQ4MTg4MSM1MSMkMiMkNCMkMDAkNDgxOTYxIzMxIyQxIyQ3IyQ5MiQzNjEyMjIjNDEjJDEjJDQjJDgz
구파발정형외과의원,의원,서울,은평구,진관동,"서울특별시 은평구 진관2로 15-46, 9층 (진관동, 메트로프라자)",02-334-8275,http://www.s-os.kr/,42417,1,0,126.9190816,37.638651600000003,JDQ4MTg4MSM1MSMkMiMkMCMkMDAkNDgxNzAyIzMxIyQxIyQ3IyQ3OSQzNjEwMDIjODEjJDEjJDIjJDgz
로쉬여성의원,의원,서울,은평구,응암동,"서울특별시 은평구 응암로 213, 2층 (응암동)",02-303-9313,http://www.miaeroyp.com,36395,1,0,126.9171406,37.5910163,JDQ4MTg4MSM1MSMkMiMkNCMkMDAkMzgxMTkxIzExIyQxIyQ3IyQ5OSQzNjEyMjIjNjEjJDEjJDQjJDgz
류비뇨의학과의원,의원,서울,은평구,대조동,"서울특별시 은평구 연서로 146, 수메디컬빌딩 6층 (대조동)",02-354-8834,www.flowuro.co.kr/,38089,1,0,126.9177227,37.611828099999997,JDQ4MTg4MSM1MSMkMiMkNCMkMDAkMzgxOTYxIzMxIyQxIyQzIyQ5MiQyNjE0ODEjNTEjJDEjJDIjJDgz
마이디피부과의원,의원,서울,은평구,대조동,"서울특별시 은평구 연서로 146, (대조동, 3층)",02-355-5533,http://www.mydskin.co.kr/,41030,1,1,126.9177227,37.611828099999997,JDQ4MTg4MSM1MSMkMiMkNCMkMDAkNDgxOTYxIzQxIyQxIyQ3IyQ4MiQzNjE0ODEjNTEjJDEjJDIjJDgz
맘스미산부인과의원,의원,서울,은평구,대조동,"서울특별시 은평구 서오릉로 134, 메디칼 4,5층 (대조동)",02-388-5855,www.momsmi.com,35123,1,0,126.9181024,37.611026600000002,JDQ4MTg4MSM1MSMkMiMkMCMkMDAkNDgxNzAyIzIxIyQxIyQ1IyQ4MiQyNjEwMDIjNDEjJDEjJDQjJDgz
삼성속편한의원,의원,서울,은평구,응암동,"서울특별시 은평구 응암로 264, 서울빌딩 2층 (응암동)",307-7577,http://www.samsungsok.com/,40896,1,0,126.9188925,37.595308600000003,JDQ4MTg4MSM1MSMkMiMkMCMkMDAkNDgxNzAyIzQxIyQxIyQ3IyQ5MiQzNjEyMjIjNTEjJDEjJDYjJDgz
새하얀피부과의원,의원,서울,은평구,응암동,"서울특별시 은평구 은평로 200-1, 4층 (응암동, 삼영빌딩)",02-353-5600,http://www.whitskin.com,40434,1,1,126.93001750000001,37.600971600000001,JDQ4MTg4MSM1MSMkMiMkNCMkMDAkNDgxMzUxIzUxIyQxIyQ1IyQ5MiQyNjEyMjIjNDEjJDEjJDgjJDgz
수내과의원,의원,서울,은평구,응암동,"서울특별시 은평구 은평로 123, 201호 202호일부호 (응암동, 응암아네스트)",02-359-7557,http://www.clinicsu.com,39203,1,0,126.9215428,37.600549100000002,JDQ4MTg4MSM1MSMkMiMkNCMkMDAkMzgxNzAyIzIxIyQxIyQxIyQ4OSQzNjE4MzIjODEjJDEjJDIjJDgz
양전호내과의원,의원,서울,은평구,갈현동,"서울특별시 은평구 통일로 863, 2층 (갈현동)",02-385-2600,http://jeonh9.wix.com/livernet,38580,1,0,126.92002220000001,37.620040400000001,JDQ4MTg4MSM1MSMkMiMkNCMkMDAkMzgxMTkxIzIxIyQxIyQxIyQwMyQzNjEwMDIjNzEjJDEjJDgjJDgz
연세사랑의원,의원,서울,은평구,응암동,"서울특별시 은평구 응암로22길 28-6, 3층 (응암동)",02-375-7585,http://cafe.daum.net/pelvicalignment,36811,1,0,126.9210758,37.5932885,JDQ4MTg4MSM1MSMkMiMkNCMkMDAkMzgxOTYxIzMxIyQxIyQzIyQ5MiQzNjEyMjIjNDEjJDEjJDgjJDgz
연세예일의원,의원,서울,은평구,대조동,"서울특별시 은평구 서오릉로 138, 2층 (대조동)",02-357-6867,www.ysyale.com/,39540,1,0,126.91782980000001,37.611190499999999,JDQ4MTg4MSM1MSMkMiMkNCMkMDAkMzgxNzAyIzQxIyQxIyQ3IyQ5OSQzNjEyMjIjODEjJDEjJDYjJDgz
연세우리내과의원,의원,서울,은평구,대조동,"서울특별시 은평구 서오릉로 140, (대조동)",02-357-8279,http://www.yswoori.net,39769,1,0,126.917604,37.611344799999998,JDQ4MTg4MSM1MSMkMiMkNCMkMDAkNDgxMzUxIzExIyQxIyQzIyQ2MiQyNjE0ODEjNjEjJDEjJDQjJDgz
연세팜스의원,의원,서울,은평구,대조동,"서울특별시 은평구 통일로 767, 2층 226,227호 (대조동, 베르디움STAY1)",02-387-2755,http://www.yonseinetwork.com/eunpyeng/index01.html,38456,2,0,126.9269422,37.613382700000003,JDQ4MTg4MSM1MSMkMiMkNCMkMDAkMzgxOTYxIzMxIyQxIyQzIyQxMyQzNjE4MzIjNjEjJDEjJDAjJDgz
연세학문외과의원,의원,서울,은평구,대조동,"서울특별시 은평구 통일로 741, 3층 (대조동)",02-387-6427,http://www.hangmac.com,38856,1,0,126.9286013,37.611422400000002,JDQ4MTg4MSM1MSMkMiMkNCMkMDAkMzgxMTkxIzQxIyQxIyQ3IyQ3OSQyNjEwMDIjODEjJDEjJDIjJDgz
이윤진산부인과의원,의원,서울,은평구,불광동,"서울특별시 은평구 통일로 856, 메트로타워 9층 18호 (불광동)",02-356-3100,http://www.leeyoonjin.com,40322,2,0,126.92168030000001,37.619706499999999,JDQ4MTg4MSM1MSMkMiMkNCMkMDAkNDgxMzUxIzUxIyQxIyQxIyQ2MiQyNjEyMjIjNTEjJDEjJDIjJDgz
이태준김재민내과의원,의원,서울,은평구,불광동,"서울특별시 은평구 연서로 277, 지1,1,2층 (불광동)",02-359-6397,http://www.ltjmed.co.kr,34095,2,0,126.9251079,37.6210849,JDQ4MTg4MSM1MSMkMiMkMCMkMDAkNDgxMTkxIzIxIyQxIyQ5IyQ2MiQyNjE4MzIjNTEjJDEjJDIjJDgz
정승기정형외과의원,의원,서울,은평구,불광동,"서울특별시 은평구 통일로 710, (불광동)",02-358-2458,http://www.drnopain.co.kr/,34757,3,0,126.93121069999999,37.609356200000001,JDQ4MTg4MSM1MSMkMiMkMCMkMDAkNDgxNzAyIzExIyQxIyQzIyQ5OSQ0NjEwMDIjNzEjJDEjJDgjJDgz
채희재피부과의원,의원,서울,은평구,대조동,"서울특별시 은평구 서오릉로 140, 2층 (대조동)",02-385-3330,http://www.skinchae.co.kr,36195,2,1,126.917604,37.611344799999998,JDQ4MTg4MSM1MSMkMiMkMCMkMDAkNTgxMzUxIzIxIyQyIyQxIyQwMCQ0NjEwMDIjNTEjJDEjJDIjJDgz
최윤영산부인과의원,의원,서울,은평구,대조동,"서울특별시 은평구 통일로 731, (대조동)",02-382-0220,http://www.herdoctor.co.kr/,38803,1,0,126.9294663,37.610622599999999,JDQ4MTg4MSM1MSMkMiMkNCMkMDAkMzgxMTkxIzMxIyQxIyQ3IyQ4OSQyNjEwMDIjODEjJDEjJDYjJDgz
하나내과의원,의원,서울,은평구,진관동,"서울특별시 은평구 진관2로 19, 휴먼프라자 I 5층 501,502호 (진관동)",02-356-0022,https://hanamedicalscience.modoo.at/,42087,2,0,126.9195953,37.634857199999999,JDQ4MTg4MSM1MSMkMiMkNCMkMDAkNDgxMzUxIzMxIyQxIyQ3IyQ2MiQyNjE4MzIjODEjJDEjJDIjJDgz
활기찬정형외과의원,의원,서울,은평구,갈현동,"서울특별시 은평구 통일로 875, (갈현동, B1층일부,2~5층,6층일부)",02-385-8875,http://bone119.co.kr,39371,4,0,126.9196585,37.621152500000001,JDQ4MTg4MSM1MSMkMiMkNCMkMDAkMzgxNzAyIzIxIyQyIyQ5IyQwMCQ0NjEwMDIjNDEjJDEjJDgjJDgz
경희궁비뇨의학과의원,의원,서울,종로구,홍파동,"서울특별시 종로구 송월길 99, 2219호 (홍파동, 경희궁자이 2단지)",02-722-7550,http://www.bestopclinic.com/,39245,1,0,126.96388229999999,37.570875399999998,JDQ4MTg4MSM1MSMkMiMkNCMkMDAkMzgxNzAyIzIxIyQxIyQxIyQwMyQzNjE0ODEjNjEjJDEjJDAjJDgz
늘푸른비뇨기과의원,의원,서울,종로구,종로3가,"서울특별시 종로구 종로 128, 6층 (종로3가, 화영빌딩)",02-2272-5588,http://www.egclinic.co.kr/new_main/main.asp,38098,1,0,126.9919191,37.570151600000003,JDQ4MTg4MSM1MSMkMiMkNCMkMDAkMzgxNzAyIzExIyQxIyQ3IyQxMyQzNjE4MzIjNDEjJDEjJDQjJDgz
더클리어의원,의원,서울,종로구,세종로,"서울특별시 종로구 세종대로 159, 5층 (세종로)",734-8875,http://www.jnd7.com/index.php?control=html&mg=sub01&p_id=010206_2&sca=반포점,44090,1,0,126.9763604,37.570611499999998,JDQ4MTg4MSM1MSMkMiMkNCMkMDAkNDgxMzUxIzExIyQxIyQzIyQ2MiQzNjE4MzIjNTEjJDEjJDIjJDgz
래인의원,의원,서울,종로구,공평동,"서울특별시 종로구 삼봉로 94, 94빌딩 205,206호 (공평동)",02-6272-4194,http://www.leinclinic.com,45483,1,0,126.9822393,37.571778000000002,JDQ4MTg4MSM1MSMkMiMkOCMkMDAkMzgxOTYxIzMxIyQxIyQ3IyQ2MiQyNjEwMDIjODEjJDEjJDYjJDgz
마리앤라인의원,의원,서울,종로구,동숭동,"서울특별시 종로구 대학로 130, 5층 (동숭동)",02-718-8000,http://www.doctormarie.co.kr,39500,2,0,127.0021374,37.582892999999999,JDQ4MTg4MSM1MSMkMiMkNCMkMDAkMzgxMTkxIzUxIyQxIyQ1IyQ3MiQ0NjE0ODEjNjEjJDEjJDAjJDgz
메디홈가정의학과의원,의원,서울,종로구,신문로1가,"서울특별시 종로구 새문안로 103, 4층 (신문로1가)",02-725-7582,http://www.medihome.kr,39093,1,0,126.9760922,37.570513300000002,JDQ4MTg4MSM1MSMkMiMkNCMkMDAkMzgxNzAyIzExIyQxIyQzIyQ4OSQyNjEwMDIjNjEjJDEjJDgjJDgz
미소안과의원,의원,서울,종로구,종로5가,"서울특별시 종로구 종로 207, 5층 (종로5가, 금원빌딩)",02-333-3334,http://niceclinic.co.kr/index.asp,42977,1,0,127.0007276,37.571269700000002,JDQ4MTg4MSM1MSMkMiMkMCMkMDAkNTgxMzUxIzExIyQxIyQzIyQwMyQzNjE0ODEjNjEjJDEjJDQjJDgz
비앤비의원,의원,서울,종로구,창신동,"서울특별시 종로구 지봉로 43, 4층 (창신동)",02-762-7588,http://www.bnbclinic.co.kr/,40171,1,0,127.0154387,37.574069999999999,JDQ4MTg4MSM1MSMkMiMkNCMkMDAkNDgxMzUxIzIxIyQxIyQ1IyQxMyQyNjE0ODEjNDEjJDEjJDgjJDgz
뽀얀피부과의원,의원,서울,종로구,종로3가,"서울특별시 종로구 종로 128, 5층 (종로3가, 화영빌딩)",02-2273-5118,http://www.poyan.co.kr/,38413,1,1,126.9919191,37.570151600000003,JDQ4MTg4MSM1MSMkMiMkNCMkMDAkMzgxOTYxIzMxIyQxIyQzIyQxMyQ0NjE0ODEjNTEjJDEjJDIjJDgz
산소의원,의원,서울,종로구,종로2가,"서울특별시 종로구 수표로 105, 3층 (종로2가, 육의전빌딩)",02-733-7343,http://www.sansoclinic.co.kr,39934,1,0,126.9891559,37.570606400000003,JDQ4MTg4MSM1MSMkMiMkNCMkMDAkMzgxMTkxIzQxIyQxIyQ3IyQ4MiQzNjE4MzIjNDEjJDEjJDgjJDgz
에스앤유피부과의원,의원,서울,종로구,관철동,"서울특별시 종로구 종로12길 15, (관철동)",02-720-7582,http://www.jongrosnu.com,36858,2,2,126.9860377,37.569366500000001,JDQ4MTg4MSM1MSMkMiMkMCMkMDAkNTgxOTYxIzExIyQxIyQ3IyQwMyQyNjE0ODEjNjEjJDEjJDAjJDgz
연세에스웰피부과의원,의원,서울,종로구,종로1가,"서울특별시 종로구 종로 19, 404호 (종로1가, 르메이에르종로타운1)",02-2075-7500,http://www.swellskin.com/,39344,1,1,126.97986059999999,37.570834499999997,JDQ4MTg4MSM1MSMkMiMkNCMkMDAkMzgxNzAyIzIxIyQxIyQ5IyQ4OSQzNjEwMDIjNjEjJDEjJDAjJDgz
의료법인하나로의료재단하나로의원,의원,서울,종로구,청진동,"서울특별시 종로구 종로 33, 그랑서울 501,502,503호 (청진동)",02-732-3030,www.hanaromf.com/,33352,45,0,126.9814392,37.570959999999999,JDQ4MTg4MSM1MSMkMiMkMCMkMDAkNDgxOTYxIzQxIyQxIyQ3IyQ2MiQyNjE0ODEjNDEjJDEjJDgjJDgz
일맥한의원 더영의원,의원,서울,종로구,종로2가,"서울특별시 종로구 종로 74, 영안빌딩 4층 (종로2가)",02-722-1854,http://www.jrmiclinic.com/,41015,1,0,126.98562579999999,37.569949999999999,JDQ4MTg4MSM1MSMkMiMkNCMkMDAkNDgxOTYxIzMxIyQxIyQzIyQ4MiQyNjE0ODEjNzEjJDEjJDgjJDgz
종로비뇨기과의원,의원,서울,종로구,종로6가,"서울특별시 종로구 종로41길 1, (종로6가)",02-745-9119,www.jruro.co.kr/,36980,1,0,127.00653440000001,37.571390399999999,JDQ4MTg4MSM1MSMkMiMkMCMkMDAkNTgxOTYxIzIxIyQxIyQ5IyQ4OSQyNjE0ODEjNTEjJDEjJDIjJDgz
트윙클의원,의원,서울,종로구,청진동,"서울특별시 종로구 종로5길 13, 삼공빌딩 3층 (청진동)",02-6931-7555,www.twinkleclinic.co.kr,43136,1,0,126.9804824,37.571034300000001,JDQ4MTg4MSM1MSMkMiMkNCMkMDAkNTgxOTYxIzQxIyQxIyQ3IyQ4OSQyNjEyMjIjNDEjJDEjJDgjJDgz
그랑메디의원,의원,서울,중구,을지로2가,"서울특별시 중구 명동7길 21, 명동아르누보센텀 406호 (을지로2가)",02-775-0885,http://www.mylamar.co.kr/,38852,1,0,126.98387870000001,37.564737100000002,JDQ4MTg4MSM1MSMkMiMkNCMkMDAkNDgxMzUxIzIxIyQyIyQxIyQwMCQzNjE0ODEjNTEjJDEjJDYjJDgz
나이스피부과의원,의원,서울,중구,신당동,"서울특별시 중구 다산로 96, 4층 (신당동)",02-2232-2502,http://www.eniceskin.co.kr/,37456,1,1,127.00921049999999,37.552743900000003,JDQ4MTg4MSM1MSMkMiMkNCMkMDAkMzgxMzUxIzIxIyQxIyQ5IyQ5MiQzNjEwMDIjNDEjJDEjJDgjJDgz
더이다의원,의원,서울,중구,신당동,"서울특별시 중구 동호로11길 113, 3~4층 (신당동)",02-533-6695,https://www.idaclinic.io/,44439,1,0,127.0074475,37.550899700000002,JDQ4MTg4MSM1MSMkMiMkNCMkMDAkNDgxMzUxIzQxIyQxIyQ3IyQwMyQzNjE0ODEjNDEjJDEjJDgjJDgz
리뉴미피부과의원,의원,서울,중구,을지로6가,"서울특별시 중구 을지로 251, 을지회관 2층 203호 (을지로6가)",02-2275-5085,http://www.rnmeskin.com,40010,4,1,127.0062707,37.5665549,JDQ4MTg4MSM1MSMkMiMkNCMkMDAkNDgxOTYxIzIxIyQxIyQ5IyQ3MiQyNjE4MzIjODEjJDEjJDIjJDgz
리엘르의원,의원,서울,중구,명동2가,"서울특별시 중구 명동길 14, Noon Square 5층 (명동2가)",02-3789-2086,https://md.re-ele.com/,45931,1,0,126.9828804,37.5634327,JDQ4MTg4MSM1MSMkMiMkOCMkMDAkMzgxMTkxIzIxIyQxIyQ1IyQxMyQ0NjEwMDIjNzEjJDEjJDgjJDgz
명동고운세상피부과의원,의원,서울,중구,충무로2가,"서울특별시 중구 퇴계로 131, 3층 308~311호 (충무로2가, 신일빌딩)",02-755-5411,http://www.beautyforever.co.kr,37603,1,1,126.9864204,37.561279800000001,JDQ4MTg4MSM1MSMkMiMkNCMkMDAkMzgxOTYxIzExIyQxIyQ3IyQ3OSQ0NjE0ODEjNDEjJDEjJDgjJDgz
명동리더스피부과의원,의원,서울,중구,회현동1가,"서울특별시 중구 퇴계로 72, 지하1층 116호 (회현동1가, 리더스뷰남산)",02-6677-1945,http://www.beautyleader.co.kr,40521,2,2,126.9805573,37.559147699999997,JDQ4MTg4MSM1MSMkMiMkMCMkMDAkNTgxOTYxIzMxIyQxIyQ3IyQ5OSQ0NjEwMDIjNjEjJDEjJDgjJDgz
명동벤자민피부과의원,의원,서울,중구,남대문로2가,"서울특별시 중구 남대문로 90, 세미콜론명동 15층 (남대문로2가)",02-6272-7007,https://benjaminclinicmd.com,46014,3,3,126.9829288,37.5650981,JDQ4MTg4MSM1MSMkMiMkOCMkMDAkMzgxMTkxIzMxIyQxIyQzIyQ4OSQyNjE0ODEjODEjJDEjJDIjJDgz
미애로여성의원,의원,서울,중구,신당동,"서울특별시 중구 다산로 132, 4층 (신당동)",02-2233-6992,http://www.miaerojoa.com,38413,1,0,127.011398,37.5555156,JDQ4MTg4MSM1MSMkMiMkNCMkMDAkMzgxOTYxIzUxIyQxIyQ1IyQxMyQzNjEyMjIjNDEjJDEjJDgjJDgz
보아스이비인후과의원,의원,서울,중구,신당동,"서울특별시 중구 다산로 111, 한미빌딩 3층 (신당동)",02-2234-1530,http://www.boazent.co.kr,38097,5,0,127.00986760000001,37.554015700000001,JDQ4MTg4MSM1MSMkMiMkNCMkMDAkMzgxOTYxIzMxIyQxIyQ3IyQ4OSQ0NjEwMDIjODEjJDEjJDYjJDgz
비엘티의원,의원,서울,중구,을지로6가,"서울특별시 중구 장충단로 263, 밀리오레상가건물 13층 4호 (을지로6가)",02-3393-1293,http://www.bltclinic.co.kr/,38089,1,0,127.00846180000001,37.568119099999997,JDQ4MTg4MSM1MSMkMiMkNCMkMDAkMzgxOTYxIzMxIyQxIyQzIyQwMyQzNjE4MzIjNzEjJDEjJDgjJDgz
서울중앙의료의원,의원,서울,중구,충무로1가,"서울특별시 중구 소공로 70, 서울중앙우체국청사 지하3층 (충무로1가)",02-6450-5500,http://www.scc-health.com,34886,18,0,126.9821154,37.561562899999998,JDQ4MTg4MSM1MSMkMiMkMCMkMDAkNDgxNzAyIzExIyQxIyQ3IyQxMyQzNjEwMDIjNDEjJDEjJDgjJDgz
셀린의원명동점,의원,서울,중구,소공동,"서울특별시 중구 남대문로7길 16, 소공 한국빌딩 1층 (소공동)",02-3789-0824,https://www.cellinclinic8.com,45673,1,0,126.9811637,37.564165600000003,JDQ4MTg4MSM1MSMkMiMkOCMkMDAkMzgxOTYxIzUxIyQxIyQ1IyQ3MiQyNjEwMDIjNjEjJDEjJDQjJDgz
소중한나의원,의원,서울,중구,서소문동,"서울특별시 중구 서소문로 120, ENA Center 503호 (서소문동)",318-5036,http://www.valuable-me.com,39667,1,0,126.97467640000001,37.562913899999998,JDQ4MTg4MSM1MSMkMiMkNCMkMDAkMzgxNzAyIzUxIyQxIyQ1IyQ5OSQzNjEwMDIjNTEjJDEjJDYjJDgz
씨앤피차앤박피부과의원,의원,서울,중구,충무로2가,"서울특별시 중구 퇴계로 141-7, 뉴서울빌딩 3층 (충무로2가)",777-2488,http://www.cnpskin.com,37322,1,1,126.9874339,37.561517100000003,JDQ4MTg4MSM1MSMkMiMkNCMkMDAkMzgxMzUxIzExIyQxIyQ3IyQ2MiQzNjEwMDIjNDEjJDEjJDgjJDgz
아름다운나라피부과의원,의원,서울,중구,충무로1가,"서울특별시 중구 명동8나길 6, 4층 (충무로1가)",02-755-2105,http://www.globalanacli.co.kr,36858,1,1,126.9845888,37.561646500000002,JDQ4MTg4MSM1MSMkMiMkMCMkMDAkNTgxOTYxIzUxIyQxIyQ1IyQ5MiQyNjEyMjIjNjEjJDEjJDAjJDgz
아름다운미탐의원,의원,서울,중구,충무로2가,"서울특별시 중구 퇴계로 123, 8층 810호 (충무로2가, 하이헤리엇)",02-3789-1110,http://www.mitam.co.kr,40752,1,0,126.98534960000001,37.561288599999997,JDQ4MTg4MSM1MSMkMiMkNCMkMDAkNDgxOTYxIzUxIyQxIyQxIyQ4MiQyNjE0ODEjNjEjJDEjJDgjJDgz
아비쥬의원,의원,서울,중구,명동1가,"서울특별시 중구 남대문로 78, 타임워크명동빌딩 지하1층 (명동1가)",1544-0377,http://www.wynnclinic.com,39157,12,0,126.9829981,37.5643362,JDQ4MTg4MSM1MSMkMiMkNCMkMDAkMzgxNzAyIzIxIyQxIyQxIyQ3OSQyNjE4MzIjODEjJDEjJDIjJDgz
에비아의원,의원,서울,중구,충무로2가,"서울특별시 중구 명동8가길 11, 이화빌딩(명동) A동 4층 (충무로2가)",02-776-7779,https://eviaclinic.com,45840,1,0,126.98568950000001,37.5618324,JDQ4MTg4MSM1MSMkMiMkOCMkMDAkMzgxMTkxIzIxIyQxIyQxIyQ2MiQ0NjEwMDIjNjEjJDEjJDAjJDgz
엠제이(MJ)올피부과의원,의원,서울,중구,충무로2가,"서울특별시 중구 명동8가길 27, 5층 1호 (충무로2가, 선샤인빌딩)",02-777-8275,http://www.beautyforever.co.kr,40875,1,1,126.9865637,37.562000500000003,JDQ4MTg4MSM1MSMkMiMkNCMkMDAkMzgxMzUxIzQxIyQyIyQ3IyQwMCQzNjEwMDIjNDEjJDEjJDgjJDgz
여노피산부인과의원,의원,서울,중구,남산동1가,"서울특별시 중구 퇴계로 120, 7층 (남산동1가)",757-4747,http://www.yeonopy.com,38369,3,0,126.9850969,37.560580199999997,JDQ4MTg4MSM1MSMkMiMkNCMkMDAkMzgxOTYxIzUxIyQxIyQ1IyQ3MiQyNjEwMDIjNDEjJDEjJDgjJDgz
위즈앤미의원,의원,서울,중구,을지로2가,"서울특별시 중구 명동7길 21, 401,402,403호 (을지로2가, 명동아르누보센팀)",02-777-0900,http://www.wiznmi.com,40135,1,0,126.98387870000001,37.564737100000002,JDQ4MTg4MSM1MSMkMiMkNCMkMDAkNDgxMzUxIzMxIyQxIyQzIyQ5OSQzNjE4MzIjNDEjJDEjJDQjJDgz
유앤아이의원명동점,의원,서울,중구,명동1가,"서울특별시 중구 남대문로 78, 타임워크명동빌딩 3층 301호 (명동1가)",02-6956-6021,https://www.mduni114.co.kr/,45359,10,0,126.9829981,37.5643362,JDQ4MTg4MSM1MSMkMiMkOCMkMDAkMzgxOTYxIzIxIyQxIyQ1IyQwMyQ0NjE0ODEjNjEjJDEjJDgjJDgz
유앤영피부과의원,의원,서울,중구,남산동1가,"서울특별시 중구 퇴계로 120, 3층 (남산동1가)",02-318-7533,http://www.upskin.co.kr/index.php,40226,1,1,126.9850969,37.560580199999997,JDQ4MTg4MSM1MSMkMiMkNCMkMDAkNDgxOTYxIzMxIyQxIyQzIyQ2MiQzNjEwMDIjNTEjJDEjJDYjJDgz
유제의원,의원,서울,중구,서소문동,"서울특별시 중구 서소문로 133, 송화빌딩 4~5층 (서소문동)",02-777-0133,https://www.yujeclinic.com,46140,1,0,126.9755524,37.563884700000003,JDQ4MTg4MSM1MSMkMiMkOCMkMDAkMzgxMTkxIzQxIyQxIyQ3IyQ2MiQzNjEwMDIjNTEjJDEjJDYjJDgz
을지로일등정형외과의원,의원,서울,중구,수하동,"서울특별시 중구 남대문로10길 28, 유주빌딩 5,6층 (수하동)",-,https://euljironumber1.co.kr/?redirect=1,46190,1,0,126.9842402,37.567445900000003,JDQ4MTg4MSM1MSMkMiMkNCMkMDAkNTgxOTYxIzIxIyQyIyQ1IyQwMCQyNjEyMjIjNDEjJDEjJDgjJDgz
이윤수조성완비뇨기과의원,의원,서울,중구,을지로2가,"서울특별시 중구 명동9길 39, 4층 (을지로2가)",02-779-4500,http://www.penilee.co.kr,37490,2,0,126.9839582,37.565550799999997,JDQ4MTg4MSM1MSMkMiMkNCMkMDAkMzgxMzUxIzMxIyQyIyQzIyQwMCQyNjEwMDIjNjEjJDEjJDgjJDgz
제이디의원,의원,서울,중구,명동2가,"서울특별시 중구 남대문로 68, 고려빌딩 6,7층 (명동2가)",02-6677-8660,http://www.truebeauty.co.kr/index.asp,42153,1,0,126.98227610000001,37.563121500000001,JDQ4MTg4MSM1MSMkMiMkNCMkMDAkNDgxOTYxIzIxIyQxIyQ1IyQ3MiQyNjEyMjIjNTEjJDEjJDYjJDgz
포에버의원,의원,서울,중구,명동1가,"서울특별시 중구 남대문로 78, 타임워크명동빌딩 2층 (명동1가)",02-779-7771,https://md.foreverclinic.co.kr,46184,1,0,126.9829594,37.564224600000003,JDQ4MTg4MSM1MSMkMiMkOCMkMDAkMzgxMTkxIzUxIyQxIyQxIyQ4OSQzNjEyMjIjNjEjJDEjJDgjJDgz
플로레의원,의원,서울,중구,충무로2가,"서울특별시 중구 명동10길 41, 6층 (충무로2가, 챔피온빌딩)",777-7805,http://www.fulore.co.kr,40704,1,0,126.9858811,37.562061900000003,JDQ4MTg4MSM1MSMkMiMkNCMkMDAkNDgxOTYxIzIxIyQxIyQ1IyQ2MiQ0NjE0ODEjNjEjJDEjJDQjJDgz
한사랑의원,의원,서울,중구,장충동1가,"서울특별시 중구 장충단로 201, 지혜빌딩 지하1, 지상3,4층 (장충동1가)",02-2277-4707,http://hsrclinic.net,37678,2,0,127.0065029,37.562791900000001,JDQ4MTg4MSM1MSMkMiMkMCMkMDAkNDgxNzAyIzMxIyQxIyQzIyQ3OSQzNjE0ODEjNTEjJDEjJDYjJDgz
헤이데이의원명동점,의원,서울,중구,남대문로2가,"서울특별시 중구 남대문로 90, 7층 (남대문로2가)",02-6263-0302,https://heydayclinic2.com/,45616,8,0,126.9829288,37.5650981,JDQ4MTg4MSM1MSMkMiMkOCMkMDAkMzgxOTYxIzUxIyQxIyQxIyQ3MiQzNjE4MzIjODEjJDEjJDIjJDgz
고려중앙의원,의원,서울,중랑구,묵동,"서울특별시 중랑구 신내로21길 6, 신내두산아파트 상가동 208, 210, 211-1호 (묵동)",434-4556,www.krclinic.co.kr/,41120,1,0,127.0901344,37.617406699999997,JDQ4MTg4MSM1MSMkMiMkNCMkMDAkNDgxOTYxIzUxIyQxIyQxIyQ2MiQyNjEwMDIjNDEjJDEjJDQjJDgz
대한민국의원,의원,서울,중랑구,면목동,"서울특별시 중랑구 면목로 352, (면목동)",02-436-0111,www.antipain.co.kr,40058,1,0,127.0886404,37.583344099999998,JDQ4MTg4MSM1MSMkMiMkNCMkMDAkNDgxOTYxIzIxIyQxIyQ5IyQ5OSQzNjE0ODEjNjEjJDEjJDAjJDgz
리퓨어피부과의원,의원,서울,중랑구,면목동,"서울특별시 중랑구 면목로 319, 삼성종합프라자 2층 우측호 (면목동)",02-466-9033,http://www.repure.kr/2013/,39500,1,1,127.0882283,37.580440299999999,JDQ4MTg4MSM1MSMkMiMkNCMkMDAkMzgxNzAyIzMxIyQxIyQ3IyQ2MiQzNjE4MzIjNjEjJDEjJDQjJDgz
면목성심외과의원,의원,서울,중랑구,면목동,"서울특별시 중랑구 겸재로 194, 2,3층 (면목동, 용현빌딩)",02-493-1940,http://mhang.co.kr/,39288,1,0,127.0890953,37.588515399999999,JDQ4MTg4MSM1MSMkMiMkMCMkMDAkNTgxMzUxIzIxIyQxIyQ5IyQ2MiQyNjEyMjIjNjEjJDEjJDQjJDgz
보아스이비인후과의원,의원,서울,중랑구,면목동,"서울특별시 중랑구 겸재로 181, 2층 (면목동)",02-2207-1530,http://www.boazent.co.kr,40298,1,0,127.08780109999999,37.588659100000001,JDQ4MTg4MSM1MSMkMiMkNCMkMDAkNDgxMzUxIzQxIyQxIyQ3IyQwMyQyNjEwMDIjNzEjJDEjJDgjJDgz
성모마음정신건강의학과의원,의원,서울,중랑구,묵동,"서울특별시 중랑구 동일로 903, 2~5층 (묵동)",02-972-4300,http://www.sungmom.com,39393,1,0,127.0774023,37.610911700000003,JDQ4MTg4MSM1MSMkMiMkNCMkMDAkMzgxNzAyIzIxIyQxIyQ5IyQ4MiQzNjE4MzIjNzEjJDEjJDgjJDgz
아나파의원,의원,서울,중랑구,면목동,"서울특별시 중랑구 동일로109길 49, 2층 (면목동)",02-496-7579,http://www.sooyoo.co.kr,39933,1,0,127.07747259999999,37.591420300000003,JDQ4MTg4MSM1MSMkMiMkNCMkMDAkMzgxOTYxIzIxIyQxIyQxIyQ4MiQyNjE0ODEjNjEjJDEjJDgjJDgz
엔트리의원,의원,서울,중랑구,중화동,"서울특별시 중랑구 동일로 786, 2층 (중화동)",02-433-7510,http://www.entrymedical.co.kr,40966,2,0,127.0799966,37.600725400000002,JDQ4MTg4MSM1MSMkMiMkNCMkMDAkNDgxOTYxIzMxIyQxIyQ3IyQ3MiQyNjE4MzIjNDEjJDEjJDgjJDgz
엘앤에스비뇨의학과의원 동부점,의원,서울,중랑구,면목동,"서울특별시 중랑구 사가정로 386, 9층 (면목동)",02-2209-1119,https://lns24.co.kr,46084,1,0,127.0874093,37.580516799999998,JDQ4MTg4MSM1MSMkMiMkOCMkMDAkMzgxMTkxIzMxIyQxIyQ3IyQ4OSQyNjEyMjIjNDEjJDEjJDgjJDgz
연세비뇨기과의원,의원,서울,중랑구,망우동,"서울특별시 중랑구 망우로 403, 3층 (망우동)",02-438-2400,http://,33554,1,0,127.09685330000001,37.599421800000002,JDQ4MTg4MSM1MSMkMiMkMCMkMDAkNDgxOTYxIzUxIyQyIyQ1IyQwMCQyNjEyMjIjNTEjJDEjJDYjJDgz
연세조이의원,의원,서울,중랑구,면목동,"서울특별시 중랑구 면목로 305, 4층 (면목동)",02-495-7775,http://www.joyclinic.co.kr,39927,1,0,127.0874615,37.579701800000002,JDQ4MTg4MSM1MSMkMiMkNCMkMDAkNDgxMzUxIzIxIyQxIyQxIyQ3MiQzNjEyMjIjNjEjJDEjJDAjJDgz
이희수소아청소년과의원,의원,서울,중랑구,중화동,"서울특별시 중랑구 중랑역로 90, 3층 (중화동, 대원메디칼빌딩)",02-492-0577,http://www.rhsped.co.kr,37116,1,0,127.0780077,37.601401099999997,JDQ4MTg4MSM1MSMkMiMkMCMkMDAkNTgxOTYxIzUxIyQxIyQxIyQ3MiQzNjE4MzIjNjEjJDEjJDAjJDgz
참사랑의원,의원,서울,중랑구,묵동,"서울특별시 중랑구 동일로 920, 묵동 4층 (묵동)",02-973-7542,http://www.charmsarang.co.kr/,37372,1,0,127.077595,37.612606599999999,JDQ4MTg4MSM1MSMkMiMkNCMkMDAkMzgxNzAyIzIxIyQxIyQ1IyQ4OSQyNjEyMjIjNTEjJDEjJDYjJDgz
