등급,요양기관명,시도,시군구,전화,홈페이지,후크,문의폼,카카오채널,방침페이지,HTTP,점검일
1,일산이지함피부과의원,경기,고양일산서구,031-916-5300,http://www.ljh.co.kr/sub01_05_06_02.php,홈페이지 HTTP 400 오류 — 검색 유입이 오류 화면,0,,,400,2026-08-06
1,조은피부과의원,경기,과천시,02-503-3118,http://www.joeunskin.co.kr/,홈페이지 HTTP 522 오류 — 검색 유입이 오류 화면,0,,,522,2026-08-06
1,미소가인피부과의원,경기,김포시,031-989-5071,http://www.misogain.co.kr/intro/kimpo/map.jsp,홈페이지 HTTP 404 오류 — 검색 유입이 오류 화면,0,,,404,2026-08-06
1,다산우리내과의원,경기,남양주시,031-555-2119,https://www.dasanwoori.com/,SSL 오류(ERR_CERT_COMMON_NAME_INVALID) — 사이트 진입 차단,,,,,2026-08-06
1,우리들가정의원,경기,부천원미구,032-342-0147,http://www.our-clinic.co.kr/,홈페이지 HTTP 404 오류 — 검색 유입이 오류 화면,0,,,404,2026-08-06
1,참사랑 의료소비자생활협동조합 참사랑의원,경기,부천원미구,032-329-4475,http://www.gangnam-top.com/,홈페이지 HTTP 403 오류 — 검색 유입이 오류 화면,0,,,403,2026-08-06
1,길맨비뇨기과의원,경기,성남분당구,783-8880,http://www.gilman.co.kr/sub/sub_list_05.php,홈페이지 HTTP 404 오류 — 검색 유입이 오류 화면,0,,,404,2026-08-06
1,닥터지피부과의원,경기,성남분당구,031-705-4476,http://bd.yeinskin.com/,홈페이지 HTTP 403 오류 — 검색 유입이 오류 화면,0,,,403,2026-08-06
1,구광모항외과의원,경기,수원팔달구,031-207-2111,http://www.sghang.com/index.asp,홈페이지 HTTP 404 오류 — 검색 유입이 오류 화면,0,,,404,2026-08-06
1,연세비뇨기과의원,경기,시흥시,031-313-0111,http://yonseiuro.co.kr/,홈페이지 HTTP 403 오류 — 검색 유입이 오류 화면,0,,,403,2026-08-06
1,하이맨비뇨기과의원,경기,안산단원구,031-410-7540,http://www.highman.co.kr/html/01_highman/highman_03.php?ppc=POS004,홈페이지 HTTP 404 오류 — 검색 유입이 오류 화면,0,,,404,2026-08-06
1,안양피부과의원,경기,안양만안구,031-388-2561,http://www.anyangskin.co.kr/,홈페이지 HTTP 403 오류 — 검색 유입이 오류 화면,0,,,403,2026-08-06
1,에스앤비의원,경기,안양만안구,031-465-7277,http://www.chandbeauty.com/index.asp,홈페이지 HTTP 404 오류 — 검색 유입이 오류 화면,0,,,404,2026-08-06
1,서울내과의원,경기,용인처인구,031-333-2237,http://seoulim.kr/,홈페이지 HTTP 403 오류 — 검색 유입이 오류 화면,0,,,403,2026-08-06
1,서울외과의원,경기,이천시,633-1122,http://www.seoulop.kr/,SSL 인증서 만료 — 사이트 진입 차단,,,,,2026-08-06
1,오늘도365의원,경기,파주시,1800-1197,http://www.ohneuldo.com/,홈페이지 HTTP 403 오류 — 검색 유입이 오류 화면,0,,,403,2026-08-06
1,메가비뇨의학과의원,경기,평택시,,https://megauro-pt.com/,SSL 오류(ERR_CERT_COMMON_NAME_INVALID) — 사이트 진입 차단,,,,,2026-08-06
1,제일비뇨기과의원,경기,평택시,031-657-1133,http://www.pjuro.com/main,홈페이지 HTTP 404 오류 — 검색 유입이 오류 화면,0,,,404,2026-08-06
1,중앙신경외과의원,경기,포천시,031-533-7784,http://www.nsdrlee.co.kr/,홈페이지 HTTP 404 오류 — 검색 유입이 오류 화면,0,,,404,2026-08-06
1,하나이비인후과의원,경기,화성동탄구,031-8015-0061,http://www.dthana.com/,홈페이지 HTTP 403 오류 — 검색 유입이 오류 화면,0,,,403,2026-08-06
1,김태욱외과의원,서울,강남구,02-578-9881,http://www.tpclinic.net/index.asp,홈페이지 HTTP 404 오류 — 검색 유입이 오류 화면,0,,,404,2026-08-06
1,닥터손유나의원,서울,강남구,02-3443-1117,http://yssynclinic.cafe24.com/www/index.php,홈페이지 HTTP 404 오류 — 검색 유입이 오류 화면,0,,,404,2026-08-06
1,디유성형외과의원,서울,강남구,02-562-0507,https://www.duprs.com/,홈페이지 HTTP 403 오류 — 검색 유입이 오류 화면,0,,,403,2026-08-06
1,리앤웰성형외과의원,서울,강남구,02-6228-6886,https://www.reandwell.com/,SSL 오류(ERR_CERT_REVOKED) — 사이트 진입 차단,,,,,2026-08-06
1,마이어스의원,서울,강남구,02-544-4913,http://myers.co.kr/xe/index.php,홈페이지 HTTP 404 오류 — 검색 유입이 오류 화면,1,,,404,2026-08-06
1,미파문피부과의원,서울,강남구,02-564-2065,http://mifamoon.com/moon/,홈페이지 HTTP 404 오류 — 검색 유입이 오류 화면,0,,,404,2026-08-06
1,신사멜로우피부과의원,서울,강남구,02-548-5007,https://doctormellow-ss.com/,SSL 오류(ERR_CERT_AUTHORITY_INVALID) — 사이트 진입 차단,,,,,2026-08-06
1,압구정하나내과의원,서울,강남구,02-3443-7550,https://www.agjhana.com/,SSL 오류(ERR_CERT_COMMON_NAME_INVALID) — 사이트 진입 차단,,,,,2026-08-06
1,에스앤유김방순피부과의원,서울,강남구,3444-3939,http://www.snuclinic.co.kr/,SSL 오류(ERR_CERT_COMMON_NAME_INVALID) — 사이트 진입 차단,,,,,2026-08-06
1,에프아이성형외과의원,서울,강남구,02-543-4766,http://paranps.cafe24.com/,홈페이지 HTTP 403 오류 — 검색 유입이 오류 화면,0,,,403,2026-08-06
1,예라인의원,서울,강남구,02-6951-0071,https://ylcell.com/,SSL 인증서 만료 — 사이트 진입 차단,,,,,2026-08-06
1,하늘느낌피부과의원,서울,강남구,02-511-8035,http://skyfeel.co.kr/index.asp,홈페이지 HTTP 404 오류 — 검색 유입이 오류 화면,0,,,404,2026-08-06
1,강동아이비의원,서울,강동구,02-484-7525,http://gangdongivy.kr/?page_id=2,홈페이지 HTTP 404 오류 — 검색 유입이 오류 화면,0,,,404,2026-08-06
1,기린비뇨의학과의원,서울,강동구,02-487-9200,http://www.gilman.co.kr/sub/sub_list_04.php,홈페이지 HTTP 404 오류 — 검색 유입이 오류 화면,0,,,404,2026-08-06
1,라임의원,서울,강동구,02-442-2119,https://www.gd-lime.com/,홈페이지 HTTP 404 오류 — 검색 유입이 오류 화면,0,,,404,2026-08-06
1,멜로우피부과의원,서울,강동구,02-487-8733,https://doctormellow-ch.com/,SSL 오류(ERR_CERT_AUTHORITY_INVALID) — 사이트 진입 차단,,,,,2026-08-06
1,천호이지함피부과의원,서울,강동구,02-485-9700,http://ljh.co.kr/sub01_05_07_05.php,홈페이지 HTTP 400 오류 — 검색 유입이 오류 화면,0,,,400,2026-08-06
1,킴스피부과의원,서울,강동구,02-487-7542,https://cheonho.hushuskin.com/,SSL 인증서 만료 — 사이트 진입 차단,,,,,2026-08-06
1,미래소아청소년과의원,서울,강북구,02-987-7015,http://ansoa.mdrline.net/Module/DoctorInfo/DoctorInfo.asp,홈페이지 HTTP 404 오류 — 검색 유입이 오류 화면,0,,,404,2026-08-06
1,김현영산부인과의원,서울,강서구,02-2699-5225,http://dryoung.or.kr/,홈페이지 HTTP 403 오류 — 검색 유입이 오류 화면,0,,,403,2026-08-06
1,셀앤케이의원,서울,강서구,,https://www.cellnk.com/,SSL 오류(ERR_CERT_COMMON_NAME_INVALID) — 사이트 진입 차단,,,,,2026-08-06
1,오라클피부과의원(화곡점),서울,강서구,02-2605-1175,http://www.skinland.com/sub10/_areaInfo.php?area=%EC%84%9C%EC%9A%B8%20%ED%99%94%EA%B3%A1%EC%A0%90,홈페이지 HTTP 404 오류 — 검색 유입이 오류 화면,0,,,404,2026-08-06
1,삼성드림안과의원,서울,구로구,02-855-8301,http://www.dreameye.co.kr/,홈페이지 HTTP 503 오류 — 검색 유입이 오류 화면,0,,,503,2026-08-06
1,성재의원,서울,구로구,02-2625-7533,http://sjclinic.com/,홈페이지 HTTP 404 오류 — 검색 유입이 오류 화면,0,,,404,2026-08-06
1,연세닥터스내과의원,서울,금천구,02-862-8300,http://simonch1.drline.net/index.asp,홈페이지 HTTP 404 오류 — 검색 유입이 오류 화면,0,,,404,2026-08-06
1,강북이지함피부과의원,서울,노원구,939-4700,http://www.ljh.co.kr/index.php,홈페이지 HTTP 400 오류 — 검색 유입이 오류 화면,0,,,400,2026-08-06
1,성모예스내과의원,서울,동대문구,02-6949-0030,https://www.smyesclinic.com/,SSL 오류(ERR_CERT_COMMON_NAME_INVALID) — 사이트 진입 차단,,,,,2026-08-06
1,김앤방여성의원,서울,동작구,02-815-5331,http://kimandbang.com/,홈페이지 HTTP 403 오류 — 검색 유입이 오류 화면,0,,,403,2026-08-06
1,에코이비인후과의원,서울,동작구,02-814-8899,http://www.eco-clinic.com/,홈페이지 HTTP 404 오류 — 검색 유입이 오류 화면,0,,,404,2026-08-06
1,합정제이엠가정의학과의원,서울,마포구,02-2138-1174,https://www.scjm.co.kr/hapjeong/,SSL 인증서 만료 — 사이트 진입 차단,,,,,2026-08-06
1,라온비뇨의학과의원,서울,서대문구,02-365-5671,https://www.raonuro.co.kr/,SSL 오류(ERR_CERT_AUTHORITY_INVALID) — 사이트 진입 차단,,,,,2026-08-06
1,마이라인성형외과의원,서울,서초구,,https://mylineps.com/,SSL 오류(ERR_CERT_COMMON_NAME_INVALID) — 사이트 진입 차단,,,,,2026-08-06
1,미소가인피부과의원,서울,서초구,586-5100,http://www.misogain.co.kr/intro/bangbae/map.jsp,홈페이지 HTTP 404 오류 — 검색 유입이 오류 화면,0,,,404,2026-08-06
1,신세계안피부과의원,서울,서초구,02-2138-0263,https://www.dranbeauty.com/,SSL 오류(ERR_CERT_COMMON_NAME_INVALID) — 사이트 진입 차단,,,,,2026-08-06
1,연세가정의학과의원,서울,서초구,02-3463-7114,http://www.mydr1234.co.kr/,홈페이지 HTTP 404 오류 — 검색 유입이 오류 화면,0,,,404,2026-08-06
1,워나성형외과의원,서울,서초구,02-533-8001,http://www.wannaps.co.kr/,홈페이지 HTTP 403 오류 — 검색 유입이 오류 화면,0,,,403,2026-08-06
1,유영호피부과의원,서울,서초구,02-518-8021,http://www.scalingskin.co.kr/main.asp,홈페이지 HTTP 404 오류 — 검색 유입이 오류 화면,0,,,404,2026-08-06
1,아이브랩의원,서울,성동구,070-4755-9779,https://ivelab.kr/,SSL 오류(ERR_CERT_COMMON_NAME_INVALID) — 사이트 진입 차단,,,,,2026-08-06
1,갤러리아피부과의원,서울,성북구,02-941-2313,https://galleriaskinsb.com/,SSL 오류(ERR_CERT_COMMON_NAME_INVALID) — 사이트 진입 차단,,,,,2026-08-06
1,에스메디센터내과외과의원,서울,성북구,02-6925-0700,http://www.s-medicenter.com/intro.asp,홈페이지 HTTP 403 오류 — 검색 유입이 오류 화면,0,,,403,2026-08-06
1,이소진의원,서울,성북구,02-909-8877,http://www.leesojin.co.kr/index.asp,홈페이지 HTTP 404 오류 — 검색 유입이 오류 화면,0,,,404,2026-08-06
1,센스피부과의원,서울,송파구,02-414-0058,http://www.senseclinic.com/,홈페이지 HTTP 403 오류 — 검색 유입이 오류 화면,0,,,403,2026-08-06
1,엠버여성의원,서울,송파구,02-422-0333,http://www.yeonclinic.com/,홈페이지 HTTP 404 오류 — 검색 유입이 오류 화면,0,,,404,2026-08-06
1,유비아여성의원,서울,송파구,02-414-9922,http://js.roeni.net/,홈페이지 HTTP 403 오류 — 검색 유입이 오류 화면,0,,,403,2026-08-06
1,이석호내과의원,서울,송파구,02-420-7582,http://www.med1004.net/,홈페이지 HTTP 403 오류 — 검색 유입이 오류 화면,0,,,403,2026-08-06
1,목동미소가인피부과의원,서울,양천구,02-2643-9900,http://www.misogain.co.kr/intro/mokdong/index.jsp,홈페이지 HTTP 404 오류 — 검색 유입이 오류 화면,0,,,404,2026-08-06
1,목동서울정형외과의원,서울,양천구,02-6095-1234,https://xn--vb0b43kq8fz6g97g7kan5fh18b.com/,SSL 오류(ERR_SSL_PROTOCOL_ERROR) — 사이트 진입 차단,,,,,2026-08-06
1,WE(더블유이)의원,서울,영등포구,02-518-0045,http://www.we-clinic.co.kr/,홈페이지 HTTP 403 오류 — 검색 유입이 오류 화면,0,,,403,2026-08-06
1,언제든내과의원,서울,영등포구,02-6951-2777,https://xn--vb0bn4este14vdibkxad3b.com/,SSL 오류(ERR_CERT_COMMON_NAME_INVALID) — 사이트 진입 차단,,,,,2026-08-06
1,양전호내과의원,서울,은평구,02-385-2600,http://jeonh9.wix.com/livernet,홈페이지 HTTP 404 오류 — 검색 유입이 오류 화면,0,,,404,2026-08-06
1,늘푸른비뇨기과의원,서울,종로구,02-2272-5588,http://www.egclinic.co.kr/new_main/main.asp,홈페이지 HTTP 404 오류 — 검색 유입이 오류 화면,0,,,404,2026-08-06
1,더클리어의원,서울,종로구,734-8875,http://www.jnd7.com/index.php?control=html&mg=sub01&p_id=010206_2&sca=%EB%B0%98%ED%8F%AC%EC%A0%90,홈페이지 HTTP 404 오류 — 검색 유입이 오류 화면,0,,,404,2026-08-06
1,더이다의원,서울,중구,02-533-6695,https://www.idaclinic.io/,홈페이지 HTTP 404 오류 — 검색 유입이 오류 화면,0,,,404,2026-08-06
1,에비아의원,서울,중구,02-776-7779,https://eviaclinic.com/,홈페이지 HTTP 403 오류 — 검색 유입이 오류 화면,0,,,403,2026-08-06
1,제이디의원,서울,중구,02-6677-8660,http://www.truebeauty.co.kr/index.asp,홈페이지 HTTP 404 오류 — 검색 유입이 오류 화면,0,,,404,2026-08-06
1,성모마음정신건강의학과의원,서울,중랑구,02-972-4300,http://www.sungmom.com/,홈페이지 HTTP 403 오류 — 검색 유입이 오류 화면,0,,,403,2026-08-06
2,임내과의원,경기,가평군,031-581-0675,http://www.drimh.com/,HTTPS 미설정(http로만 접속) / viewport 없음 — 모바일 미대응,0,,http://www.drimh.com/notice/notice_v.asp?srno=1862421,200,2026-08-06
2,드림정형외과의원,경기,고양덕양구,964-0594,https://blog.naver.com/osnara20,tel: 링크 없음 — 휴대폰에서 전화 연결 안 됨 / viewport 없음 — 모바일 미대응 / 개인정보처리방침 없음,0,,,200,2026-08-06
2,라인의원,경기,고양덕양구,031-974-9700,http://linebeauty.kr/xe/index.php,HTTPS 미설정(http로만 접속) / tel: 링크 없음 — 휴대폰에서 전화 연결 안 됨 / viewport 없음 — 모바일 미대응,0,O,http://linebeauty.kr/xe/protection,200,2026-08-06
2,스타필의원,경기,고양덕양구,031-965-2255,http://www.starfeel.kr/,HTTPS 미설정(http로만 접속) / tel: 링크 없음 — 휴대폰에서 전화 연결 안 됨 / 개인정보처리방침 없음,1,,,200,2026-08-06
2,하얀나라피부과의원,경기,고양덕양구,031-972-4333,http://www.white365.co.kr/,HTTPS 미설정(http로만 접속) / 개인정보처리방침 없음,1,,,200,2026-08-06
2,강의원,경기,고양일산동구,031-919-2568,http://www.drkang4u.com/,HTTPS 미설정(http로만 접속) / 개인정보처리방침 없음 / 푸터 카피라이트 2019 — 방치 인상,1,O,,200,2026-08-06
2,김영숙피부과의원,경기,고양일산동구,031-901-3133,http://www.skinkim.net/,HTTPS 미설정(http로만 접속) / 모바일 가로스크롤 발생 / 푸터 카피라이트 2022 — 방치 인상,0,,"javascript:SITE.openModalMenu('m20220617db84c7e1c1205', 'm202206177048d4efd0e19');",200,2026-08-06
2,미소가인피부과의원,경기,고양일산동구,031-901-7603,http://www.misogain.co.kr/,HTTPS 미설정(http로만 접속) / tel: 링크 없음 — 휴대폰에서 전화 연결 안 됨,0,,http://www.misogain.co.kr/hq/polcy.do;jsessionid=2DEAA5C5CAC82CE6A4BFD77D29C73F74?useStplatId=P,200,2026-08-06
2,산타클로스의원,경기,고양일산동구,031-905-7591,http://www.santaskin.co.kr/,tel: 링크 없음 — 휴대폰에서 전화 연결 안 됨 / 모바일 가로스크롤 발생,0,O,https://www.santaskin.co.kr/bbs/content.php?co_id=privacy,200,2026-08-06
2,일산고운세상피부과의원,경기,고양일산동구,031-932-8275,http://www.beautyforever.co.kr/,tel: 링크 없음 — 휴대폰에서 전화 연결 안 됨,3,,https://www.beautyforever.co.kr/etc/privacy.php,200,2026-08-06
2,일산탑내과의원,경기,고양일산동구,031-905-7575,http://ilsantop.com/,HTTPS 미설정(http로만 접속) / tel: 링크 없음 — 휴대폰에서 전화 연결 안 됨 / viewport 없음 — 모바일 미대응 / 개인정보처리방침 없음,0,O,,200,2026-08-06
2,김혜숙산부인과의원,경기,고양일산서구,031-915-9243,http://www.ladydoctor.kr/,HTTPS 미설정(http로만 접속) / 개인정보처리방침 없음 / 푸터 카피라이트 2018 — 방치 인상,0,O,,200,2026-08-06
2,레이퀸의원,경기,고양일산서구,031-918-1234,http://www.laqueen.co.kr/,tel: 링크 없음 — 휴대폰에서 전화 연결 안 됨 / viewport 없음 — 모바일 미대응 / 개인정보처리방침 없음,0,,,200,2026-08-06
2,민트소아청소년과의원,경기,고양일산서구,916-1190,http://blog.naver.com/mintclinic,tel: 링크 없음 — 휴대폰에서 전화 연결 안 됨 / viewport 없음 — 모바일 미대응 / 개인정보처리방침 없음,0,,,200,2026-08-06
2,박세호여성외과의원,경기,고양일산서구,031-911-1135,http://www.yspsh.co.kr/,HTTPS 미설정(http로만 접속) / tel: 링크 없음 — 휴대폰에서 전화 연결 안 됨 / viewport 없음 — 모바일 미대응,0,,javascript:;,200,2026-08-06
2,순정성형외과의원,경기,고양일산서구,031-913-0075,http://www.soonjeong.com/,HTTPS 미설정(http로만 접속) / tel: 링크 없음 — 휴대폰에서 전화 연결 안 됨 / viewport 없음 — 모바일 미대응 / 개인정보처리방침 없음,0,,,200,2026-08-06
2,예지안의원,경기,고양일산서구,031-925-4824,http://www.yejian.co.kr/,HTTPS 미설정(http로만 접속),0,O,http://www.yejian.co.kr/shop_info/privacy.htm,200,2026-08-06
2,일산차앤박피부과의원,경기,고양일산서구,031-911-7571,http://www.cnpskin.com/,tel: 링크 없음 — 휴대폰에서 전화 연결 안 됨 / 모바일 가로스크롤 발생,2,O,https://www.cnpskin.com/pc/cnp/terms/privacy-notice.html,200,2026-08-06
2,클린업피부과의원,경기,고양일산서구,031-921-1877,http://www.upskin.co.kr/,tel: 링크 없음 — 휴대폰에서 전화 연결 안 됨 / 모바일 가로스크롤 발생 / 개인정보처리방침 없음 / 푸터 카피라이트 2020 — 방치 인상,12,,,200,2026-08-06
2,하나정형외과의원,경기,고양일산서구,031-918-5252,http://www.ilsanhana.com/,tel: 링크 없음 — 휴대폰에서 전화 연결 안 됨 / 개인정보처리방침 없음,0,O,,200,2026-08-06
2,하얀나라김피부과의원,경기,고양일산서구,031-917-7588,http://www.laser2u.com/,HTTPS 미설정(http로만 접속) / 개인정보처리방침 없음,1,,,200,2026-08-06
2,한사랑피부과의원,경기,고양일산서구,031-918-3290,http://www.pibucenter.co.kr/,HTTPS 미설정(http로만 접속) / tel: 링크 없음 — 휴대폰에서 전화 연결 안 됨 / viewport 없음 — 모바일 미대응,1,,http://www.pibucenter.co.kr/notice/notice_v.asp?srno=1862421,200,2026-08-06
2,닥터클로버의원,경기,과천시,02-3679-4698,https://drcloverclinic.com/,tel: 링크 없음 — 휴대폰에서 전화 연결 안 됨,0,O,https://drcloverclinic.com/?mode=privacy,200,2026-08-06
2,유앤아이의원,경기,과천시,02-6954-7233,https://www.gcuni114.co.kr/staff/,tel: 링크 없음 — 휴대폰에서 전화 연결 안 됨 / 모바일 가로스크롤 발생,0,O,https://www.gcuni114.co.kr/info/,200,2026-08-06
2,강경민정형외과의원,경기,광명시,02-2616-2119,http://www.kangclinic.co.kr/,HTTPS 미설정(http로만 접속) / tel: 링크 없음 — 휴대폰에서 전화 연결 안 됨 / viewport 없음 — 모바일 미대응,0,,http://www.kangclinic.co.kr/etc/privacy.html,200,2026-08-06
2,광명속편한내과의원,경기,광명시,02-2060-1088,http://www.sok88.kr/,HTTPS 미설정(http로만 접속) / tel: 링크 없음 — 휴대폰에서 전화 연결 안 됨 / viewport 없음 — 모바일 미대응,0,,javascript:;,200,2026-08-06
2,노블클래식의원,경기,광명시,898-7582,http://www.nobleclassic.com/,tel: 링크 없음 — 휴대폰에서 전화 연결 안 됨 / 모바일 가로스크롤 발생,0,,https://nobleclassic.com/?privacy=terms&tabIdx=0,200,2026-08-06
2,미소가인 피부과의원,경기,광명시,2613-9600,http://blog.naver.com/dr_misogain,tel: 링크 없음 — 휴대폰에서 전화 연결 안 됨 / viewport 없음 — 모바일 미대응 / 개인정보처리방침 없음,0,,,200,2026-08-06
2,미엘피부과의원,경기,광명시,897-0100,http://www.mielskin.co.kr/,HTTPS 미설정(http로만 접속) / tel: 링크 없음 — 휴대폰에서 전화 연결 안 됨 / 모바일 가로스크롤 발생,0,O,javascript:privacy();,200,2026-08-06
2,별이비인후과의원,경기,광명시,02-898-3651,http://www.star1004.net/,HTTPS 미설정(http로만 접속) / tel: 링크 없음 — 휴대폰에서 전화 연결 안 됨,1,,http://www.star1004.net/?mode=privacy,200,2026-08-06
2,삼성닥터스원비뇨기과의원,경기,광명시,2682-5555,http://www.samsungdoctors.com/,HTTPS 미설정(http로만 접속) / 모바일 가로스크롤 발생,1,,http://www.samsungdoctors.com/#,200,2026-08-06
2,새하얀 피부과의원,경기,광명시,02-2684-2552,http://www.whitskin.com/index.php,HTTPS 미설정(http로만 접속) / tel: 링크 없음 — 휴대폰에서 전화 연결 안 됨 / 모바일 가로스크롤 발생,1,,http://www.whitskin.com/2021/member/member01.php,200,2026-08-06
2,서울연합내과의원,경기,광명시,02-2615-8100,http://symedical.kr/,HTTPS 미설정(http로만 접속) / tel: 링크 없음 — 휴대폰에서 전화 연결 안 됨 / viewport 없음 — 모바일 미대응 / 개인정보처리방침 없음,1,,,200,2026-08-06
2,애플산부인과의원,경기,광명시,02-6746-1000,https://applewoman.co.kr/gc/place/place.php,개인정보처리방침 없음 / 푸터 카피라이트 2020 — 방치 인상,0,O,,200,2026-08-06
2,연세항외과의원,경기,광명시,02-807-2345,http://www.yshemo.co.kr/,HTTPS 미설정(http로만 접속) / tel: 링크 없음 — 휴대폰에서 전화 연결 안 됨 / viewport 없음 — 모바일 미대응 / 개인정보처리방침 없음,0,,,200,2026-08-06
2,윤정형외과의원,경기,광명시,02-2683-6500,http://www.younos.kr/,HTTPS 미설정(http로만 접속) / tel: 링크 없음 — 휴대폰에서 전화 연결 안 됨 / 모바일 가로스크롤 발생,0,,javascript:OpenMemberPrivate();,200,2026-08-06
2,차피부과의원,경기,광명시,02-2681-4441,http://www.skinok.co.kr/,HTTPS 미설정(http로만 접속) / tel: 링크 없음 — 휴대폰에서 전화 연결 안 됨 / viewport 없음 — 모바일 미대응 / 개인정보처리방침 없음,0,,,200,2026-08-06
2,코코이비인후과의원,경기,광명시,02-2611-0790,http://www.cocoent.com/,HTTPS 미설정(http로만 접속) / tel: 링크 없음 — 휴대폰에서 전화 연결 안 됨 / viewport 없음 — 모바일 미대응,2,,http://www.cocoent.com/notice/notice_v.asp?srno=1862421,200,2026-08-06
2,광주제일내과의원,경기,광주시,031-763-2601,http://www.e-gooddoc.com/,HTTPS 미설정(http로만 접속) / tel: 링크 없음 — 휴대폰에서 전화 연결 안 됨 / viewport 없음 — 모바일 미대응,0,,javascript:;,200,2026-08-06
2,삼성맑은비뇨기과의원,경기,광주시,031-766-0360,http://spure-clinic.com/,HTTPS 미설정(http로만 접속),0,O,http://spure-clinic.com/?mode=privacy,200,2026-08-06
2,오포세란의원,경기,광주시,031-767-8275,http://www.opo1.com/,HTTPS 미설정(http로만 접속) / tel: 링크 없음 — 휴대폰에서 전화 연결 안 됨 / viewport 없음 — 모바일 미대응,0,,javascript:;,200,2026-08-06
2,유앤아이의원,경기,광주시,031-797-6020,https://www.ggjuni114.co.kr/,모바일 가로스크롤 발생,0,O,https://www.ggjuni114.co.kr/info/,200,2026-08-06
2,이영창내과의원,경기,광주시,031-761-0525,http://www.lycclinic.co.kr/,HTTPS 미설정(http로만 접속) / tel: 링크 없음 — 휴대폰에서 전화 연결 안 됨 / viewport 없음 — 모바일 미대응,0,,javascript:;,200,2026-08-06
2,루이피부과의원,경기,구리시,031-553-7522,http://www.louiskin.com/,HTTPS 미설정(http로만 접속) / tel: 링크 없음 — 휴대폰에서 전화 연결 안 됨 / 모바일 가로스크롤 발생 / 개인정보처리방침 없음,0,,,200,2026-08-06
2,백외과의원,경기,구리시,031-555-8920,http://www.baekhospital.com/,HTTPS 미설정(http로만 접속) / tel: 링크 없음 — 휴대폰에서 전화 연결 안 됨 / viewport 없음 — 모바일 미대응 / 개인정보처리방침 없음,2,,,200,2026-08-06
2,에스필의원,경기,구리시,514-7700,http://www.s-feelclinic.co.kr/,HTTPS 미설정(http로만 접속) / 모바일 가로스크롤 발생,0,O,http://www.s-feelclinic.co.kr/?mode=privacy,200,2026-08-06
2,이기쁨내과의원,경기,구리시,031-566-7533,http://www.joymedi.com/,HTTPS 미설정(http로만 접속) / tel: 링크 없음 — 휴대폰에서 전화 연결 안 됨 / viewport 없음 — 모바일 미대응 / 개인정보처리방침 없음,0,,,,2026-08-06
2,조형도내과의원,경기,구리시,031-565-9053,http://www.chdkidney.co.kr/index.asp,HTTPS 미설정(http로만 접속) / tel: 링크 없음 — 휴대폰에서 전화 연결 안 됨 / viewport 없음 — 모바일 미대응,0,,http://www.chdkidney.co.kr/notice/notice_v.asp?srno=1862421,200,2026-08-06
2,건강드림내과영상의학과의원,경기,군포시,031-340-7897,http://www.healthdream75.com/,HTTPS 미설정(http로만 접속) / 모바일 가로스크롤 발생,1,,http://www.healthdream75.com/#,200,2026-08-06
2,두리이비인후과의원,경기,군포시,031-397-7577,http://www.cjdoori.com/,tel: 링크 없음 — 휴대폰에서 전화 연결 안 됨 / viewport 없음 — 모바일 미대응 / 개인정보처리방침 없음,0,,,200,2026-08-06
2,산본맑은신경과의원,경기,군포시,031-396-3323,https://sbclearneuro.imweb.me/,개인정보처리방침 없음,0,,,200,2026-08-06
2,산본외과의원,경기,군포시,031-397-8130,http://www.sanbons.co.kr/,HTTPS 미설정(http로만 접속) / tel: 링크 없음 — 휴대폰에서 전화 연결 안 됨 / viewport 없음 — 모바일 미대응,0,,http://www.sanbons.co.kr/etc/privacy.php,200,2026-08-06
2,아름다운피부과의원,경기,군포시,031-395-7600,http://www.areumskin.com/,HTTPS 미설정(http로만 접속) / tel: 링크 없음 — 휴대폰에서 전화 연결 안 됨 / viewport 없음 — 모바일 미대응 / 개인정보처리방침 없음,0,,,200,2026-08-06
2,예지미의원,경기,군포시,031-395-2300,http://blog.naver.com/sanbonyjm,tel: 링크 없음 — 휴대폰에서 전화 연결 안 됨 / viewport 없음 — 모바일 미대응 / 개인정보처리방침 없음,0,,,200,2026-08-06
2,오라클피부과의원,경기,군포시,031-398-1931,http://www.dfskin.co.kr/,HTTPS 미설정(http로만 접속) / 모바일 가로스크롤 발생,0,O,http://www.dfskin.co.kr/shop_info/privacy.htm,200,2026-08-06
2,김포해밝은의원,경기,김포시,031-981-0672,http://www.urosun.co.kr/,HTTPS 미설정(http로만 접속) / tel: 링크 없음 — 휴대폰에서 전화 연결 안 됨 / viewport 없음 — 모바일 미대응 / 개인정보처리방침 없음,0,,,200,2026-08-06
2,봄소아청소년과의원,경기,김포시,031-987-7502,http://www.bomped.com/,HTTPS 미설정(http로만 접속) / tel: 링크 없음 — 휴대폰에서 전화 연결 안 됨 / viewport 없음 — 모바일 미대응,0,,javascript:OpenMemberPrivate();,200,2026-08-06
2,블리비의원,경기,김포시,1833-7886,http://www.velyb.kr/,tel: 링크 없음 — 휴대폰에서 전화 연결 안 됨 / 모바일 가로스크롤 발생 / 푸터 카피라이트 2018 — 방치 인상,2,,https://www.velyb.kr/member/privacy.php,200,2026-08-06
2,삼성산부인과의원,경기,김포시,031-997-3575,http://www.petiteclinic.com/,HTTPS 미설정(http로만 접속) / tel: 링크 없음 — 휴대폰에서 전화 연결 안 됨 / viewport 없음 — 모바일 미대응 / 개인정보처리방침 없음,0,,,200,2026-08-06
2,월드베스트의원,경기,김포시,031-981-7599,http://www.ldsm.co.kr/,HTTPS 미설정(http로만 접속) / tel: 링크 없음 — 휴대폰에서 전화 연결 안 됨 / 모바일 가로스크롤 발생 / 개인정보처리방침 없음,0,O,,200,2026-08-06
2,해날피부과의원,경기,김포시,031-986-2475,http://www.hnskin.co.kr/,HTTPS 미설정(http로만 접속) / tel: 링크 없음 — 휴대폰에서 전화 연결 안 됨 / 개인정보처리방침 없음,0,,,200,2026-08-06
2,권오윤내과의원,경기,남양주시,031-571-8745,http://www.koy570.co.kr/,HTTPS 미설정(http로만 접속) / tel: 링크 없음 — 휴대폰에서 전화 연결 안 됨 / viewport 없음 — 모바일 미대응,0,,http://www.koy570.co.kr/#,200,2026-08-06
2,다시봄날의원,경기,남양주시,031-522-5265,https://map.naver.com/p/entry/place/2018729972?placePath=/home?entry=plt&amp;from=map&amp;fromPanelNum=1&amp;add,tel: 링크 없음 — 휴대폰에서 전화 연결 안 됨 / 개인정보처리방침 없음,0,,,200,2026-08-06
2,덕소엔비의원,경기,남양주시,577-3933,http://nbcare.co.kr/,푸터 카피라이트 2016 — 방치 인상,0,,https://nbcare.co.kr/bbs/content.php?co_id=privacy,200,2026-08-06
2,덕소탑내과의원,경기,남양주시,031-522-4713,https://dstopim.com/,개인정보처리방침 없음,0,,,200,2026-08-06
2,미앤느여성의원,경기,남양주시,031-576-2840,http://www.miennewoman.co.kr/,HTTPS 미설정(http로만 접속) / viewport 없음 — 모바일 미대응 / 푸터 카피라이트 2016 — 방치 인상,0,O,http://www.miennewoman.co.kr/bbs/register.php,200,2026-08-06
2,별내초록내과의원,경기,남양주시,557-5588,https://choroknephro.mycafe24.com/,tel: 링크 없음 — 휴대폰에서 전화 연결 안 됨 / 개인정보처리방침 없음,3,,,200,2026-08-06
2,뷰티온의원 별내점,경기,남양주시,031-529-0904,https://byeolnae.beautyon.co.kr/intro,tel: 링크 없음 — 휴대폰에서 전화 연결 안 됨,1,,https://byeolnae.beautyon.co.kr/privacy,200,2026-08-06
2,연세스타의원,경기,남양주시,031-529-6565,http://blog.naver.com/teafree,tel: 링크 없음 — 휴대폰에서 전화 연결 안 됨 / viewport 없음 — 모바일 미대응 / 개인정보처리방침 없음,0,,,200,2026-08-06
2,해성산부인과의원,경기,동두천시,031-868-0868,http://www.hsclinic.net/,tel: 링크 없음 — 휴대폰에서 전화 연결 안 됨 / viewport 없음 — 모바일 미대응 / 푸터 카피라이트 2017 — 방치 인상,4,O,https://hsclinic.net:53415/kwa-private_info,200,2026-08-06
2,미래신경과의원,경기,부천소사구,032-664-9944,http://www.healthybrain.co.kr/,tel: 링크 없음 — 휴대폰에서 전화 연결 안 됨 / 개인정보처리방침 없음,0,,,200,2026-08-06
2,연세해맑은소아청소년과의원,경기,부천소사구,032-342-5199,http://ysped.myds.me/,개인정보처리방침 없음,0,,,200,2026-08-06
2,의료법인운천의료재단메디홀스의원,경기,부천소사구,032-343-4114,http://www.medihols.co.kr/,HTTPS 미설정(http로만 접속),0,,http://www.medihols.co.kr/bbs/register.php,200,2026-08-06
2,젤나의원,경기,부천소사구,032-661-7533,http://jelna.clinics.kr/,tel: 링크 없음 — 휴대폰에서 전화 연결 안 됨 / 개인정보처리방침 없음,0,,,200,2026-08-06
2,하얀미의원,경기,부천소사구,032-342-7553,http://www.whitemi.co.kr/,HTTPS 미설정(http로만 접속) / 개인정보처리방침 없음,1,,,200,2026-08-06
2,마디성모정형외과의원,경기,부천오정구,032-715-8383,http://msos.co.kr/,HTTPS 미설정(http로만 접속) / tel: 링크 없음 — 휴대폰에서 전화 연결 안 됨 / viewport 없음 — 모바일 미대응,0,,javascript:OpenMemberPrivate();,200,2026-08-06
2,아이비의원,경기,부천오정구,032-671-4475,http://www.ibplastic.co.kr/,HTTPS 미설정(http로만 접속) / tel: 링크 없음 — 휴대폰에서 전화 연결 안 됨 / 모바일 가로스크롤 발생 / 푸터 카피라이트 2015 — 방치 인상,0,,http://www.ibplastic.co.kr/main.php?m1=member&m2=private,200,2026-08-06
2,가톨릭외과의원,경기,부천원미구,032-654-6661,http://www.catholicclinic.co.kr/,HTTPS 미설정(http로만 접속) / 개인정보처리방침 없음,0,,,200,2026-08-06
2,경인의원,경기,부천원미구,032-326-1843,http://kiss1843.com/,tel: 링크 없음 — 휴대폰에서 전화 연결 안 됨,0,,https://xn--289asev69ei3a.com/%EA%B0%9C%EC%9D%B8%EC%A0%95%EB%B3%B4%EC%B2%98%EB%A6%AC%EB%B0%A9%EC%B9%A8,200,2026-08-06
2,더성형외과의원,경기,부천원미구,032-322-5512,http://www.theps.co.kr/,HTTPS 미설정(http로만 접속) / 개인정보처리방침 없음 / 푸터 카피라이트 2018 — 방치 인상,0,O,,200,2026-08-06
2,더피부과의원,경기,부천원미구,032-324-0067,http://t-skin.co.kr/,HTTPS 미설정(http로만 접속) / tel: 링크 없음 — 휴대폰에서 전화 연결 안 됨 / viewport 없음 — 모바일 미대응 / 개인정보처리방침 없음,0,O,,200,2026-08-06
2,백피부과의원,경기,부천원미구,032-325-3535,http://skindr.co.kr/,HTTPS 미설정(http로만 접속) / tel: 링크 없음 — 휴대폰에서 전화 연결 안 됨 / viewport 없음 — 모바일 미대응 / 개인정보처리방침 없음,0,,,200,2026-08-06
2,부천아이스피부과의원,경기,부천원미구,032-323-0567,http://www.wellsclinic.co.kr/,viewport 없음 — 모바일 미대응 / 푸터 카피라이트 2020 — 방치 인상,1,O,https://www.wellsclinic.co.kr/etc/privacy.php,200,2026-08-06
2,비너스의원,경기,부천원미구,032-322-4845,http://myvenus.co.kr/,tel: 링크 없음 — 휴대폰에서 전화 연결 안 됨 / 푸터 카피라이트 2008 — 방치 인상,5,O,https://myvenus.co.kr/privacy,200,2026-08-06
2,아름다운의료생활협동조합아름다운s의원,경기,부천원미구,032-614-3344,http://www.beautyss.kr/,HTTPS 미설정(http로만 접속) / tel: 링크 없음 — 휴대폰에서 전화 연결 안 됨 / 모바일 가로스크롤 발생 / 푸터 카피라이트 2015 — 방치 인상,0,,http://www.beautyss.kr/sub00_04.php,200,2026-08-06
2,이룸피부과의원,경기,부천원미구,032-611-7700,http://irumskin.co.kr/,tel: 링크 없음 — 휴대폰에서 전화 연결 안 됨 / viewport 없음 — 모바일 미대응 / 개인정보처리방침 없음,0,,,200,2026-08-06
2,차앤박피부과의원,경기,부천원미구,032-325-7733,http://www.cnpskin.com/,tel: 링크 없음 — 휴대폰에서 전화 연결 안 됨 / 모바일 가로스크롤 발생,2,O,https://www.cnpskin.com/pc/cnp/terms/privacy-notice.html,200,2026-08-06
2,체미안의원,경기,부천원미구,032-217-4824,http://www.4824.co.kr/,HTTPS 미설정(http로만 접속) / 모바일 가로스크롤 발생 / 개인정보처리방침 없음,0,,,200,2026-08-06
2,탑비뇨기과의원,경기,부천원미구,032-324-9696,http://www.top75.co.kr/,HTTPS 미설정(http로만 접속) / tel: 링크 없음 — 휴대폰에서 전화 연결 안 됨 / 모바일 가로스크롤 발생,4,,http://www.top75.co.kr/membership/privacy.htm,200,2026-08-06
2,포엘산부인과의원,경기,부천원미구,032-345-3004,http://www.drcha.kr/,HTTPS 미설정(http로만 접속) / 모바일 가로스크롤 발생,0,O,http://www.drcha.kr/shop_info/privacy.htm,200,2026-08-06
2,하얀나라피부과의원,경기,부천원미구,032-324-5577,http://www.hanacli.co.kr/,HTTPS 미설정(http로만 접속) / 개인정보처리방침 없음,1,,,200,2026-08-06
2,21세기미금의원,경기,성남분당구,717-9111,http://www.clinic21c.com/,HTTPS 미설정(http로만 접속) / tel: 링크 없음 — 휴대폰에서 전화 연결 안 됨 / 개인정보처리방침 없음,0,,,200,2026-08-06
2,노블정형외과의원,경기,성남분당구,031-896-7575,http://www.nobleos.com/,HTTPS 미설정(http로만 접속) / 모바일 가로스크롤 발생,1,O,http://www.nobleos.com/shop_info/privacy.htm,200,2026-08-06
2,노블클래식의원,경기,성남분당구,707-7930,http://www.nobleclassic.com/,tel: 링크 없음 — 휴대폰에서 전화 연결 안 됨 / 모바일 가로스크롤 발생,0,,https://nobleclassic.com/?privacy=terms&tabIdx=0,200,2026-08-06
2,늘샤인 의원,경기,성남분당구,031-778-7889,http://alwaysshineclinic.com/,HTTPS 미설정(http로만 접속),2,O,javascript:;,200,2026-08-06
2,늘푸른산부인과의원,경기,성남분당구,031-719-1004,http://www.nulpureun.co.kr/,HTTPS 미설정(http로만 접속) / 개인정보처리방침 없음,0,,,200,2026-08-06
2,다나이비인후과의원,경기,성남분당구,719-5665,http://www.danaent.co.kr/,HTTPS 미설정(http로만 접속) / tel: 링크 없음 — 휴대폰에서 전화 연결 안 됨 / viewport 없음 — 모바일 미대응 / 개인정보처리방침 없음,0,,,200,2026-08-06
2,더나은성형외과의원,경기,성남분당구,031-000-0000,https://www.thenaps.co.kr/,tel: 링크 없음 — 휴대폰에서 전화 연결 안 됨,0,,https://www.thenaps.co.kr/?mode=privacy,200,2026-08-06
2,로즈피부과의원,경기,성남분당구,031-714-9970,http://www.roseclinic.kr/,tel: 링크 없음 — 휴대폰에서 전화 연결 안 됨,0,,https://www.roseclinic.kr/2024/content/privacy.html,200,2026-08-06
2,링클스탑의원,경기,성남분당구,031-706-0015,http://wrinklestop.co.kr/,HTTPS 미설정(http로만 접속),1,O,http://wrinklestop.co.kr/privacy.php,200,2026-08-06
2,맨유비뇨기과의원,경기,성남분당구,031-622-1313,http://blog.naver.com/manyou5855,tel: 링크 없음 — 휴대폰에서 전화 연결 안 됨 / viewport 없음 — 모바일 미대응 / 개인정보처리방침 없음,0,,,200,2026-08-06
2,메이저피부과의원,경기,성남분당구,031-705-7345,http://www.majorskin.co.kr/,tel: 링크 없음 — 휴대폰에서 전화 연결 안 됨 / viewport 없음 — 모바일 미대응 / 개인정보처리방침 없음,0,,,200,2026-08-06
2,미래이비인후과의원,경기,성남분당구,031-696-7582,http://entmirae.com/,HTTPS 미설정(http로만 접속) / tel: 링크 없음 — 휴대폰에서 전화 연결 안 됨 / viewport 없음 — 모바일 미대응 / 개인정보처리방침 없음,0,,,200,2026-08-06
2,베스탑비뇨기과의원,경기,성남분당구,031-782-4333,http://www.bestopclinic.com/,HTTPS 미설정(http로만 접속) / 모바일 가로스크롤 발생 / 푸터 카피라이트 2019 — 방치 인상,2,,http://www.bestopclinic.com/?mode=privacy,200,2026-08-06
2,분당맥스웰의원,경기,성남분당구,031-717-5824,http://bundang.maxwellhair.com/,개인정보처리방침 없음,0,,,200,2026-08-06
2,분당연세비뇨의학과의원,경기,성남분당구,031-706-8292,http://www.yselimuro.com/,HTTPS 미설정(http로만 접속) / tel: 링크 없음 — 휴대폰에서 전화 연결 안 됨 / viewport 없음 — 모바일 미대응,0,,javascript:;,200,2026-08-06
2,분당연합의원,경기,성남분당구,031-709-0848,http://lovefm.drline.net/,HTTPS 미설정(http로만 접속) / tel: 링크 없음 — 휴대폰에서 전화 연결 안 됨 / viewport 없음 — 모바일 미대응,0,,javascript:;,200,2026-08-06
2,분당예쁨주의쁨의원,경기,성남분당구,031-703-3010,https://www.ppeum10.com/new/main/main.php?,tel: 링크 없음 — 휴대폰에서 전화 연결 안 됨 / 모바일 가로스크롤 발생 / 푸터 카피라이트 2018 — 방치 인상,2,,https://www.ppeum10.com/member/privacy.php,200,2026-08-06
2,분당현피부과의원,경기,성남분당구,031-717-4770,http://www.bundanghyun.com/,HTTPS 미설정(http로만 접속) / tel: 링크 없음 — 휴대폰에서 전화 연결 안 됨 / viewport 없음 — 모바일 미대응 / 개인정보처리방침 없음,0,,,200,2026-08-06
2,비타민의원,경기,성남분당구,031-8017-0281,http://www.vitaminclinic.kr/,HTTPS 미설정(http로만 접속) / tel: 링크 없음 — 휴대폰에서 전화 연결 안 됨 / 모바일 가로스크롤 발생,1,O,http://www.vitaminclinic.kr/new2013/jmmember/rule.php,200,2026-08-06
2,삼성항외과의원,경기,성남분당구,031-714-6588,http://www.cpsc.co.kr/,HTTPS 미설정(http로만 접속) / 모바일 가로스크롤 발생,0,,http://www.cpsc.co.kr/Module/Common/PopupPrivate_001.asp,200,2026-08-06
2,서울미피부과의원,경기,성남분당구,031-706-1998,http://www.seoulmi.co.kr/,HTTPS 미설정(http로만 접속) / tel: 링크 없음 — 휴대폰에서 전화 연결 안 됨 / viewport 없음 — 모바일 미대응 / 개인정보처리방침 없음,0,,,200,2026-08-06
2,서울비뇨의학과의원,경기,성남분당구,031-607-7200,http://www.uroseoul.com/intro/clinic_04.jsp,HTTPS 미설정(http로만 접속) / tel: 링크 없음 — 휴대폰에서 전화 연결 안 됨 / 모바일 가로스크롤 발생 / 개인정보처리방침 없음,0,,,200,2026-08-06
2,심덕택피부과의원,경기,성남분당구,716-1353,http://www.goldskin.co.kr/,HTTPS 미설정(http로만 접속) / 개인정보처리방침 없음,0,,,200,2026-08-06
2,씨앤피차앤박피부과의원,경기,성남분당구,031-709-7229,http://www.cnpskin.com/,tel: 링크 없음 — 휴대폰에서 전화 연결 안 됨 / 모바일 가로스크롤 발생,2,O,https://www.cnpskin.com/pc/cnp/terms/privacy-notice.html,200,2026-08-06
2,아이로피부과의원,경기,성남분당구,031-8016-1675,http://www.airoskin.com/,HTTPS 미설정(http로만 접속) / tel: 링크 없음 — 휴대폰에서 전화 연결 안 됨 / 개인정보처리방침 없음,0,,,200,2026-08-06
2,에스앤유피부과의원,경기,성남분당구,714-0808,http://www.snuskin.com/,HTTPS 미설정(http로만 접속) / tel: 링크 없음 — 휴대폰에서 전화 연결 안 됨 / 개인정보처리방침 없음,0,,,200,2026-08-06
2,에이엔에이내과의원,경기,성남분당구,704-2121,http://www.allergycure.co.kr/,HTTPS 미설정(http로만 접속) / tel: 링크 없음 — 휴대폰에서 전화 연결 안 됨 / viewport 없음 — 모바일 미대응 / 개인정보처리방침 없음,0,,,200,2026-08-06
2,연세두리소아청소년과의원,경기,성남분당구,031-714-5775,http://www.ysdoory.com/,HTTPS 미설정(http로만 접속) / tel: 링크 없음 — 휴대폰에서 전화 연결 안 됨 / viewport 없음 — 모바일 미대응,1,,"javascript:void(window.open('personal.php','%EA%B0%9C%EC%9D%B8%EC%A0%95%EB%B3%B4%EB%B3%B4%ED%98%B8%EC%A0%95%EC%B1%85' ,' width=420,height=535 '  ))",200,2026-08-06
2,연세미피부과의원,경기,성남분당구,715-8188,http://www.miskin.co.kr/,HTTPS 미설정(http로만 접속) / tel: 링크 없음 — 휴대폰에서 전화 연결 안 됨 / 모바일 가로스크롤 발생 / 개인정보처리방침 없음,1,,,200,2026-08-06
2,오월의아침피부과의원,경기,성남분당구,031-717-5207,http://www.maymorning.kr/,HTTPS 미설정(http로만 접속),0,O,http://www.maymorning.kr/bbs/content.php?co_id=privacy,200,2026-08-06
2,이유미산부인과의원,경기,성남분당구,783-8770,http://www.ymiz.com/,HTTPS 미설정(http로만 접속) / tel: 링크 없음 — 휴대폰에서 전화 연결 안 됨 / viewport 없음 — 모바일 미대응 / 개인정보처리방침 없음,0,,,200,2026-08-06
2,정자씨앤피차앤박피부과의원,경기,성남분당구,031-715-0061,http://www.cnpskin.com/,tel: 링크 없음 — 휴대폰에서 전화 연결 안 됨 / 모바일 가로스크롤 발생,2,O,https://www.cnpskin.com/pc/cnp/terms/privacy-notice.html,200,2026-08-06
2,탑비뇨기과의원,경기,성남분당구,031-781-7575,http://www.topuro.co.kr/index.asp,HTTPS 미설정(http로만 접속) / tel: 링크 없음 — 휴대폰에서 전화 연결 안 됨 / viewport 없음 — 모바일 미대응,0,,http://www.topuro.co.kr/index.asp#,200,2026-08-06
2,파워비뇨의학과의원,경기,성남분당구,031-609-9988,https://powerurology.com/,tel: 링크 없음 — 휴대폰에서 전화 연결 안 됨,2,O,https://powerurology.com/?mode=privacy,200,2026-08-06
2,펄피부과의원,경기,성남분당구,031-703-3733,http://www.pearlclinic.co.kr/,tel: 링크 없음 — 휴대폰에서 전화 연결 안 됨 / viewport 없음 — 모바일 미대응 / 푸터 카피라이트 2015 — 방치 인상,0,,https://www.pearlclinic.co.kr/?mid=privacy&pn=30&sn=1,200,2026-08-06
2,해피닥터의원,경기,성남분당구,031-704-0008,http://www.happydoctor.co.kr/,HTTPS 미설정(http로만 접속),2,O,http://www.happydoctor.co.kr/content/privacy,200,2026-08-06
2,닥터스팟여성의원,경기,성남수정구,031-606-8879,https://xn--3j1bq21ag3kv0b.com/,tel: 링크 없음 — 휴대폰에서 전화 연결 안 됨 / 개인정보처리방침 없음,0,,,200,2026-08-06
2,닥터케이의원,경기,성남수정구,031-757-3773,http://www.bodydoctor.kr/,HTTPS 미설정(http로만 접속) / tel: 링크 없음 — 휴대폰에서 전화 연결 안 됨 / viewport 없음 — 모바일 미대응 / 개인정보처리방침 없음,0,,,200,2026-08-06
2,루미나르피부과의원,경기,성남수정구,031-755-8277,http://www.luminar.co.kr/,HTTPS 미설정(http로만 접속) / tel: 링크 없음 — 휴대폰에서 전화 연결 안 됨 / 푸터 카피라이트 2019 — 방치 인상,0,O,http://www.luminar.co.kr/html/clause/privacy_Policy.html,200,2026-08-06
2,뷰티온의원,경기,성남수정구,031-8039-7579,https://seongnam.beautyon.co.kr/,tel: 링크 없음 — 휴대폰에서 전화 연결 안 됨,1,,https://seongnam.beautyon.co.kr/privacy,200,2026-08-06
2,삼성플러스비뇨의학과의원,경기,성남수정구,031-753-6119,http://www.samsungplus.co.kr/,HTTPS 미설정(http로만 접속),1,,http://www.samsungplus.co.kr/sub/etc/privacy.php,200,2026-08-06
2,스마일내과의원,경기,성남수정구,031-757-7588,http://www.smilemd.kr/,HTTPS 미설정(http로만 접속) / tel: 링크 없음 — 휴대폰에서 전화 연결 안 됨 / viewport 없음 — 모바일 미대응 / 개인정보처리방침 없음,0,,,200,2026-08-06
2,연세피부사랑의원,경기,성남수정구,031-733-3433,http://www.bodynskin.kr/,HTTPS 미설정(http로만 접속) / tel: 링크 없음 — 휴대폰에서 전화 연결 안 됨 / viewport 없음 — 모바일 미대응,2,O,http://bodynskin.kr/bbs/content.php?co_id=privacy,200,2026-08-06
2,위드본의원,경기,성남수정구,031-754-8275,https://blog.naver.com/with365doc,tel: 링크 없음 — 휴대폰에서 전화 연결 안 됨 / viewport 없음 — 모바일 미대응 / 개인정보처리방침 없음,0,,,200,2026-08-06
2,위례센텀내과의원,경기,성남수정구,031-723-7575,http://wecentum.co.kr/,HTTPS 미설정(http로만 접속) / tel: 링크 없음 — 휴대폰에서 전화 연결 안 됨 / viewport 없음 — 모바일 미대응 / 개인정보처리방침 없음,0,,,200,2026-08-06
2,정다운산부인과의원,경기,성남수정구,031-747-9944,http://www.jkygo.co.kr/,HTTPS 미설정(http로만 접속) / tel: 링크 없음 — 휴대폰에서 전화 연결 안 됨 / viewport 없음 — 모바일 미대응 / 푸터 카피라이트 2015 — 방치 인상,1,O,http://www.jkygo.co.kr/sub07/sub07_01.html?uid=15,200,2026-08-06
2,맑은이비인후과의원,경기,성남중원구,031-721-7535,http://cleanent.mdrline.net/,HTTPS 미설정(http로만 접속) / tel: 링크 없음 — 휴대폰에서 전화 연결 안 됨 / viewport 없음 — 모바일 미대응 / 개인정보처리방침 없음,0,,,200,2026-08-06
2,모란피부과의원,경기,성남중원구,031-757-2700,http://www.moranskin.co.kr/,HTTPS 미설정(http로만 접속) / tel: 링크 없음 — 휴대폰에서 전화 연결 안 됨 / viewport 없음 — 모바일 미대응 / 개인정보처리방침 없음,0,,,200,2026-08-06
2,본비뇨기과의원,경기,성남중원구,031-757-5759,http://www.moranuro.co.kr/index.asp,HTTPS 미설정(http로만 접속) / viewport 없음 — 모바일 미대응,0,,http://www.moranuro.co.kr/notice/notice_v.asp?srno=1862421,200,2026-08-06
2,엘에스정형외과의원,경기,성남중원구,031-740-9119,http://www.lsclinic.co.kr/,HTTPS 미설정(http로만 접속) / 모바일 가로스크롤 발생 / 푸터 카피라이트 2017 — 방치 인상,1,,http://www.lsclinic.co.kr/member/privacy.html,200,2026-08-06
2,우리희망내과의원,경기,성남중원구,031-757-1717,http://www.hopemed.net/index.asp,HTTPS 미설정(http로만 접속) / tel: 링크 없음 — 휴대폰에서 전화 연결 안 됨 / viewport 없음 — 모바일 미대응,0,,javascript:;,200,2026-08-06
2,이화미의원,경기,성남중원구,031-735-0100,http://ewhami.co.kr/,HTTPS 미설정(http로만 접속) / tel: 링크 없음 — 휴대폰에서 전화 연결 안 됨 / viewport 없음 — 모바일 미대응 / 개인정보처리방침 없음,1,,,200,2026-08-06
2,지인의원,경기,성남중원구,031-723-8555,http://jiinplasticsurgery.com/,HTTPS 미설정(http로만 접속) / tel: 링크 없음 — 휴대폰에서 전화 연결 안 됨 / viewport 없음 — 모바일 미대응,0,,http://jiinplasticsurgery.com/?act=info.privacy,200,2026-08-06
2,탑라인의원,경기,성남중원구,031-722-2204,http://www.topline21.com/,HTTPS 미설정(http로만 접속) / tel: 링크 없음 — 휴대폰에서 전화 연결 안 됨 / viewport 없음 — 모바일 미대응 / 푸터 카피라이트 2019 — 방치 인상,0,O,http://www.topline21.com/new2019/member/join.php,200,2026-08-06
2,닥터셀의원,경기,수원권선구,031-222-5211,http://www.cellclinic.net/,HTTPS 미설정(http로만 접속),1,,http://www.cellclinic.net/?mode=privacy,200,2026-08-06
2,방수관내과의원,경기,수원권선구,031-226-1441,http://www.bangsk.co.kr/index.asp,HTTPS 미설정(http로만 접속) / tel: 링크 없음 — 휴대폰에서 전화 연결 안 됨 / 모바일 가로스크롤 발생,0,,javascript:OpenMemberPrivate();,200,2026-08-06
2,성모수소아청소년과의원,경기,수원권선구,031-294-7502,http://www.su-medi.co.kr/,HTTPS 미설정(http로만 접속) / tel: 링크 없음 — 휴대폰에서 전화 연결 안 됨 / viewport 없음 — 모바일 미대응 / 개인정보처리방침 없음,0,,,200,2026-08-06
2,신세계외과의원,경기,수원권선구,031-271-2251,http://www.ssg-clinic.com/,HTTPS 미설정(http로만 접속),1,O,http://www.ssg-clinic.com/shop_info/privacy.htm,200,2026-08-06
2,아산탑내과의원,경기,수원권선구,031-294-5400,http://www.asantop.co.kr/,HTTPS 미설정(http로만 접속) / tel: 링크 없음 — 휴대폰에서 전화 연결 안 됨 / viewport 없음 — 모바일 미대응 / 개인정보처리방침 없음,1,,,200,2026-08-06
2,윤슬피부과의원,경기,수원권선구,031-687-8275,https://yoonseulskin.com/,tel: 링크 없음 — 휴대폰에서 전화 연결 안 됨 / viewport 없음 — 모바일 미대응,0,O,https://yoonseulskin.com/#agreement_text,200,2026-08-06
2,고은미인의원,경기,수원영통구,031-203-5575,http://www.gounmiin.co.kr/,HTTPS 미설정(http로만 접속) / tel: 링크 없음 — 휴대폰에서 전화 연결 안 됨 / viewport 없음 — 모바일 미대응 / 개인정보처리방침 없음,0,O,,200,2026-08-06
2,바이킴피부과의원,경기,수원영통구,031-215-8277,http://www.bykim.co.kr/,모바일 가로스크롤 발생,5,,https://www.bykim.co.kr/privacy,200,2026-08-06
2,베스탑비뇨기과의원,경기,수원영통구,031-213-0035,http://www.bestopclinic.com/,HTTPS 미설정(http로만 접속) / 모바일 가로스크롤 발생 / 푸터 카피라이트 2019 — 방치 인상,2,,http://www.bestopclinic.com/?mode=privacy,200,2026-08-06
2,뷰티온의원 수원망포점,경기,수원영통구,031-203-7570,https://mangpo.beautyon.co.kr/,tel: 링크 없음 — 휴대폰에서 전화 연결 안 됨,1,,https://mangpo.beautyon.co.kr/privacy,200,2026-08-06
2,서울리더스내과의원,경기,수원영통구,031-206-8808,http://www.seoulleaders.com/,개인정보처리방침 없음 / 푸터 카피라이트 2021 — 방치 인상,0,O,,200,2026-08-06
2,손앤오 의원,경기,수원영통구,031-205-0250,http://www.sohn.co.kr/,개인정보처리방침 없음,0,,,200,2026-08-06
2,유앤미피부과의원,경기,수원영통구,031-206-8275,http://www.youbeauty.co.kr/,HTTPS 미설정(http로만 접속) / viewport 없음 — 모바일 미대응,2,,http://www.youbeauty.co.kr/page/?pid=privacy,200,2026-08-06
2,365스마트의원,경기,수원장안구,031-268-7234,https://365smart.modoo.at/,tel: 링크 없음 — 휴대폰에서 전화 연결 안 됨 / 개인정보처리방침 없음,0,,,200,2026-08-06
2,JY피부과의원,경기,수원장안구,031-303-1002,http://www.jyskin.kr/,HTTPS 미설정(http로만 접속) / tel: 링크 없음 — 휴대폰에서 전화 연결 안 됨 / viewport 없음 — 모바일 미대응 / 푸터 카피라이트 2009 — 방치 인상,0,,http://www.jyskin.kr/07_community/comm1.html,200,2026-08-06
2,노블클래식의원,경기,수원장안구,031-892-8168,http://www.nobleclassic.com/,tel: 링크 없음 — 휴대폰에서 전화 연결 안 됨 / 모바일 가로스크롤 발생,0,,https://nobleclassic.com/?privacy=terms&tabIdx=0,200,2026-08-06
2,압구정코아지앤미의원,경기,수원장안구,031-255-3705,http://www.worlddoctor.co.kr/,HTTPS 미설정(http로만 접속) / tel: 링크 없음 — 휴대폰에서 전화 연결 안 됨,0,,http://www.worlddoctor.co.kr/bbs/content.php?co_id=privacy,200,2026-08-06
2,강남신경과의원,경기,수원팔달구,031-251-3111,http://kangnamclinic.kr/,HTTPS 미설정(http로만 접속) / tel: 링크 없음 — 휴대폰에서 전화 연결 안 됨 / viewport 없음 — 모바일 미대응,1,,http://kangnamclinic.kr/notice/notice_v.asp?srno=1862421&MenuNumber=4&PageNumber=1&SubPageNumber=0,200,2026-08-06
2,강한피부과의원,경기,수원팔달구,031-221-9007,http://www.kangskin.co.kr/,HTTPS 미설정(http로만 접속) / 개인정보처리방침 없음,1,O,,200,2026-08-06
2,김지훈피부과의원,경기,수원팔달구,031-222-7576,http://www.skin7576.com/,HTTPS 미설정(http로만 접속) / tel: 링크 없음 — 휴대폰에서 전화 연결 안 됨 / viewport 없음 — 모바일 미대응 / 개인정보처리방침 없음,1,,,200,2026-08-06
2,도도의원,경기,수원팔달구,031-293-7575,http://www.dodoclinic.com/,HTTPS 미설정(http로만 접속) / 모바일 가로스크롤 발생 / 개인정보처리방침 없음 / 푸터 카피라이트 2018 — 방치 인상,4,O,,200,2026-08-06
2,미앤미의원,경기,수원팔달구,031-246-1131,http://www.mipretty.co.kr/,HTTPS 미설정(http로만 접속) / viewport 없음 — 모바일 미대응,2,,http://www.mipretty.co.kr/member/peopleInfo.php,200,2026-08-06
2,스위스의원,경기,수원팔달구,031-241-1175,http://www.swissbeauty.co.kr/,HTTPS 미설정(http로만 접속) / tel: 링크 없음 — 휴대폰에서 전화 연결 안 됨 / 모바일 가로스크롤 발생 / 푸터 카피라이트 2018 — 방치 인상,3,O,https://pf.kakao.com/_TxgxmJl,200,2026-08-06
2,아주편한내과의원,경기,수원팔달구,031-258-0075,http://www.ajougood.com/,HTTPS 미설정(http로만 접속) / 개인정보처리방침 없음,0,,,200,2026-08-06
2,앤더슨비뇨기과의원,경기,수원팔달구,031-222-5055,http://www.pinkclinic.co.kr/,모바일 가로스크롤 발생,0,,https://pinkclinic.co.kr/%EA%B0%9C%EC%9D%B8%EC%A0%95%EB%B3%B4%EC%B2%98%EB%A6%AC%EB%B0%A9%EC%B9%A8,200,2026-08-06
2,우리맘소아청소년과의원,경기,수원팔달구,031-247-3421,http://www.urimam.net/,개인정보처리방침 없음,0,,,200,2026-08-06
2,차앤박피부과의원,경기,수원팔달구,031-241-3663,http://www.cnpskin.com/hos/main.php?groupid=cnpskin16,tel: 링크 없음 — 휴대폰에서 전화 연결 안 됨 / 모바일 가로스크롤 발생,1,O,https://www.cnpskin.com/pc/cnp/terms/privacy-notice.html,200,2026-08-06
2,청담스타성형외과의원,경기,수원팔달구,031-255-7080,http://www.cdstar.co.kr/,HTTPS 미설정(http로만 접속) / tel: 링크 없음 — 휴대폰에서 전화 연결 안 됨,2,,javascript:pop_private(),200,2026-08-06
2,힐하우스피부과의원,경기,수원팔달구,031-248-7730,https://www.healhouseskin.com/main.php,HTTPS 미설정(http로만 접속) / 푸터 카피라이트 2022 — 방치 인상,0,O,javascript:modalView('privacy');,200,2026-08-06
2,굿모닝미항외과의원,경기,시흥시,031-505-7272,http://www.goodmihang.com/,HTTPS 미설정(http로만 접속) / 개인정보처리방침 없음 / 푸터 카피라이트 2022 — 방치 인상,0,,,200,2026-08-06
2,김준범성형외과의원,경기,시흥시,031-488-9100,http://www.facebeauty.co.kr/,HTTPS 미설정(http로만 접속) / tel: 링크 없음 — 휴대폰에서 전화 연결 안 됨 / 모바일 가로스크롤 발생 / 푸터 카피라이트 2015 — 방치 인상,2,,http://www.facebeauty.co.kr/memberjoins/personInfoPolicy,200,2026-08-06
2,미소의원,경기,시흥시,031-314-7585,http://www.sheasymedical.co.kr/,HTTPS 미설정(http로만 접속) / tel: 링크 없음 — 휴대폰에서 전화 연결 안 됨 / viewport 없음 — 모바일 미대응,0,O,http://www.sheasymedical.co.kr/notice/notice_v.asp?srno=1862421&MenuNumber=5&PageNumber=1&SubPageNumber=0,200,2026-08-06
2,서울뷰의원,경기,시흥시,031-8042-2121,https://seoulviewbg.modoo.at/,tel: 링크 없음 — 휴대폰에서 전화 연결 안 됨 / 개인정보처리방침 없음,0,,,200,2026-08-06
2,조은내과의원,경기,시흥시,031-434-9700,http://www.goodmedical.net/index.asp,HTTPS 미설정(http로만 접속) / tel: 링크 없음 — 휴대폰에서 전화 연결 안 됨 / viewport 없음 — 모바일 미대응,1,,http://www.goodmedical.net/notice/notice_v.asp?srno=1862421,200,2026-08-06
2,피오라의원,경기,시흥시,031-317-3117,https://fioraclinic.kr/,tel: 링크 없음 — 휴대폰에서 전화 연결 안 됨 / 개인정보처리방침 없음,0,O,,200,2026-08-06
2,메이퀸이지은산부인과의원,경기,안산단원구,031-401-7777,http://www.ilovewoman.co.kr/,HTTPS 미설정(http로만 접속) / tel: 링크 없음 — 휴대폰에서 전화 연결 안 됨 / viewport 없음 — 모바일 미대응 / 개인정보처리방침 없음,1,,,200,2026-08-06
2,미드림의원,경기,안산단원구,031-410-5700,http://www.mi-dream.co.kr/,HTTPS 미설정(http로만 접속) / 모바일 가로스크롤 발생 / 푸터 카피라이트 2019 — 방치 인상,1,O,javascript:void(0);,200,2026-08-06
2,비에이성형외과의원,경기,안산단원구,031-485-7575,http://bclinic.co.kr/main/main.php?,HTTPS 미설정(http로만 접속) / tel: 링크 없음 — 휴대폰에서 전화 연결 안 됨 / viewport 없음 — 모바일 미대응 / 개인정보처리방침 없음,1,O,,200,2026-08-06
2,서울참피부과의원,경기,안산단원구,031-414-0075,http://charmskin.net/,HTTPS 미설정(http로만 접속) / 개인정보처리방침 없음,1,,,200,2026-08-06
2,소이엘의원,경기,안산단원구,031-402-4842,http://soiel.kr/,tel: 링크 없음 — 휴대폰에서 전화 연결 안 됨,2,O,https://soiel.kr/,200,2026-08-06
2,안산테크마의원,경기,안산단원구,031-412-2900,http://www.urotheme.com/,HTTPS 미설정(http로만 접속) / tel: 링크 없음 — 휴대폰에서 전화 연결 안 됨 / viewport 없음 — 모바일 미대응 / 개인정보처리방침 없음 / 푸터 카피라이트 2018 — 방치 인상,0,,,200,2026-08-06
2,에스미의원,경기,안산단원구,031-475-7582,http://www.smeclinic.co.kr/,HTTPS 미설정(http로만 접속) / tel: 링크 없음 — 휴대폰에서 전화 연결 안 됨 / viewport 없음 — 모바일 미대응 / 개인정보처리방침 없음,0,,,200,2026-08-06
2,연세킹의원,경기,안산단원구,031-508-0365,http://blog.naver.com/yskk508,tel: 링크 없음 — 휴대폰에서 전화 연결 안 됨 / viewport 없음 — 모바일 미대응 / 개인정보처리방침 없음,0,,,200,2026-08-06
2,예플러스이비인후과의원,경기,안산단원구,031-405-6780,http://www.yeent.com/,HTTPS 미설정(http로만 접속) / tel: 링크 없음 — 휴대폰에서 전화 연결 안 됨 / viewport 없음 — 모바일 미대응 / 개인정보처리방침 없음,1,,,200,2026-08-06
2,유앤아이의원 안산점,경기,안산단원구,031-8042-6025,https://www.asuni114.co.kr/,모바일 가로스크롤 발생,0,O,https://www.asuni114.co.kr/info/,200,2026-08-06
2,제이미의원,경기,안산단원구,031-485-2882,http://www.jamieclinic.com/,HTTPS 미설정(http로만 접속) / tel: 링크 없음 — 휴대폰에서 전화 연결 안 됨 / 모바일 가로스크롤 발생,0,,http://www.jamieclinic.com/08_member/policy.html,200,2026-08-06
2,차앤박피부과의원,경기,안산단원구,031-405-7878,http://www.cnpskin.com/,tel: 링크 없음 — 휴대폰에서 전화 연결 안 됨 / 모바일 가로스크롤 발생,2,O,https://www.cnpskin.com/pc/cnp/terms/privacy-notice.html,200,2026-08-06
2,프로포즈성형외과의원,경기,안산단원구,031-485-8275,http://propose-ps.co.kr/,HTTPS 미설정(http로만 접속) / 모바일 가로스크롤 발생,3,O,http://propose-ps.co.kr/bbs/register.php,200,2026-08-06
2,항사랑외과의원,경기,안산단원구,031-486-9975,http://www.chizil.org/,HTTPS 미설정(http로만 접속) / tel: 링크 없음 — 휴대폰에서 전화 연결 안 됨 / 개인정보처리방침 없음,0,,,200,2026-08-06
2,삼성본오의원,경기,안산상록구,031-418-0567,http://www.sbono.co.kr/,tel: 링크 없음 — 휴대폰에서 전화 연결 안 됨 / 모바일 가로스크롤 발생,1,,https://www.sbono.co.kr/bbs/content.php?co_id=privacy,200,2026-08-06
2,우리외과의원,경기,안산상록구,031-418-7114,http://urigs.com/,tel: 링크 없음 — 휴대폰에서 전화 연결 안 됨,0,,https://www.namepros.com/privacy/,200,2026-08-06
2,성모가정의원,경기,안성시,031-654-7511,http://doctorfm.co.kr/index.asp,HTTPS 미설정(http로만 접속) / tel: 링크 없음 — 휴대폰에서 전화 연결 안 됨 / viewport 없음 — 모바일 미대응,0,,http://doctorfm.co.kr/notice/notice_v.asp?srno=1862421,200,2026-08-06
2,웰의원,경기,안성시,671-6400,http://blog.naver.com/mdkim5/,tel: 링크 없음 — 휴대폰에서 전화 연결 안 됨 / viewport 없음 — 모바일 미대응 / 개인정보처리방침 없음,0,,,200,2026-08-06
2,다샘의원,경기,안양동안구,031-425-1175,http://www.dsclinic.co.kr/,HTTPS 미설정(http로만 접속) / tel: 링크 없음 — 휴대폰에서 전화 연결 안 됨 / viewport 없음 — 모바일 미대응 / 개인정보처리방침 없음,0,,,200,2026-08-06
2,라마르프리미어의원,경기,안양동안구,031-387-0285,http://www.pclamar.co.kr/,HTTPS 미설정(http로만 접속),2,O,javascript:termsPop('private'),200,2026-08-06
2,라자로성모의원,경기,안양동안구,031-452-8836,http://www.lazaroclinic.com/,HTTPS 미설정(http로만 접속) / tel: 링크 없음 — 휴대폰에서 전화 연결 안 됨 / viewport 없음 — 모바일 미대응,0,,javascript:OpenMemberPrivate();,200,2026-08-06
2,리라의원,경기,안양동안구,031-360-7545,https://www.liraclinic.co.kr/,tel: 링크 없음 — 휴대폰에서 전화 연결 안 됨 / 모바일 가로스크롤 발생 / 개인정보처리방침 없음,1,O,,200,2026-08-06
2,맑은성모이비인후과의원,경기,안양동안구,031-468-8275,http://www.cleanentclinic.com/,HTTPS 미설정(http로만 접속) / tel: 링크 없음 — 휴대폰에서 전화 연결 안 됨 / viewport 없음 — 모바일 미대응,0,,javascript:OpenMemberPrivate();,200,2026-08-06
2,박가정의원,경기,안양동안구,031-423-9776,http://www.parkfmclinic.co.kr/index.asp,HTTPS 미설정(http로만 접속) / tel: 링크 없음 — 휴대폰에서 전화 연결 안 됨 / viewport 없음 — 모바일 미대응,0,,http://www.parkfmclinic.co.kr/notice/notice_v.asp?srno=1862421,200,2026-08-06
2,서울비뇨기과의원,경기,안양동안구,031-383-3100,http://www.uroseoul.com/intro/clinic_07.jsp,HTTPS 미설정(http로만 접속) / tel: 링크 없음 — 휴대폰에서 전화 연결 안 됨 / 모바일 가로스크롤 발생 / 개인정보처리방침 없음,0,,,200,2026-08-06
2,스페셜성형외과의원,경기,안양동안구,031-385-4450,http://www.specialclinic.co.kr/,tel: 링크 없음 — 휴대폰에서 전화 연결 안 됨 / 모바일 가로스크롤 발생 / 개인정보처리방침 없음 / 푸터 카피라이트 2021 — 방치 인상,11,O,,200,2026-08-06
2,아미비뇨기과의원,경기,안양동안구,031-381-5188,http://www.hoho.name/,HTTPS 미설정(http로만 접속) / tel: 링크 없음 — 휴대폰에서 전화 연결 안 됨 / viewport 없음 — 모바일 미대응 / 개인정보처리방침 없음,0,,,200,2026-08-06
2,연세이원성형외과의원,경기,안양동안구,031-476-0021,http://www.e1clinic.com/,tel: 링크 없음 — 휴대폰에서 전화 연결 안 됨 / 모바일 가로스크롤 발생,0,,https://e1clinic.com/?privacy=terms&tabIdx=0,200,2026-08-06
2,예고은피부과의원,경기,안양동안구,031-386-7582,http://www.yegoeun.com/,HTTPS 미설정(http로만 접속) / tel: 링크 없음 — 휴대폰에서 전화 연결 안 됨 / viewport 없음 — 모바일 미대응,0,,javascript:;,200,2026-08-06
2,이화미즈산부인과의원,경기,안양동안구,031-423-8575,http://www.ewhamiz.com/,개인정보처리방침 없음,0,,,200,2026-08-06
2,청담산부인과의원,경기,안양동안구,031-383-3703,http://www.echungdam.com/,HTTPS 미설정(http로만 접속) / 개인정보처리방침 없음,1,,,200,2026-08-06
2,코넬비뇨기과의원,경기,안양동안구,031-425-7080,http://www.conel.co.kr/,HTTPS 미설정(http로만 접속) / tel: 링크 없음 — 휴대폰에서 전화 연결 안 됨 / viewport 없음 — 모바일 미대응 / 개인정보처리방침 없음,0,,,200,2026-08-06
2,평촌고운세상피부과의원,경기,안양동안구,031-385-2100,http://www.beautyforever.co.kr/,tel: 링크 없음 — 휴대폰에서 전화 연결 안 됨,3,,https://www.beautyforever.co.kr/etc/privacy.php,200,2026-08-06
2,홍피부과의원,경기,안양동안구,031-382-3487,http://www.hongskin.com/,HTTPS 미설정(http로만 접속) / tel: 링크 없음 — 휴대폰에서 전화 연결 안 됨 / viewport 없음 — 모바일 미대응,0,,javascript:;,200,2026-08-06
2,손내과의원,경기,안양만안구,031-446-2288,http://www.drson.co.kr/,HTTPS 미설정(http로만 접속) / tel: 링크 없음 — 휴대폰에서 전화 연결 안 됨 / viewport 없음 — 모바일 미대응 / 개인정보처리방침 없음,1,,,200,2026-08-06
2,연세신통외과의원,경기,안양만안구,031-444-8275,http://www.shintong.com/,HTTPS 미설정(http로만 접속) / 개인정보처리방침 없음,1,O,,200,2026-08-06
2,웰비뇨기과의원,경기,안양만안구,031-463-5005,http://www.stone75.com/,HTTPS 미설정(http로만 접속) / tel: 링크 없음 — 휴대폰에서 전화 연결 안 됨 / viewport 없음 — 모바일 미대응,0,,http://www.stone75.com/#,200,2026-08-06
2,해소아청소년과피부과의원,경기,안양만안구,031-442-1177,https://sundr.modoo.at/,tel: 링크 없음 — 휴대폰에서 전화 연결 안 됨 / 개인정보처리방침 없음,0,,,200,2026-08-06
2,베리미의원,경기,양주시,031-864-7582,https://yangju.veryme.co.kr/,tel: 링크 없음 — 휴대폰에서 전화 연결 안 됨,1,,https://yangju.veryme.co.kr/privacy,200,2026-08-06
2,뷰티온피부과의원 양주옥정점,경기,양주시,031-861-4447,https://yangju.beautyon.co.kr/,tel: 링크 없음 — 휴대폰에서 전화 연결 안 됨,1,,https://yangju.beautyon.co.kr/privacy,200,2026-08-06
2,성모의원,경기,양주시,031-863-2098,http://sung-moclinic.co.kr/,HTTPS 미설정(http로만 접속) / tel: 링크 없음 — 휴대폰에서 전화 연결 안 됨 / viewport 없음 — 모바일 미대응 / 개인정보처리방침 없음,0,,,200,2026-08-06
2,양주베스트내과의원,경기,양주시,031-877-5220,https://yanjubest.modoo.at/,tel: 링크 없음 — 휴대폰에서 전화 연결 안 됨 / 개인정보처리방침 없음,0,,,200,2026-08-06
2,피어리움의원,경기,양주시,031-8088-7005,https://pierium.kr/,tel: 링크 없음 — 휴대폰에서 전화 연결 안 됨 / 개인정보처리방침 없음,0,,,200,2026-08-06
2,강남성형외과의원,경기,오산시,031-377-7575,http://www.osknps.co.kr/,HTTPS 미설정(http로만 접속) / tel: 링크 없음 — 휴대폰에서 전화 연결 안 됨 / 푸터 카피라이트 2014 — 방치 인상,1,,http://www.osknps.co.kr/?page_id=4153,200,2026-08-06
2,올바른삼성내과의원,경기,오산시,031-378-9666,https://allbareunsmc.com/,모바일 가로스크롤 발생 / 개인정보처리방침 없음,0,,,200,2026-08-06
2,장편한현내과의원,경기,오산시,031-373-4761,https://www.modoo.at/home/signup/authentication,tel: 링크 없음 — 휴대폰에서 전화 연결 안 됨 / 개인정보처리방침 없음,0,,,200,2026-08-06
2,굿닥터의원,경기,용인기흥구,031-8009-0365,http://www.gooddocskin.com/,HTTPS 미설정(http로만 접속) / 개인정보처리방침 없음,0,O,,200,2026-08-06
2,미가피부과의원,경기,용인기흥구,031-889-5891,http://www.migaskin.co.kr/,HTTPS 미설정(http로만 접속) / tel: 링크 없음 — 휴대폰에서 전화 연결 안 됨 / viewport 없음 — 모바일 미대응 / 개인정보처리방침 없음,0,,,200,2026-08-06
2,미앤유의원,경기,용인기흥구,031-889-5959,http://menyouclinic.com/,HTTPS 미설정(http로만 접속) / tel: 링크 없음 — 휴대폰에서 전화 연결 안 됨 / 개인정보처리방침 없음,0,,,200,2026-08-06
2,베르나르의원,경기,용인기흥구,031-8005-6633,http://www.bernard.co.kr/,tel: 링크 없음 — 휴대폰에서 전화 연결 안 됨 / 모바일 가로스크롤 발생,2,O,https://bernard.co.kr/protection,200,2026-08-06
2,아이앤미가정의학과의원,경기,용인기흥구,031-286-5588,http://www.inme.co.kr/,HTTPS 미설정(http로만 접속) / tel: 링크 없음 — 휴대폰에서 전화 연결 안 됨 / viewport 없음 — 모바일 미대응,0,,javascript:;,200,2026-08-06
2,장혜원가정의학과의원,경기,용인기흥구,031-286-9914,http://www.boor.co.kr/,HTTPS 미설정(http로만 접속) / tel: 링크 없음 — 휴대폰에서 전화 연결 안 됨 / viewport 없음 — 모바일 미대응 / 개인정보처리방침 없음,0,,,200,2026-08-06
2,중동서울정형외과의원,경기,용인기흥구,031-287-0770,http://www.jdseoul.co.kr/,HTTPS 미설정(http로만 접속) / tel: 링크 없음 — 휴대폰에서 전화 연결 안 됨 / 모바일 가로스크롤 발생,0,,javascript:OpenMemberPrivate();,200,2026-08-06
2,크리스마스의원,경기,용인기흥구,1644-1225,http://www.nunco.co.kr/,HTTPS 미설정(http로만 접속) / tel: 링크 없음 — 휴대폰에서 전화 연결 안 됨 / viewport 없음 — 모바일 미대응 / 푸터 카피라이트 2016 — 방치 인상,0,,http://www.nunco.co.kr/www/contents.php?inc=privacy.php,200,2026-08-06
2,더아이비의원,경기,용인수지구,031-281-2881,http://www.ivy0920.co.kr/,개인정보처리방침 없음,0,O,,200,2026-08-06
2,아름담피부과의원,경기,용인수지구,031-276-7765,http://www.arumdam.kr/,HTTPS 미설정(http로만 접속) / tel: 링크 없음 — 휴대폰에서 전화 연결 안 됨 / viewport 없음 — 모바일 미대응,0,,javascript:OpenMemberPrivate();,200,2026-08-06
2,피터소아청소년과의원,경기,용인수지구,031-261-7383,https://peterped.creatorlink.net/,tel: 링크 없음 — 휴대폰에서 전화 연결 안 됨 / 개인정보처리방침 없음,0,,,200,2026-08-06
2,용인서울안과의원,경기,용인처인구,031-333-1500,https://www.xn--vb0bq59at5cksbgc33d.com/,tel: 링크 없음 — 휴대폰에서 전화 연결 안 됨 / 개인정보처리방침 없음,0,,,200,2026-08-06
2,우리가정의원,경기,용인처인구,031-323-0923,http://blog.naver.com/drkyeon,tel: 링크 없음 — 휴대폰에서 전화 연결 안 됨 / viewport 없음 — 모바일 미대응 / 개인정보처리방침 없음,0,,,200,2026-08-06
2,길내과의원,경기,의정부시,031-844-4667,http://www.medkil.com/index.asp,HTTPS 미설정(http로만 접속) / tel: 링크 없음 — 휴대폰에서 전화 연결 안 됨 / viewport 없음 — 모바일 미대응 / 개인정보처리방침 없음,1,,,200,2026-08-06
2,나음내과의원,경기,의정부시,031-928-5628,http://naumclinic.kr/,HTTPS 미설정(http로만 접속) / tel: 링크 없음 — 휴대폰에서 전화 연결 안 됨 / viewport 없음 — 모바일 미대응,1,,http://naumclinic.kr/#modal_policy,200,2026-08-06
2,모네맑은의원,경기,의정부시,031-878-2337,http://blog.naver.com/monetclinic,tel: 링크 없음 — 휴대폰에서 전화 연결 안 됨 / viewport 없음 — 모바일 미대응 / 개인정보처리방침 없음,0,,,200,2026-08-06
2,새서울의원,경기,의정부시,031-821-2800,http://www.hemoclub.com/,개인정보처리방침 없음,3,,,200,2026-08-06
2,세인트의원,경기,의정부시,031-829-1004,http://leaders-clinic.com/,HTTPS 미설정(http로만 접속) / 모바일 가로스크롤 발생 / 개인정보처리방침 없음,0,,,200,2026-08-06
2,아름다운피부과의원,경기,의정부시,031-879-0075,http://thebeautifulclinic.com/,HTTPS 미설정(http로만 접속) / tel: 링크 없음 — 휴대폰에서 전화 연결 안 됨 / viewport 없음 — 모바일 미대응 / 개인정보처리방침 없음,0,,,200,2026-08-06
2,예일항외과의원,경기,의정부시,031-840-8275,http://www.yeilclinic.com/,HTTPS 미설정(http로만 접속) / 개인정보처리방침 없음,0,,,200,2026-08-06
2,유앤아이의원,경기,의정부시,031-894-5977,https://www.ujbuni114.co.kr/,모바일 가로스크롤 발생,0,O,https://www.ujbuni114.co.kr/info/,200,2026-08-06
2,차앤박피부과의원,경기,의정부시,031-856-5353,http://www.cnpskin.com/,tel: 링크 없음 — 휴대폰에서 전화 연결 안 됨 / 모바일 가로스크롤 발생,2,O,https://www.cnpskin.com/pc/cnp/terms/privacy-notice.html,200,2026-08-06
2,참고은의원,경기,의정부시,031-847-5882,http://www.cgeskin.com/,HTTPS 미설정(http로만 접속) / tel: 링크 없음 — 휴대폰에서 전화 연결 안 됨 / viewport 없음 — 모바일 미대응 / 개인정보처리방침 없음 / 푸터 카피라이트 2020 — 방치 인상,0,O,,200,2026-08-06
2,앤엠의원,경기,이천시,631-3288,http://www.nmclinic.co.kr/,HTTPS 미설정(http로만 접속) / tel: 링크 없음 — 휴대폰에서 전화 연결 안 됨 / 모바일 가로스크롤 발생 / 개인정보처리방침 없음,0,,,200,2026-08-06
2,속편한내과의원,경기,파주시,031-943-7582,http://www.sok7582.com/,HTTPS 미설정(http로만 접속) / tel: 링크 없음 — 휴대폰에서 전화 연결 안 됨 / viewport 없음 — 모바일 미대응,0,,http://www.sok7582.com/notice/notice_v.asp?srno=1862421,200,2026-08-06
2,스노우의원,경기,파주시,031-941-0912,https://paju-snow.co.kr/,tel: 링크 없음 — 휴대폰에서 전화 연결 안 됨,0,O,https://paju-snow.co.kr/policies,200,2026-08-06
2,연세영의원,경기,파주시,031-947-2567,https://www.maypure.co.kr/,tel: 링크 없음 — 휴대폰에서 전화 연결 안 됨 / 모바일 가로스크롤 발생,0,O,https://horn-citron-75f.notion.site/196be0fd70d7813c818efad6abaffdb0,200,2026-08-06
2,중앙항외과의원,경기,파주시,031-946-1761,http://www.pajugs.co.kr/,HTTPS 미설정(http로만 접속) / tel: 링크 없음 — 휴대폰에서 전화 연결 안 됨 / 개인정보처리방침 없음,0,,,200,2026-08-06
2,강남뷰베스트의원,경기,평택시,031-692-2789,http://www.viewlady.com/,HTTPS 미설정(http로만 접속) / tel: 링크 없음 — 휴대폰에서 전화 연결 안 됨 / 모바일 가로스크롤 발생 / 개인정보처리방침 없음,0,,,200,2026-08-06
2,닥터박의원,경기,평택시,031-655-8272,https://drpark.modoo.at/,tel: 링크 없음 — 휴대폰에서 전화 연결 안 됨 / 개인정보처리방침 없음,0,,,200,2026-08-06
2,리톤의원,경기,평택시,031-8029-5577,http://retoneclinic.com/,tel: 링크 없음 — 휴대폰에서 전화 연결 안 됨,0,O,https://retoneclinic.com/?mode=privacy,200,2026-08-06
2,바로그의원,경기,평택시,031-652-5670,https://barogclinic.com/branch/br32/subindex.php,tel: 링크 없음 — 휴대폰에서 전화 연결 안 됨 / viewport 없음 — 모바일 미대응 / 푸터 카피라이트 2020 — 방치 인상,0,O,https://barogclinic.com/bbs/content.php?co_id=privacy,200,2026-08-06
2,박인호피부과의원,경기,평택시,031-683-8626,http://blog.naver.com/inhers_skin,tel: 링크 없음 — 휴대폰에서 전화 연결 안 됨 / viewport 없음 — 모바일 미대응 / 개인정보처리방침 없음,0,,,200,2026-08-06
2,뷰티라운지의원,경기,평택시,031-662-0801,http://pyeongtaek.beautyloungeclinic.com/,HTTPS 미설정(http로만 접속) / 개인정보처리방침 없음 / 푸터 카피라이트 2022 — 방치 인상,0,O,,200,2026-08-06
2,속편한내과의원,경기,평택시,031-656-1088,http://www.ptsok.co.kr/,HTTPS 미설정(http로만 접속) / tel: 링크 없음 — 휴대폰에서 전화 연결 안 됨 / viewport 없음 — 모바일 미대응,0,,javascript:;,200,2026-08-06
2,우리메디의원,경기,평택시,031-682-4999,https://woorimediclinic.kr/,tel: 링크 없음 — 휴대폰에서 전화 연결 안 됨,4,O,https://woorimediclinic.kr/doc/private,200,2026-08-06
2,유앤아이의원,경기,평택시,031-647-6618,https://www.ptuni114.co.kr/,모바일 가로스크롤 발생,0,O,https://www.ptuni114.co.kr/info/,200,2026-08-06
2,차앤박피부과의원,경기,평택시,031-651-9200,http://www.cnpskin.com/,tel: 링크 없음 — 휴대폰에서 전화 연결 안 됨 / 모바일 가로스크롤 발생,2,O,https://www.cnpskin.com/pc/cnp/terms/privacy-notice.html,200,2026-08-06
2,서울의원,경기,포천시,031-536-1197,http://dr9clinic.com/,HTTPS 미설정(http로만 접속) / 개인정보처리방침 없음,0,,,200,2026-08-06
2,기쁨항맥외과의원,경기,하남시,031-796-3497,http://www.hanamhangmac.co.kr/index.asp,HTTPS 미설정(http로만 접속) / tel: 링크 없음 — 휴대폰에서 전화 연결 안 됨 / viewport 없음 — 모바일 미대응,0,,javascript:ftnGlobalPrivatePopup(1);,200,2026-08-06
2,닥터에버스의원 미사점,경기,하남시,031-8027-8717,https://evers11.co.kr/,모바일 가로스크롤 발생,0,O,https://evers11.co.kr/?mode=privacy,200,2026-08-06
2,실로암피부과의원,경기,하남시,031-791-0675,http://www.siloamskin.co.kr/,HTTPS 미설정(http로만 접속) / 모바일 가로스크롤 발생 / 개인정보처리방침 없음,0,,,200,2026-08-06
2,줌앤업의원,경기,하남시,795-7929,http://zoomandup.com/,HTTPS 미설정(http로만 접속) / tel: 링크 없음 — 휴대폰에서 전화 연결 안 됨 / viewport 없음 — 모바일 미대응 / 개인정보처리방침 없음,0,,,200,2026-08-06
2,토마토미비뇨기과의원,경기,하남시,031-796-7582,http://www.tomatoclinic.co.kr/,HTTPS 미설정(http로만 접속) / tel: 링크 없음 — 휴대폰에서 전화 연결 안 됨 / viewport 없음 — 모바일 미대응,0,,http://www.tomatoclinic.co.kr/notice/notice_v.asp?srno=1862421&MenuNumber=6&PageNumber=1&SubPageNumber=0,200,2026-08-06
2,김현미산부인과의원,경기,화성동탄구,031-613-7582,http://khmobgy.co.kr/,HTTPS 미설정(http로만 접속) / tel: 링크 없음 — 휴대폰에서 전화 연결 안 됨 / viewport 없음 — 모바일 미대응 / 개인정보처리방침 없음,0,,,200,2026-08-06
2,동탄아이디의원,경기,화성동탄구,031-8050-5040,https://dt.idclinic.co.kr/,개인정보처리방침 없음,3,,,200,2026-08-06
2,리프탑의원,경기,화성동탄구,031-372-6508,https://liftop.co.kr/,tel: 링크 없음 — 휴대폰에서 전화 연결 안 됨,0,O,https://liftop.co.kr/?mode=privacy,200,2026-08-06
2,미뉴얼의원,경기,화성동탄구,031-373-0317,http://dt.menewal.co.kr/,HTTPS 미설정(http로만 접속) / viewport 없음 — 모바일 미대응,1,O,http://dt.menewal.co.kr/member/popupPrivacy.php,200,2026-08-06
2,뷰레스트의원,경기,화성동탄구,031-376-2812,http://dongtan.beautyloungeclinic.co.kr/,HTTPS 미설정(http로만 접속) / 개인정보처리방침 없음 / 푸터 카피라이트 2022 — 방치 인상,0,O,,200,2026-08-06
2,서울아산센트럴내과의원,경기,화성동탄구,031-375-0020,http://www.centralclinic.co.kr/,HTTPS 미설정(http로만 접속) / 모바일 가로스크롤 발생 / 개인정보처리방침 없음,0,,,200,2026-08-06
2,에르샤몽의원,경기,화성동탄구,031-376-0650,http://www.herchamondt.com/,HTTPS 미설정(http로만 접속) / 모바일 가로스크롤 발생,0,O,http://www.herchamondt.com/shop_info/privacy.htm,200,2026-08-06
2,연세키즈소아청소년과의원,경기,화성동탄구,031-8015-1375,http://www.yonseikids.co.kr/,tel: 링크 없음 — 휴대폰에서 전화 연결 안 됨 / viewport 없음 — 모바일 미대응 / 개인정보처리방침 없음,0,,,200,2026-08-06
2,우리들내과의원,경기,화성동탄구,031-8015-1600,http://www.wooridlclinic.com/index.asp,HTTPS 미설정(http로만 접속) / tel: 링크 없음 — 휴대폰에서 전화 연결 안 됨 / viewport 없음 — 모바일 미대응,0,,javascript:;,200,2026-08-06
2,자연미인의원,경기,화성동탄구,,http://www.xn--hg3b95pw7axc.com/,HTTPS 미설정(http로만 접속) / tel: 링크 없음 — 휴대폰에서 전화 연결 안 됨 / 개인정보처리방침 없음,0,,,200,2026-08-06
2,플러스정형외과의원,경기,화성동탄구,031-8015-0075,http://www.plus-os.co.kr/,HTTPS 미설정(http로만 접속) / tel: 링크 없음 — 휴대폰에서 전화 연결 안 됨 / viewport 없음 — 모바일 미대응 / 개인정보처리방침 없음,0,,,200,2026-08-06
2,헤어로의원,경기,화성동탄구,070-8211-2776,https://naver.me/GvcQfDJC,tel: 링크 없음 — 휴대폰에서 전화 연결 안 됨 / 개인정보처리방침 없음,0,,,200,2026-08-06
2,서울명진내과의원,경기,화성만세구,031-8043-5688,http://www.xn--vb0ba96zps2b4ne.com/,HTTPS 미설정(http로만 접속) / tel: 링크 없음 — 휴대폰에서 전화 연결 안 됨 / viewport 없음 — 모바일 미대응,0,,javascript:;,200,2026-08-06
2,참맑은의원,경기,화성만세구,031-366-7533,http://www.chamclinic.co.kr/,HTTPS 미설정(http로만 접속) / 개인정보처리방침 없음,0,,,200,2026-08-06
2,화성향남뷰티온의원,경기,화성만세구,031-353-7510,https://hyangnam.beautyon.co.kr/,tel: 링크 없음 — 휴대폰에서 전화 연결 안 됨,1,,https://hyangnam.beautyon.co.kr/privacy,200,2026-08-06
2,노블클래식의원,경기,화성병점구,031-206-5533,http://www.nobleclassic.com/,tel: 링크 없음 — 휴대폰에서 전화 연결 안 됨 / 모바일 가로스크롤 발생,0,,https://nobleclassic.com/?privacy=terms&tabIdx=0,200,2026-08-06
2,서울삼성내과의원,경기,화성병점구,031-231-0055,http://www.bssclinic.com/,HTTPS 미설정(http로만 접속) / viewport 없음 — 모바일 미대응,0,,http://www.bssclinic.com/notice/notice_v.asp?srno=1862421,200,2026-08-06
2,연세헤븐피부과의원,경기,화성병점구,031-234-6004,https://ysheaven.mobidoc.us/,tel: 링크 없음 — 휴대폰에서 전화 연결 안 됨 / 모바일 가로스크롤 발생 / 개인정보처리방침 없음,0,,,200,2026-08-06
2,(의)성광의료재단 차움의원,서울,강남구,02-3015-5000,http://www.chaum.net/,tel: 링크 없음 — 휴대폰에서 전화 연결 안 됨,1,O,https://www.chaum.net/member/information.cha,200,2026-08-06
2,10년전당신의오늘의원,서울,강남구,02-541-0333,http://www.chps.co.kr/,tel: 링크 없음 — 휴대폰에서 전화 연결 안 됨 / viewport 없음 — 모바일 미대응,2,O,https://dreamwas.com/bbs/content.php?co_id=privacy,200,2026-08-06
2,747의원,서울,강남구,02-546-0747,http://747clinic.com/,HTTPS 미설정(http로만 접속),2,O,http://747clinic.com/,200,2026-08-06
2,강남고운세상피부과의원,서울,강남구,02-3477-2020,http://www.beautyforever.co.kr/,tel: 링크 없음 — 휴대폰에서 전화 연결 안 됨,3,,https://www.beautyforever.co.kr/etc/privacy.php,200,2026-08-06
2,강남미켈란의원,서울,강남구,02-540-0808,http://www.mhair.co.kr/,HTTPS 미설정(http로만 접속) / tel: 링크 없음 — 휴대폰에서 전화 연결 안 됨 / 개인정보처리방침 없음,0,,,200,2026-08-06
2,강남비엘에스의원,서울,강남구,02-6677-2777,https://www.blsclinic8.com/,tel: 링크 없음 — 휴대폰에서 전화 연결 안 됨 / 모바일 가로스크롤 발생,1,,https://www.blsclinic8.com/policy/privacyPolicy.php,200,2026-08-06
2,강남삼성드림이비인후과의원,서울,강남구,02-539-0365,http://ssdream.co.kr/,푸터 카피라이트 2015 — 방치 인상,5,O,https://www.ssdream.co.kr/front/member/join1.php#agreement,200,2026-08-06
2,강남우태하피부과의원,서울,강남구,02-567-1675,http://wooskin.co.kr/2014_wooskin/,HTTPS 미설정(http로만 접속) / tel: 링크 없음 — 휴대폰에서 전화 연결 안 됨 / 모바일 가로스크롤 발생 / 개인정보처리방침 없음,0,,,200,2026-08-06
2,강남유앤아이의원,서울,강남구,02-6927-6022,http://www.uni114.co.kr/,모바일 가로스크롤 발생,0,O,https://www.uni114.co.kr/info/,200,2026-08-06
2,강남조은눈안과의원,서울,강남구,02-535-8001,http://www.visionclinic.co.kr/,tel: 링크 없음 — 휴대폰에서 전화 연결 안 됨 / 모바일 가로스크롤 발생 / 푸터 카피라이트 2021 — 방치 인상,1,,javascript:void(0);,200,2026-08-06
2,강남코모키이비인후과의원,서울,강남구,02-508-0075,http://www.komoki.com/,HTTPS 미설정(http로만 접속) / tel: 링크 없음 — 휴대폰에서 전화 연결 안 됨 / viewport 없음 — 모바일 미대응 / 개인정보처리방침 없음,0,,,200,2026-08-06
2,강남피어리의원,서울,강남구,02-515-0202,http://www.periclinic.com/,HTTPS 미설정(http로만 접속) / 모바일 가로스크롤 발생 / 개인정보처리방침 없음,0,O,,200,2026-08-06
2,강남하트스캔의원,서울,강남구,564-3070,http://www.heartscan.co.kr/,모바일 가로스크롤 발생,0,O,https://heartscan.co.kr/%EA%B0%9C%EC%9D%B8%EC%A0%95%EB%B3%B4%EC%B2%98%EB%A6%AC%EB%B0%A9%EC%B9%A8,200,2026-08-06
2,개포센트럴이비인후과의원,서울,강남구,02-577-2577,https://gaepocentral.modoo.at/,tel: 링크 없음 — 휴대폰에서 전화 연결 안 됨 / 개인정보처리방침 없음,0,,,200,2026-08-06
2,고우석제이엠오피부과의원,서울,강남구,02-3445-3456,http://www.e-jemo.co.kr/,HTTPS 미설정(http로만 접속) / tel: 링크 없음 — 휴대폰에서 전화 연결 안 됨 / 모바일 가로스크롤 발생 / 개인정보처리방침 없음 / 푸터 카피라이트 2010 — 방치 인상,0,,,200,2026-08-06
2,그로브원피부과의원,서울,강남구,2,https://www.groveoneskin.com/,모바일 가로스크롤 발생,0,O,https://www.groveoneskin.com/legal/privacy,200,2026-08-06
2,글로리의원,서울,강남구,02-6958-7525,http://www.gloryclinic.co.kr/,HTTPS 미설정(http로만 접속),0,O,http://www.gloryclinic.co.kr/terms/personal,200,2026-08-06
2,기쁨성형외과의원,서울,강남구,02-578-9540,http://www.kibbumclinic.com/,HTTPS 미설정(http로만 접속) / 푸터 카피라이트 2016 — 방치 인상,0,O,http://www.kibbumclinic.com/Popup/popup01,200,2026-08-06
2,김인섭의원,서울,강남구,02-529-4318,http://www.kimclinic.net/,HTTPS 미설정(http로만 접속) / tel: 링크 없음 — 휴대폰에서 전화 연결 안 됨 / 모바일 가로스크롤 발생 / 개인정보처리방침 없음,0,,,200,2026-08-06
2,눈피부과의원,서울,강남구,02-3446-9523,http://www.eyeskin.co.kr/,tel: 링크 없음 — 휴대폰에서 전화 연결 안 됨 / 모바일 가로스크롤 발생 / 개인정보처리방침 없음,0,O,,200,2026-08-06
2,뉴셀의원,서울,강남구,1533-1701,https://newcell.co.kr/,tel: 링크 없음 — 휴대폰에서 전화 연결 안 됨 / viewport 없음 — 모바일 미대응 / 개인정보처리방침 없음,0,,,200,2026-08-06
2,뉴엘의원,서울,강남구,02-515-9998,http://www.nuelclinic.com/,tel: 링크 없음 — 휴대폰에서 전화 연결 안 됨 / viewport 없음 — 모바일 미대응,1,O,https://www.nuelclinic.com/bbs/content.php?co_id=privacy,200,2026-08-06
2,다나성형외과의원,서울,강남구,02-512-0922,http://www.danaps.com/,HTTPS 미설정(http로만 접속) / tel: 링크 없음 — 휴대폰에서 전화 연결 안 됨 / 개인정보처리방침 없음,0,,,200,2026-08-06
2,다인피부과의원,서울,강남구,02-542-0080,http://www.dainskin.co.kr/,HTTPS 미설정(http로만 접속) / tel: 링크 없음 — 휴대폰에서 전화 연결 안 됨 / 개인정보처리방침 없음 / 푸터 카피라이트 2021 — 방치 인상,0,,,200,2026-08-06
2,닥터김가정의학과의원,서울,강남구,02-542-2684,http://www.drkims-diet.com/,HTTPS 미설정(http로만 접속) / tel: 링크 없음 — 휴대폰에서 전화 연결 안 됨 / viewport 없음 — 모바일 미대응,0,,http://www.drkims-diet.com/Module/MBoard/MBoard.asp?Gubun=5&Srno=95900&PState=View,200,2026-08-06
2,닥터뉴셀의원,서울,강남구,02-6956-2227,https://drnewcell.com/,개인정보처리방침 없음,6,O,,200,2026-08-06
2,닥터베이직의원,서울,강남구,02-3448-0090,http://www.drbasic.co.kr/,tel: 링크 없음 — 휴대폰에서 전화 연결 안 됨 / 모바일 가로스크롤 발생 / 푸터 카피라이트 2018 — 방치 인상,1,O,https://www.drbasic.co.kr/privacy.php,200,2026-08-06
2,닥터웰니스의원,서울,강남구,02-3447-3101,http://www.drwellness.co.kr/,HTTPS 미설정(http로만 접속) / tel: 링크 없음 — 휴대폰에서 전화 연결 안 됨 / 모바일 가로스크롤 발생,3,,http://www.drwellness.co.kr/?mode=privacy,200,2026-08-06
2,대영성형외과의원,서울,강남구,3446-7788,http://www.dyclinic.com/,HTTPS 미설정(http로만 접속) / tel: 링크 없음 — 휴대폰에서 전화 연결 안 됨 / 모바일 가로스크롤 발생 / 개인정보처리방침 없음,6,,,200,2026-08-06
2,대치더블유내과의원,서울,강남구,539-9939,http://w-med.co.kr/,HTTPS 미설정(http로만 접속) / 개인정보처리방침 없음 / 푸터 카피라이트 2021 — 방치 인상,0,,,200,2026-08-06
2,대치오라클피부과의원,서울,강남구,501-4818,http://www.skinland.com/,tel: 링크 없음 — 휴대폰에서 전화 연결 안 됨 / viewport 없음 — 모바일 미대응 / 개인정보처리방침 없음,0,,,,2026-08-06
2,더나인(The Nine)피부과의원,서울,강남구,02-561-6718,http://the9derma-acne.com/,개인정보처리방침 없음,0,,,200,2026-08-06
2,더블유성형외과의원,서울,강남구,02-535-7433,http://www.gangnamw.co.kr/,tel: 링크 없음 — 휴대폰에서 전화 연결 안 됨 / 모바일 가로스크롤 발생 / 개인정보처리방침 없음,6,,,200,2026-08-06
2,더제이의원,서울,강남구,02-1577-7051,http://www.thejskin.com/,HTTPS 미설정(http로만 접속) / tel: 링크 없음 — 휴대폰에서 전화 연결 안 됨 / viewport 없음 — 모바일 미대응 / 개인정보처리방침 없음,0,,,200,2026-08-06
2,도곡리더스피부과의원,서울,강남구,02-575-2300,http://www.beautyleader.co.kr/,tel: 링크 없음 — 휴대폰에서 전화 연결 안 됨 / viewport 없음 — 모바일 미대응,1,O,https://beautyleader.co.kr/bbs/content.php?co_id=privacy,200,2026-08-06
2,드림피부과의원,서울,강남구,02-546-1613,http://www.dreamskin.co.kr/korean/index.asp,HTTPS 미설정(http로만 접속) / tel: 링크 없음 — 휴대폰에서 전화 연결 안 됨 / 개인정보처리방침 없음,0,,,200,2026-08-06
2,디마레의원,서울,강남구,02-511-4414,http://www.dimare.co.kr/,모바일 가로스크롤 발생 / 개인정보처리방침 없음,0,,,200,2026-08-06
2,디바성형외과의원,서울,강남구,02-542-7002,http://www.diva-ps.com/,푸터 카피라이트 2018 — 방치 인상,2,O,https://www.diva-ps.com/#,200,2026-08-06
2,디아더피부과의원,서울,강남구,02-6949-2790,http://theotherskin.com/,개인정보처리방침 없음,1,,,200,2026-08-06
2,디알피부과의원,서울,강남구,02-561-1675,http://www.majorskin.co.kr/,tel: 링크 없음 — 휴대폰에서 전화 연결 안 됨 / viewport 없음 — 모바일 미대응 / 개인정보처리방침 없음,0,,,200,2026-08-06
2,디앤에이피부과의원,서울,강남구,02-3444-1003,http://www.dnaskin.co.kr/,HTTPS 미설정(http로만 접속) / 모바일 가로스크롤 발생,0,O,https://dnaskin.co.kr/bbs/content.php?co_id=privacy,200,2026-08-06
2,라엘르의원,서울,강남구,02-3288-3756,http://www.jnd7.com/,tel: 링크 없음 — 휴대폰에서 전화 연결 안 됨 / 개인정보처리방침 없음,0,,,200,2026-08-06
2,라움성형외과의원,서울,강남구,02-549-7788,http://www.raumps.com/,개인정보처리방침 없음 / 푸터 카피라이트 2013 — 방치 인상,1,O,,200,2026-08-06
2,라인앤뷰의원,서울,강남구,02-1600-9833,https://www.linenview.com/,모바일 가로스크롤 발생,1,O,https://www.linenview.com/privacy,200,2026-08-06
2,라프린의원,서울,강남구,517-7811,http://laprinps.com/,tel: 링크 없음 — 휴대폰에서 전화 연결 안 됨 / 모바일 가로스크롤 발생,4,O,https://laprinps.com/page/policy.php?pageIndex=910150,200,2026-08-06
2,레스트의원,서울,강남구,02-6951-2522,https://rest-clinic.com/,tel: 링크 없음 — 휴대폰에서 전화 연결 안 됨 / 개인정보처리방침 없음,1,O,,200,2026-08-06
2,레이어의원,서울,강남구,02-3444-1011,https://www.layerclinic.com/,tel: 링크 없음 — 휴대폰에서 전화 연결 안 됨 / 개인정보처리방침 없음,0,O,,200,2026-08-06
2,로렌의원,서울,강남구,02-561-5773,http://www.laurenclinic.com/,HTTPS 미설정(http로만 접속) / tel: 링크 없음 — 휴대폰에서 전화 연결 안 됨 / viewport 없음 — 모바일 미대응 / 개인정보처리방침 없음,0,O,,200,2026-08-06
2,로얄라인의원,서울,강남구,02-540-8868,http://www.ryline-clinic.com/,HTTPS 미설정(http로만 접속),1,O,http://www.ryline-clinic.com/member/privacy.php,200,2026-08-06
2,로웰성형외과의원,서울,강남구,0507-1471-1454,http://www.lowellprs.com/,HTTPS 미설정(http로만 접속),1,O,https://www.lowellprs.com/bbs/content.php?co_id=privacy,200,2026-08-06
2,루아베피부과의원,서울,강남구,02-3444-7577,https://www.louave.com/,tel: 링크 없음 — 휴대폰에서 전화 연결 안 됨 / 개인정보처리방침 없음,0,O,,200,2026-08-06
2,루피엘의원,서울,강남구,02-516-8890,http://www.lupiel.co.kr/,HTTPS 미설정(http로만 접속) / tel: 링크 없음 — 휴대폰에서 전화 연결 안 됨,0,O,http://www.lupiel.co.kr/sub/etc/privacy.php,200,2026-08-06
2,루호성형외과의원,서울,강남구,516-0013,https://www.luho.kr/,tel: 링크 없음 — 휴대폰에서 전화 연결 안 됨 / 모바일 가로스크롤 발생,2,,https://www.luho.kr/member/privacy.php,200,2026-08-06
2,르디테의원,서울,강남구,02-6085-0578,https://ledetail.kr/,모바일 가로스크롤 발생,0,O,https://www.ledetail.kr/privacy,200,2026-08-06
2,르모아의원,서울,강남구,02-565-2486,https://lemoirclinic.com/,tel: 링크 없음 — 휴대폰에서 전화 연결 안 됨 / 개인정보처리방침 없음,1,O,,200,2026-08-06
2,리나여성의원,서울,강남구,02-577-2025,https://rena-clinic.com/,개인정보처리방침 없음,0,O,,200,2026-08-06
2,리더스피부과의원,서울,강남구,02-2088-7828,http://www.beautyleader.co.kr/,tel: 링크 없음 — 휴대폰에서 전화 연결 안 됨 / viewport 없음 — 모바일 미대응,1,O,https://beautyleader.co.kr/bbs/content.php?co_id=privacy,200,2026-08-06
2,리드미피부과의원,서울,강남구,02-567-9357,http://www.menmi.co.kr/,HTTPS 미설정(http로만 접속) / tel: 링크 없음 — 휴대폰에서 전화 연결 안 됨 / viewport 없음 — 모바일 미대응,0,,http://www.menmi.co.kr/default/member/private.php,200,2026-08-06
2,리디안의원,서울,강남구,02-6959-5508,http://www.lydianc.com/,개인정보처리방침 없음,0,O,,200,2026-08-06
2,리무브의원,서울,강남구,02-2038-8037,https://removeclinic.com/,tel: 링크 없음 — 휴대폰에서 전화 연결 안 됨,0,,https://removeclinic.com/terms_page/privacy-policy/,200,2026-08-06
2,리본성형외과의원,서울,강남구,02-543-3355,http://www.rebornps.com/,HTTPS 미설정(http로만 접속) / tel: 링크 없음 — 휴대폰에서 전화 연결 안 됨 / 모바일 가로스크롤 발생,2,O,http://www.rebornps.com/0112.php,200,2026-08-06
2,리오브피부과의원,서울,강남구,02-6958-8815,https://reorbskin.com/,tel: 링크 없음 — 휴대폰에서 전화 연결 안 됨 / 모바일 가로스크롤 발생,0,O,https://reorbskin.com/bbs/content.php?co_id=privacy,200,2026-08-06
2,리올의원,서울,강남구,02-6952-1630,https://www.liolclinic.com/,개인정보처리방침 없음,0,O,,200,2026-08-06
2,리프톤피부과의원,서울,강남구,02-6677-6300,https://www.liftonskin.com/,tel: 링크 없음 — 휴대폰에서 전화 연결 안 됨 / 개인정보처리방침 없음,0,,,200,2026-08-06
2,리핏의원,서울,강남구,02-501-3288,https://www.cellinclinic7.com/,tel: 링크 없음 — 휴대폰에서 전화 연결 안 됨 / viewport 없음 — 모바일 미대응 / 개인정보처리방침 없음,0,,,200,2026-08-06
2,린의원,서울,강남구,02-3448-3003,http://www.lyhnclinic.com/,HTTPS 미설정(http로만 접속) / tel: 링크 없음 — 휴대폰에서 전화 연결 안 됨 / viewport 없음 — 모바일 미대응,2,,http://www.lyhnclinic.com/index.php/member/agreement/57,200,2026-08-06
2,릴리브의원,서울,강남구,02-2138-2775,https://www.relieveclinic.co.kr/,tel: 링크 없음 — 휴대폰에서 전화 연결 안 됨 / 모바일 가로스크롤 발생,1,O,https://www.relieveclinic.co.kr/members/privacy.php,200,2026-08-06
2,림피부과의원,서울,강남구,02-545-3462,http://www.mineskin.com/,tel: 링크 없음 — 휴대폰에서 전화 연결 안 됨 / viewport 없음 — 모바일 미대응 / 개인정보처리방침 없음,0,,,200,2026-08-06
2,마이디피부과의원,서울,강남구,576-5033,http://www.mydskin.co.kr/,HTTPS 미설정(http로만 접속) / tel: 링크 없음 — 휴대폰에서 전화 연결 안 됨 / 모바일 가로스크롤 발생 / 개인정보처리방침 없음,2,,,200,2026-08-06
2,마이셀의원,서울,강남구,02-568-5959,https://mycell.co.kr/,tel: 링크 없음 — 휴대폰에서 전화 연결 안 됨 / 개인정보처리방침 없음,0,O,,200,2026-08-06
2,마인성형외과의원,서울,강남구,516-1175,http://www.mineps.com/,모바일 가로스크롤 발생,3,O,https://mineps.com/personal_policy/,200,2026-08-06
2,매직피부과의원,서울,강남구,02-3453-3114,http://www.emagicskin.com/,tel: 링크 없음 — 휴대폰에서 전화 연결 안 됨 / viewport 없음 — 모바일 미대응,2,,https://www.emagicskin.com/bbs/content.php?co_id=privacy,200,2026-08-06
2,메가그라프트성형외과의원,서울,강남구,02-3444-0831,https://www.megagraft.com/,tel: 링크 없음 — 휴대폰에서 전화 연결 안 됨 / 모바일 가로스크롤 발생 / 개인정보처리방침 없음 / 푸터 카피라이트 2015 — 방치 인상,0,,,200,2026-08-06
2,메리성형외과의원,서울,강남구,02-512-0799,https://www.merryps.com/,tel: 링크 없음 — 휴대폰에서 전화 연결 안 됨 / 모바일 가로스크롤 발생,1,O,javascript:pop_private(),200,2026-08-06
2,메이드유의원,서울,강남구,02-547-4711,http://www.madeu.co.kr/,tel: 링크 없음 — 휴대폰에서 전화 연결 안 됨 / 개인정보처리방침 없음,0,,,200,2026-08-06
2,멘토의원,서울,강남구,02-552-4080,http://www.mentorclinic.co.kr/,HTTPS 미설정(http로만 접속),1,O,javascipt:void(0);,200,2026-08-06
2,모던스탠다드의원,서울,강남구,02-6232-5732,https://modern-standard.co.kr/,tel: 링크 없음 — 휴대폰에서 전화 연결 안 됨,1,O,https://modern-standard.co.kr/?mode=privacy,200,2026-08-06
2,모델로피부과의원,서울,강남구,02-591-5851,http://www.modelo.co.kr/,HTTPS 미설정(http로만 접속) / 모바일 가로스크롤 발생,1,O,http://www.modelo.co.kr/bbs/content.php?co_id=privacy,200,2026-08-06
2,모두모의원,서울,강남구,02-591-9559,https://mdmclinic.com/,푸터 카피라이트 2022 — 방치 인상,5,O,https://mdmclinic.com/mdm/privacy,200,2026-08-06
2,모리의원,서울,강남구,02-562-8878,http://www.clicktalmo.com/,tel: 링크 없음 — 휴대폰에서 전화 연결 안 됨 / 개인정보처리방침 없음,0,,,200,2026-08-06
2,모리치피부과의원,서울,강남구,02-518-6888,http://richhair.com/,HTTPS 미설정(http로만 접속) / tel: 링크 없음 — 휴대폰에서 전화 연결 안 됨 / viewport 없음 — 모바일 미대응 / 개인정보처리방침 없음 / 푸터 카피라이트 2015 — 방치 인상,1,O,,200,2026-08-06
2,모제림성형외과의원,서울,강남구,1600-5827,http://www.hairdoc.co.kr/,HTTPS 미설정(http로만 접속) / tel: 링크 없음 — 휴대폰에서 전화 연결 안 됨 / 개인정보처리방침 없음,0,,,200,2026-08-06
2,뮤즈의원,서울,강남구,02-1544-2994,http://museclinic.co.kr/,HTTPS 미설정(http로만 접속) / 개인정보처리방침 없음,0,O,,200,2026-08-06
2,미오의원,서울,강남구,02-558-5550,https://www.mioclinic.co.kr/,모바일 가로스크롤 발생,0,O,https://www.mioclinic.kr/ko/legal/privacy,200,2026-08-06
2,미인피부과의원,서울,강남구,02-594-3375,http://www.meinclinic.com/,HTTPS 미설정(http로만 접속) / tel: 링크 없음 — 휴대폰에서 전화 연결 안 됨,1,,http://www.meinclinic.com/terms/#tab-3a8c8ba7-bbdd-3,200,2026-08-06
2,미큐의원,서울,강남구,313-4566,http://www.miqclinic.com/,HTTPS 미설정(http로만 접속) / tel: 링크 없음 — 휴대폰에서 전화 연결 안 됨 / 모바일 가로스크롤 발생,2,O,http://miqclinic.com/protection,200,2026-08-06
2,민의원,서울,강남구,02-515-2119,http://www.min-clinic.co.kr/,tel: 링크 없음 — 휴대폰에서 전화 연결 안 됨,3,O,https://min-clinic.co.kr/privacy-policy-2/,200,2026-08-06
2,바바성형외과의원,서울,강남구,02-6207-8570,https://vavaps.com/,tel: 링크 없음 — 휴대폰에서 전화 연결 안 됨,2,O,https://vavaps.com/bbs/content.php?co_id=privacy,200,2026-08-06
2,바탕성형외과의원,서울,강남구,02-517-5953,https://www.batangps.com/,tel: 링크 없음 — 휴대폰에서 전화 연결 안 됨 / 모바일 가로스크롤 발생 / 푸터 카피라이트 2020 — 방치 인상,5,O,javascript:pop_private(),200,2026-08-06
2,밸런스랩성형외과의원,서울,강남구,1661-8581,http://balancelab.kr/,HTTPS 미설정(http로만 접속),3,O,javascript:void(0);,200,2026-08-06
2,벧엘피부과의원,서울,강남구,02-532-3110,http://bethelskin.com/,HTTPS 미설정(http로만 접속) / tel: 링크 없음 — 휴대폰에서 전화 연결 안 됨 / viewport 없음 — 모바일 미대응 / 푸터 카피라이트 2013 — 방치 인상,1,O,http://bethelskin.com/privacy,200,2026-08-06
2,벨로의원,서울,강남구,02-545-1202,https://www.belloclinic.com/,tel: 링크 없음 — 휴대폰에서 전화 연결 안 됨 / 모바일 가로스크롤 발생,0,O,https://bellomedical.imweb.me/?mode=privacy,200,2026-08-06
2,봉봉성형외과의원,서울,강남구,02-542-3100,http://www.bongbongclinic.com/,HTTPS 미설정(http로만 접속) / tel: 링크 없음 — 휴대폰에서 전화 연결 안 됨 / 모바일 가로스크롤 발생 / 개인정보처리방침 없음,1,,,200,2026-08-06
2,비아이오성형외과의원,서울,강남구,02-535-9000,http://www.biops.kr/,HTTPS 미설정(http로만 접속) / tel: 링크 없음 — 휴대폰에서 전화 연결 안 됨 / viewport 없음 — 모바일 미대응 / 푸터 카피라이트 2019 — 방치 인상,1,,http://biopskorea.com/member/policy_privacy.html,200,2026-08-06
2,비알피부과의원,서울,강남구,518-2510,http://www.braunskin.co.kr/,HTTPS 미설정(http로만 접속) / tel: 링크 없음 — 휴대폰에서 전화 연결 안 됨 / viewport 없음 — 모바일 미대응 / 개인정보처리방침 없음,0,,,200,2026-08-06
2,비앤영의원,서울,강남구,02-593-1003,http://beandyoung.com/,HTTPS 미설정(http로만 접속),3,O,javascript:void(0);,200,2026-08-06
2,비티큐의원,서울,강남구,070-4131-9048,https://www.btq.co.kr/,tel: 링크 없음 — 휴대폰에서 전화 연결 안 됨,1,O,https://btq.co.kr/#elementor-action%3Aaction%3Dpopup%3Aopen%26settings%3DeyJpZCI6IjE0MzUwIiwidG9nZ2xlIjpmYWxzZX0%3D,200,2026-08-06
2,뽀드베베의원,서울,강남구,02-544-6761,http://www.podbebe.co.kr/,HTTPS 미설정(http로만 접속) / tel: 링크 없음 — 휴대폰에서 전화 연결 안 됨 / viewport 없음 — 모바일 미대응 / 개인정보처리방침 없음,0,,,200,2026-08-06
2,서울배내과의원,서울,강남구,02-529-3002,http://doctorbae.co.kr/,HTTPS 미설정(http로만 접속) / tel: 링크 없음 — 휴대폰에서 전화 연결 안 됨 / 모바일 가로스크롤 발생 / 푸터 카피라이트 2018 — 방치 인상,1,O,http://doctorbae.co.kr/member/privacy.php,200,2026-08-06
2,서울아트라인의원,서울,강남구,02-548-4845,http://www.midameun.com/,개인정보처리방침 없음,0,O,,200,2026-08-06
2,세진피부과의원,서울,강남구,02-515-2741,http://www.sejinskin.com/,HTTPS 미설정(http로만 접속) / 모바일 가로스크롤 발생,1,O,http://www.sejinskin.com/#pop03,200,2026-08-06
2,셀리에의원,서울,강남구,02-6358-0123,https://cellierclinic.com/,HTTPS 미설정(http로만 접속) / tel: 링크 없음 — 휴대폰에서 전화 연결 안 됨 / 모바일 가로스크롤 발생,3,O,https://cellierclinic43764.imweb.me/76,200,2026-08-06
2,셀린피부과의원,서울,강남구,02-516-1211,http://www.ljh.co.kr/,tel: 링크 없음 — 휴대폰에서 전화 연결 안 됨 / 모바일 가로스크롤 발생 / 개인정보처리방침 없음,0,O,,200,2026-08-06
2,소요의원,서울,강남구,02-511-0050,http://www.soyoclinic.com/,tel: 링크 없음 — 휴대폰에서 전화 연결 안 됨,1,O,https://www.soyoclinic.com/privacy,200,2026-08-06
2,스마트맨의원,서울,강남구,586-5861,http://www.smartmc.co.kr/,HTTPS 미설정(http로만 접속) / tel: 링크 없음 — 휴대폰에서 전화 연결 안 됨 / viewport 없음 — 모바일 미대응 / 개인정보처리방침 없음,2,,,200,2026-08-06
2,신논현톡스앤필의원,서울,강남구,02-6951-4882,https://www.toxnfill9.com/,tel: 링크 없음 — 휴대폰에서 전화 연결 안 됨 / 모바일 가로스크롤 발생 / 푸터 카피라이트 2021 — 방치 인상,2,O,https://www.toxnfill9.com/acceptPrivacy.php,200,2026-08-06
2,신소애여성의원,서울,강남구,02-3453-5712,http://www.sinsoeclinic.com/,viewport 없음 — 모바일 미대응,2,O,https://www.sinsoeclinic.com/content/%EA%B0%9C%EC%9D%B8%EC%A0%95%EB%B3%B4%EC%B7%A8%EA%B8%89%EB%B0%A9%EC%B9%A8/,200,2026-08-06
2,신유외과의원,서울,강남구,02-557-6075,http://www.sbreast.co.kr/,HTTPS 미설정(http로만 접속),0,O,http://sbreast.com/?mode=privacy,200,2026-08-06
2,신학철피부과의원,서울,강남구,02-501-7575,http://www.doctorlaser.co.kr/,HTTPS 미설정(http로만 접속) / tel: 링크 없음 — 휴대폰에서 전화 연결 안 됨 / 개인정보처리방침 없음,1,,,200,2026-08-06
2,씨앤피차앤박피부과의원,서울,강남구,02-515-2100,http://www.cnpskin.com/,tel: 링크 없음 — 휴대폰에서 전화 연결 안 됨 / 모바일 가로스크롤 발생,2,O,https://www.cnpskin.com/pc/cnp/terms/privacy-notice.html,200,2026-08-06
2,아도의원,서울,강남구,02-567-4110,https://www.adoclinic.com/,모바일 가로스크롤 발생,0,O,https://www.adoclinic.com/privacy,200,2026-08-06
2,아르뜨의원,서울,강남구,0507-1339-1361,http://www.medicalartist.co.kr/,tel: 링크 없음 — 휴대폰에서 전화 연결 안 됨 / 개인정보처리방침 없음,0,O,,200,2026-08-06
2,아메르의원,서울,강남구,02-541-4151,https://shineyou-gn.co.kr/,tel: 링크 없음 — 휴대폰에서 전화 연결 안 됨 / 개인정보처리방침 없음,0,,,,2026-08-06
2,아이델성형외과의원,서울,강남구,02-3442-5900,http://www.idelps.com/,tel: 링크 없음 — 휴대폰에서 전화 연결 안 됨,0,O,https://www.idelps.com/theme/sekti/bbs/privacy.php,200,2026-08-06
2,아이라인성형외과의원,서울,강남구,02-540-8666,http://www.ilines.co.kr/,HTTPS 미설정(http로만 접속) / tel: 링크 없음 — 휴대폰에서 전화 연결 안 됨 / 모바일 가로스크롤 발생 / 푸터 카피라이트 2019 — 방치 인상,2,O,http://ilines.co.kr/privacy,200,2026-08-06
2,아이앤지성형외과의원,서울,강남구,02-557-7004,http://www.ingps.co.kr/,HTTPS 미설정(http로만 접속) / tel: 링크 없음 — 휴대폰에서 전화 연결 안 됨 / 모바일 가로스크롤 발생 / 개인정보처리방침 없음,4,,,200,2026-08-06
2,아이유의원,서울,강남구,02-517-7539,http://www.i-you.co.kr/,tel: 링크 없음 — 휴대폰에서 전화 연결 안 됨 / viewport 없음 — 모바일 미대응 / 개인정보처리방침 없음,1,,,200,2026-08-06
2,아이탑성형외과의원,서울,강남구,02-555-3555,http://www.eyetop.co.kr/,tel: 링크 없음 — 휴대폰에서 전화 연결 안 됨 / 모바일 가로스크롤 발생 / 개인정보처리방침 없음 / 푸터 카피라이트 2020 — 방치 인상,11,,,200,2026-08-06
2,안성열성형외과피부과의원,서울,강남구,512-2627,http://www.pscliahn.com/,HTTPS 미설정(http로만 접속) / tel: 링크 없음 — 휴대폰에서 전화 연결 안 됨 / viewport 없음 — 모바일 미대응,2,O,javascript:void(0);,200,2026-08-06
2,압구정디오성형외과의원,서울,강남구,02-514-0350,http://www.dio-ps.com/,tel: 링크 없음 — 휴대폰에서 전화 연결 안 됨 / 모바일 가로스크롤 발생,0,O,https://www.dio-ps.com/html/108,200,2026-08-06
2,압구정리더스피부과의원,서울,강남구,1588-7333,http://www.beautyleader.co.kr/,tel: 링크 없음 — 휴대폰에서 전화 연결 안 됨 / viewport 없음 — 모바일 미대응,1,O,https://beautyleader.co.kr/bbs/content.php?co_id=privacy,200,2026-08-06
2,압구정리앤스타의원,서울,강남구,02-511-5115,http://www.leenstar.com/,tel: 링크 없음 — 휴대폰에서 전화 연결 안 됨 / 개인정보처리방침 없음,0,,,200,2026-08-06
2,압구정맘모스헤어라인의원,서울,강남구,02-518-8782,http://www.mammothseoul.com/,tel: 링크 없음 — 휴대폰에서 전화 연결 안 됨 / viewport 없음 — 모바일 미대응,1,O,https://www.mammothseoul.com/index.php/member/agreement/10,200,2026-08-06
2,압구정미라클의원,서울,강남구,02-1588-6930,http://www.naturaldoctors.co.kr/,개인정보처리방침 없음,1,,,200,2026-08-06
2,압구정바로보기안과의원,서울,강남구,02-548-3133,http://www.barobogi.com/,HTTPS 미설정(http로만 접속) / tel: 링크 없음 — 휴대폰에서 전화 연결 안 됨 / viewport 없음 — 모바일 미대응,1,,http://www.barobogi.com/member/privacy.php3,200,2026-08-06
2,압구정튠의원,서울,강남구,02-540-8011,http://www.jnd7.com/,tel: 링크 없음 — 휴대폰에서 전화 연결 안 됨 / 개인정보처리방침 없음,0,,,200,2026-08-06
2,압구정페이스라인성형외과의원,서울,강남구,02-541-8668,http://www.face-line.co.kr/,tel: 링크 없음 — 휴대폰에서 전화 연결 안 됨 / viewport 없음 — 모바일 미대응 / 푸터 카피라이트 2015 — 방치 인상,5,O,https://www.face-line.co.kr/kor/contents.php?code=01011007,200,2026-08-06
2,앤플러스의원,서울,강남구,511-6300,http://www.nplusclinic.com/,HTTPS 미설정(http로만 접속) / tel: 링크 없음 — 휴대폰에서 전화 연결 안 됨 / 모바일 가로스크롤 발생 / 푸터 카피라이트 2019 — 방치 인상,1,O,http://nplusclinic.com/page/policy.php?pageIndex=910150,200,2026-08-06
2,양재차앤박피부과의원,서울,강남구,3463-2400,http://www.cnpskin.com/,tel: 링크 없음 — 휴대폰에서 전화 연결 안 됨 / 모바일 가로스크롤 발생,2,O,https://www.cnpskin.com/pc/cnp/terms/privacy-notice.html,200,2026-08-06
2,에버그린피부과의원,서울,강남구,02-2187-7377,http://www.egskin.co.kr/,HTTPS 미설정(http로만 접속) / tel: 링크 없음 — 휴대폰에서 전화 연결 안 됨 / viewport 없음 — 모바일 미대응,0,,http://www.egskin.co.kr/inc/popup_privacy.php,200,2026-08-06
2,에버피부과의원,서울,강남구,02-795-9553,http://www.clinicever.co.kr/,모바일 가로스크롤 발생 / 푸터 카피라이트 2020 — 방치 인상,1,O,https://www.clinicever.co.kr/#,200,2026-08-06
2,에스디피부과의원,서울,강남구,02-549-7574,http://www.sdderm.co.kr/,HTTPS 미설정(http로만 접속) / tel: 링크 없음 — 휴대폰에서 전화 연결 안 됨 / 개인정보처리방침 없음 / 푸터 카피라이트 2009 — 방치 인상,1,,,200,2026-08-06
2,에스엔브이의원,서울,강남구,02-540-2227,https://snvclinic.com/,tel: 링크 없음 — 휴대폰에서 전화 연결 안 됨 / 개인정보처리방침 없음,0,,,200,2026-08-06
2,에스원성형외과의원,서울,강남구,02-546-8859,http://www.sonebk.com/,HTTPS 미설정(http로만 접속) / 모바일 가로스크롤 발생,1,O,http://www.sonebk.com/shop_info/privacy.htm,200,2026-08-06
2,에스원이비인후과의원,서울,강남구,02-516-8871,http://www.soneps.com/,HTTPS 미설정(http로만 접속),1,O,http://www.soneps.com/bbs/content.php?co_id=privacy,200,2026-08-06
2,에이치투오의원,서울,강남구,02-593-5670,http://www.htoaging.com/,HTTPS 미설정(http로만 접속) / tel: 링크 없음 — 휴대폰에서 전화 연결 안 됨 / 개인정보처리방침 없음,1,,,200,2026-08-06
2,에이트성형외과의원,서울,강남구,1855-0858,https://www.eightprs.com/,푸터 카피라이트 2020 — 방치 인상,2,O,https://www.eightprs.com/page/privacy,200,2026-08-06
2,엑스오성형외과의원,서울,강남구,02-518-7780,https://www.xoprs.com/,tel: 링크 없음 — 휴대폰에서 전화 연결 안 됨,3,,javascript:pop_private(),200,2026-08-06
2,엔비유의원,서울,강남구,02-323-3993,http://www.nvu.co.kr/,tel: 링크 없음 — 휴대폰에서 전화 연결 안 됨,0,,https://nvu.co.kr/member/privacy.html,200,2026-08-06
2,엘르성형외과의원,서울,강남구,3446-7377,http://www.elleclinic.com/,HTTPS 미설정(http로만 접속) / tel: 링크 없음 — 휴대폰에서 전화 연결 안 됨 / 개인정보처리방침 없음,0,,,200,2026-08-06
2,역삼이창훈이비인후과의원,서울,강남구,02-564-5647,http://yeoksamlee-ent.co.kr/,HTTPS 미설정(http로만 접속) / tel: 링크 없음 — 휴대폰에서 전화 연결 안 됨 / viewport 없음 — 모바일 미대응 / 푸터 카피라이트 2012 — 방치 인상,0,,http://yeoksamlee-ent.co.kr/#self,200,2026-08-06
2,연세더블유여성의원,서울,강남구,02-501-7053,https://blog.naver.com/yonseiw,tel: 링크 없음 — 휴대폰에서 전화 연결 안 됨 / viewport 없음 — 모바일 미대응 / 개인정보처리방침 없음,0,,,200,2026-08-06
2,연세라인업의원,서울,강남구,02-553-8070,http://www.xn--oi2bp8p5vd3em9e.kr/,HTTPS 미설정(http로만 접속) / tel: 링크 없음 — 휴대폰에서 전화 연결 안 됨 / viewport 없음 — 모바일 미대응,1,,http://www.xn--oi2bp8p5vd3em9e.kr/other/privacy.php,200,2026-08-06
2,연세미다인의원,서울,강남구,02-326-2666,http://www.midain.com/,HTTPS 미설정(http로만 접속) / tel: 링크 없음 — 휴대폰에서 전화 연결 안 됨 / viewport 없음 — 모바일 미대응 / 개인정보처리방침 없음,0,,,200,2026-08-06
2,연세미타임피부과의원,서울,강남구,02-508-5881,http://www.metime.co.kr/,HTTPS 미설정(http로만 접속),0,O,http://metime.co.kr/Privacy-Policy/,200,2026-08-06
2,연세선우의원,서울,강남구,02-563-1469,http://www.sunwooclinic.com/,HTTPS 미설정(http로만 접속),0,,http://www.sunwooclinic.com/default/info2.php,200,2026-08-06
2,연세아이미스템의원,서울,강남구,02-6014-3100,http://www.imistemcell.com/,HTTPS 미설정(http로만 접속),0,,http://www.imistemcell.com/bbs/content.php?co_id=privacy,200,2026-08-06
2,예작비뇨의학과의원,서울,강남구,1577-7565,http://www.yezak.co.kr/,HTTPS 미설정(http로만 접속) / 개인정보처리방침 없음,1,O,,200,2026-08-06
2,예지인피부과의원,서울,강남구,02-501-6885,http://m.bestlaser.co.kr/,tel: 링크 없음 — 휴대폰에서 전화 연결 안 됨 / 개인정보처리방침 없음,0,,,200,2026-08-06
2,오드의원,서울,강남구,02-569-0222,http://www.odeclinic.co.kr/,tel: 링크 없음 — 휴대폰에서 전화 연결 안 됨,1,O,https://odeclinicseoul.com/ko/privacy,200,2026-08-06
2,오로라의원,서울,강남구,1577-2968,http://www.auroraclinic.co.kr/,HTTPS 미설정(http로만 접속) / tel: 링크 없음 — 휴대폰에서 전화 연결 안 됨 / 모바일 가로스크롤 발생 / 푸터 카피라이트 2022 — 방치 인상,1,O,http://www.auroraclinic.co.kr/default/#;,200,2026-08-06
2,오운의원,서울,강남구,02-2016-5000,https://samseong.own-clinic.com/,모바일 가로스크롤 발생,0,O,https://samseong.own-clinic.com/terms/privacy-policy,200,2026-08-06
2,온우의원,서울,강남구,02-538-1004,https://onu-clinic.com/,tel: 링크 없음 — 휴대폰에서 전화 연결 안 됨 / 모바일 가로스크롤 발생,0,,https://www.onu-clinic.com/privacy,200,2026-08-06
2,올핏의원,서울,강남구,02-582-5592,http://www.allfit.kr/,HTTPS 미설정(http로만 접속) / tel: 링크 없음 — 휴대폰에서 전화 연결 안 됨 / viewport 없음 — 모바일 미대응,0,O,http://www.allfit.kr/sub/sub0901.php,200,2026-08-06
2,웰라스피부과의원,서울,강남구,02-556-2556,http://wellasclinic.com/,HTTPS 미설정(http로만 접속) / 개인정보처리방침 없음,0,O,,200,2026-08-06
2,웰스피부과의원,서울,강남구,02-542-2372,http://www.wellsclinic.co.kr/index.asp,HTTPS 미설정(http로만 접속) / tel: 링크 없음 — 휴대폰에서 전화 연결 안 됨 / 모바일 가로스크롤 발생 / 개인정보처리방침 없음,0,,,200,2026-08-06
2,유니서울피부과의원,서울,강남구,549-7002,http://www.uniseoul.co.kr/,HTTPS 미설정(http로만 접속) / tel: 링크 없음 — 휴대폰에서 전화 연결 안 됨 / viewport 없음 — 모바일 미대응 / 개인정보처리방침 없음,0,,,200,2026-08-06
2,유니크성형외과의원,서울,강남구,02-561-2255,http://www.uniqueps.co.kr/,tel: 링크 없음 — 휴대폰에서 전화 연결 안 됨 / 모바일 가로스크롤 발생 / 푸터 카피라이트 2013 — 방치 인상,4,O,https://www.uniqueps.co.kr/class_Utils/personal.html,200,2026-08-06
2,유레카피부과의원,서울,강남구,02-3446-7515,http://www.eurekaskin.com/,모바일 가로스크롤 발생,2,O,https://www.eurekaskin.com/protection,200,2026-08-06
2,이규호모아름의원,서울,강남구,3443-5826,http://www.moarm.com/,HTTPS 미설정(http로만 접속) / 모바일 가로스크롤 발생 / 개인정보처리방침 없음,1,O,,200,2026-08-06
2,이혜미산부인과의원,서울,강남구,508-4693,http://www.hemi.co.kr/,HTTPS 미설정(http로만 접속) / tel: 링크 없음 — 휴대폰에서 전화 연결 안 됨 / viewport 없음 — 모바일 미대응,1,,http://www.hemi.co.kr/bbs/content.php?co_id=privacy,200,2026-08-06
2,이호표피부과의원,서울,강남구,02-512-8600,http://www.hohoskin.com/,HTTPS 미설정(http로만 접속) / tel: 링크 없음 — 휴대폰에서 전화 연결 안 됨 / viewport 없음 — 모바일 미대응 / 개인정보처리방침 없음,0,,,200,2026-08-06
2,일공공성형외과의원,서울,강남구,02-541-0011,http://100plasticsurgery.com/,tel: 링크 없음 — 휴대폰에서 전화 연결 안 됨 / 모바일 가로스크롤 발생,0,O,https://www.100plasticsurgery.com/privacy.html,200,2026-08-06
2,제니의원,서울,강남구,02-511-1535,http://www.jennyclinic.kr/,HTTPS 미설정(http로만 접속),3,O,http://www.jennyclinic.kr/?mode=privacy,200,2026-08-06
2,제이와이성형외과의원,서울,강남구,02-512-5800,http://jy-clinic.com/,HTTPS 미설정(http로만 접속) / tel: 링크 없음 — 휴대폰에서 전화 연결 안 됨,1,,http://jy-clinic.com/other/other01.php,200,2026-08-06
2,제이피성형외과의원,서울,강남구,02-544-9191,http://jpplastic.co.kr/,tel: 링크 없음 — 휴대폰에서 전화 연결 안 됨 / viewport 없음 — 모바일 미대응 / 개인정보처리방침 없음,0,,,200,2026-08-06
2,젬마의원,서울,강남구,518-0057,http://www.gemmahair.com/,HTTPS 미설정(http로만 접속),1,,http://www.gemmahair.com/,200,2026-08-06
2,조수영성형외과의원,서울,강남구,02-512-1864,http://www.chocc.co.kr/,HTTPS 미설정(http로만 접속) / tel: 링크 없음 — 휴대폰에서 전화 연결 안 됨 / viewport 없음 — 모바일 미대응 / 개인정보처리방침 없음,0,,,200,2026-08-06
2,조앤박의원,서울,강남구,02-517-8830,http://www.joandpark.com/,HTTPS 미설정(http로만 접속) / viewport 없음 — 모바일 미대응,3,O,http://www.joandpark.com/bbs/page.php?hid=privacy,200,2026-08-06
2,지아인의원,서울,강남구,02-575-2233,http://www.ziain.com/,HTTPS 미설정(http로만 접속) / tel: 링크 없음 — 휴대폰에서 전화 연결 안 됨 / 모바일 가로스크롤 발생 / 개인정보처리방침 없음,0,,,200,2026-08-06
2,창피부과의원,서울,강남구,02-538-3575,http://www.changskin.com/,tel: 링크 없음 — 휴대폰에서 전화 연결 안 됨 / viewport 없음 — 모바일 미대응,1,O,https://www.changskin.com/index.php/member/privacy/207,200,2026-08-06
2,채우다의원,서울,강남구,02-3445-0110,http://www.chaewooooda.kr/,개인정보처리방침 없음,0,O,,200,2026-08-06
2,청담고운세상닥터지피부과의원,서울,강남구,02-541-8547,http://www.beautyforever.co.kr/,tel: 링크 없음 — 휴대폰에서 전화 연결 안 됨,3,,https://www.beautyforever.co.kr/etc/privacy.php,200,2026-08-06
2,청담더오피부과의원,서울,강남구,02-3444-0501,https://www.theoskinclinic.com/,tel: 링크 없음 — 휴대폰에서 전화 연결 안 됨 / 모바일 가로스크롤 발생,0,,"javascript:SITE.openModalMenu('m20250813070001e2997e7', 'm20250615ec35939ffd6dc');",200,2026-08-06
2,청담메자닌의원,서울,강남구,547-9711,http://www.mezzanine.co.kr/,HTTPS 미설정(http로만 접속) / tel: 링크 없음 — 휴대폰에서 전화 연결 안 됨 / 개인정보처리방침 없음,0,,,,2026-08-06
2,청담비아이의원,서울,강남구,02-501-2727,http://www.cdbi.co.kr/,HTTPS 미설정(http로만 접속) / tel: 링크 없음 — 휴대폰에서 전화 연결 안 됨 / 개인정보처리방침 없음 / 푸터 카피라이트 2021 — 방치 인상,0,,,200,2026-08-06
2,청담성모의원,서울,강남구,02-541-8175,http://www.cscell.co.kr/,HTTPS 미설정(http로만 접속) / tel: 링크 없음 — 휴대폰에서 전화 연결 안 됨 / 개인정보처리방침 없음,0,,,200,2026-08-06
2,청담아르덴의원,서울,강남구,02-518-1259,https://www.cheongdam-arden.com/,tel: 링크 없음 — 휴대폰에서 전화 연결 안 됨 / 개인정보처리방침 없음,0,,,200,2026-08-06
2,청담엔샤인의원,서울,강남구,,https://nshineclinic.co.kr/,tel: 링크 없음 — 휴대폰에서 전화 연결 안 됨 / 모바일 가로스크롤 발생,0,O,https://nshineclinic.co.kr/bbs/content.php?co_id=privacy,200,2026-08-06
2,청담오아로피부과의원,서울,강남구,02-541-8830,https://biz.hira.or.kr/index.do?sso=ok,tel: 링크 없음 — 휴대폰에서 전화 연결 안 됨 / 개인정보처리방침 없음 / 푸터 카피라이트 2017 — 방치 인상,0,,,200,2026-08-06
2,청담은피부과의원,서울,강남구,02-546-3322,http://www.eunskin.co.kr/,tel: 링크 없음 — 휴대폰에서 전화 연결 안 됨 / 개인정보처리방침 없음,1,O,,200,2026-08-06
2,청담이든의원,서울,강남구,02-515-1131,http://idun.kr/,tel: 링크 없음 — 휴대폰에서 전화 연결 안 됨 / 개인정보처리방침 없음,0,O,,200,2026-08-06
2,청담이지함피부과의원,서울,강남구,596-3600,http://www.ljh.co.kr/,tel: 링크 없음 — 휴대폰에서 전화 연결 안 됨 / 모바일 가로스크롤 발생 / 개인정보처리방침 없음,0,O,,200,2026-08-06
2,청담파크의원,서울,강남구,02-3445-8819,http://www.clinicpark.co.kr/,HTTPS 미설정(http로만 접속),1,O,http://www.clinicpark.co.kr/,200,2026-08-06
2,청담하나피부과의원,서울,강남구,02-549-6788,http://www.ehanaskin.co.kr/,HTTPS 미설정(http로만 접속) / tel: 링크 없음 — 휴대폰에서 전화 연결 안 됨 / 모바일 가로스크롤 발생 / 개인정보처리방침 없음,0,,,200,2026-08-06
2,체인지의원,서울,강남구,02-547-0809,http://www.changeclinic.co.kr/,HTTPS 미설정(http로만 접속),2,O,http://www.changeclinic.co.kr/change/,200,2026-08-06
2,최윤정피부과의원,서울,강남구,6205-7575,http://www.cyjskin.co.kr/,HTTPS 미설정(http로만 접속) / tel: 링크 없음 — 휴대폰에서 전화 연결 안 됨 / 개인정보처리방침 없음,0,,,200,2026-08-06
2,큐에이성형외과의원,서울,강남구,02-548-1103,https://www.qaps.co.kr/,tel: 링크 없음 — 휴대폰에서 전화 연결 안 됨 / 모바일 가로스크롤 발생,0,O,https://www.qaps.co.kr/etc/privacy.php,200,2026-08-06
2,클레어성형외과의원,서울,강남구,02-2138-3177,http://clairps.co.kr/,HTTPS 미설정(http로만 접속),4,O,javascript:void(0);,200,2026-08-06
2,클리니크후즈후의원,서울,강남구,02-1588-7536,http://www.snusinsa.co.kr/,HTTPS 미설정(http로만 접속) / tel: 링크 없음 — 휴대폰에서 전화 연결 안 됨 / viewport 없음 — 모바일 미대응 / 개인정보처리방침 없음,0,,,200,2026-08-06
2,클린업피부과의원,서울,강남구,512-7582,http://www.upskin.co.kr/,tel: 링크 없음 — 휴대폰에서 전화 연결 안 됨 / 모바일 가로스크롤 발생 / 개인정보처리방침 없음 / 푸터 카피라이트 2020 — 방치 인상,12,,,200,2026-08-06
2,타겟성형외과의원,서울,강남구,02-545-0345,https://www.targetprs.com/,tel: 링크 없음 — 휴대폰에서 전화 연결 안 됨,3,,javascript:pop_private(),200,2026-08-06
2,탐의원,서울,강남구,3444-5975,http://www.tamclinic.co.kr/,HTTPS 미설정(http로만 접속) / tel: 링크 없음 — 휴대폰에서 전화 연결 안 됨 / 모바일 가로스크롤 발생 / 푸터 카피라이트 2018 — 방치 인상,0,O,http://www.tamclinic.co.kr/common/html/privacy.html,200,2026-08-06
2,탱글성형외과의원,서울,강남구,02-542-8427,https://www.tanggleps.com/,tel: 링크 없음 — 휴대폰에서 전화 연결 안 됨 / viewport 없음 — 모바일 미대응 / 개인정보처리방침 없음 / 푸터 카피라이트 2022 — 방치 인상,1,,,200,2026-08-06
2,티원의원,서울,강남구,02-515-4842,https://t1clinic.com/,모바일 가로스크롤 발생 / 개인정보처리방침 없음,0,O,,200,2026-08-06
2,파인드피부과의원,서울,강남구,02-511-6004,http://www.pindderma.com/,viewport 없음 — 모바일 미대응,1,O,https://www.pindderma.com/member/popupPrivacy.php,200,2026-08-06
2,팝성형외과의원,서울,강남구,545-0025,https://pop-ps.com/,tel: 링크 없음 — 휴대폰에서 전화 연결 안 됨 / 모바일 가로스크롤 발생,1,O,https://pop-ps.com/info/privacy,200,2026-08-06
2,포레성형외과의원,서울,강남구,02-540-0188,https://faureps.com/,개인정보처리방침 없음,1,O,,200,2026-08-06
2,포모나자연의원,서울,강남구,517-4300,http://www.pomonaclinic.co.kr/,tel: 링크 없음 — 휴대폰에서 전화 연결 안 됨 / viewport 없음 — 모바일 미대응 / 개인정보처리방침 없음,0,,,200,2026-08-06
2,포이즌의원,서울,강남구,02-569-7174,http://www.veinclinic.co.kr/,푸터 카피라이트 2007 — 방치 인상,0,O,https://www.veinclinic.co.kr/member/privacy.html,200,2026-08-06
2,포인트성형외과의원,서울,강남구,3442-0088,http://www.pointdr.co.kr/,HTTPS 미설정(http로만 접속),0,O,http://www.pointdr.co.kr/theme/sekti/bbs/privacy.php,200,2026-08-06
2,퓨어피부과의원,서울,강남구,02-3443-1222,http://www.pureclinic.kr/,HTTPS 미설정(http로만 접속) / 모바일 가로스크롤 발생 / 푸터 카피라이트 2018 — 방치 인상,1,O,http://pureclinic.kr/priv,200,2026-08-06
2,프린세스산부인과의원,서울,강남구,02-541-6864,http://www.swoman.co.kr/,HTTPS 미설정(http로만 접속),2,O,http://www.swoman.co.kr/Module/Common/PopupPrivate_004.asp,200,2026-08-06
2,하오덤의원,서울,강남구,02-512-3113,https://www.haoderm.com/,모바일 가로스크롤 발생 / 개인정보처리방침 없음,1,O,,200,2026-08-06
2,한맘플러스재활의학과의원,서울,강남구,02-3452-9912,http://www.1mam.net/,HTTPS 미설정(http로만 접속),1,O,http://www.1mam.net/content/privacy,200,2026-08-06
2,한사랑노노의원,서울,강남구,511-8700,http://www.fillerbotox.com/,HTTPS 미설정(http로만 접속) / tel: 링크 없음 — 휴대폰에서 전화 연결 안 됨 / 개인정보처리방침 없음 / 푸터 카피라이트 2020 — 방치 인상,0,,,200,2026-08-06
2,한송이영상의학과의원,서울,강남구,545-5584,http://www.drhanbreast.com/,HTTPS 미설정(http로만 접속),0,O,http://www.drhanbreast.com/member/privacy.html,200,2026-08-06
2,한희피부과의원,서울,강남구,02-501-0210,http://www.hanhui.co.kr/,HTTPS 미설정(http로만 접속) / tel: 링크 없음 — 휴대폰에서 전화 연결 안 됨 / viewport 없음 — 모바일 미대응 / 개인정보처리방침 없음,1,,,200,2026-08-06
2,365열린의원,서울,강동구,02-478-0365,http://www.365medical.co.kr/,HTTPS 미설정(http로만 접속) / tel: 링크 없음 — 휴대폰에서 전화 연결 안 됨 / 모바일 가로스크롤 발생,0,,javascript:OpenMemberPrivate();,200,2026-08-06
2,강동김안과의원,서울,강동구,02-427-6006,http://www.kdkimeye.kr/,HTTPS 미설정(http로만 접속) / tel: 링크 없음 — 휴대폰에서 전화 연결 안 됨 / viewport 없음 — 모바일 미대응 / 개인정보처리방침 없음,0,,,200,2026-08-06
2,러브미의원,서울,강동구,02-486-4326,http://www.happymi.com/,HTTPS 미설정(http로만 접속) / tel: 링크 없음 — 휴대폰에서 전화 연결 안 됨 / viewport 없음 — 모바일 미대응 / 개인정보처리방침 없음,0,,,,2026-08-06
2,류마내과의원,서울,강동구,474-5450,http://www.rheumanet.com/,HTTPS 미설정(http로만 접속) / tel: 링크 없음 — 휴대폰에서 전화 연결 안 됨 / 모바일 가로스크롤 발생 / 푸터 카피라이트 2016 — 방치 인상,0,,http://www.rheumanet.com/front/html/privacy,200,2026-08-06
2,리앤안의원,서울,강동구,02-482-6622,http://www.leeahnclinic.co.kr/,HTTPS 미설정(http로만 접속) / tel: 링크 없음 — 휴대폰에서 전화 연결 안 됨 / viewport 없음 — 모바일 미대응 / 푸터 카피라이트 2019 — 방치 인상,1,O,http://www.leeahnclinic.co.kr/common/html/privacy.html,200,2026-08-06
2,미리의원,서울,강동구,470-1175,http://www.mipretty.co.kr/,HTTPS 미설정(http로만 접속) / viewport 없음 — 모바일 미대응,2,,http://www.mipretty.co.kr/member/peopleInfo.php,200,2026-08-06
2,박노준산부인과의원,서울,강동구,02-483-3600,http://www.pnjobgy.com/,HTTPS 미설정(http로만 접속) / tel: 링크 없음 — 휴대폰에서 전화 연결 안 됨 / viewport 없음 — 모바일 미대응 / 개인정보처리방침 없음,0,,,200,2026-08-06
2,비너스의원,서울,강동구,02-3427-2103,http://www.02-3427-2103.kti114.net/,HTTPS 미설정(http로만 접속) / tel: 링크 없음 — 휴대폰에서 전화 연결 안 됨 / 개인정보처리방침 없음,0,,,,2026-08-06
2,아르보의원,서울,강동구,02-477-7274,http://www.arvo.co.kr/,HTTPS 미설정(http로만 접속) / 모바일 가로스크롤 발생 / 개인정보처리방침 없음,0,,,200,2026-08-06
2,온누리피부과의원,서울,강동구,02-3426-9775,http://www.onnuriskin.co.kr/,HTTPS 미설정(http로만 접속),0,,http://www.onnuriskin.co.kr/Module/Common/PopupPrivate_004.asp,200,2026-08-06
2,웰비뇨기과의원,서울,강동구,427-7876,http://www.welluro.co.kr/,HTTPS 미설정(http로만 접속) / tel: 링크 없음 — 휴대폰에서 전화 연결 안 됨 / viewport 없음 — 모바일 미대응 / 개인정보처리방침 없음,0,,,200,2026-08-06
2,위드피부과의원,서울,강동구,02-428-0990,http://www.withderma.co.kr/,HTTPS 미설정(http로만 접속) / viewport 없음 — 모바일 미대응,0,,http://www.withderma.co.kr/notice/notice_v.asp?srno=1862421,200,2026-08-06
2,차앤박피부과의원,서울,강동구,02-485-4650,http://www.cnpskin.com/,tel: 링크 없음 — 휴대폰에서 전화 연결 안 됨 / 모바일 가로스크롤 발생,2,O,https://www.cnpskin.com/pc/cnp/terms/privacy-notice.html,200,2026-08-06
2,쿨맨비뇨의학과의원,서울,강동구,02-471-7011,http://chunho.coolman.co.kr/,푸터 카피라이트 2013 — 방치 인상,2,O,https://chunho.coolman.co.kr/bbs/content.php?co_id=privacy,200,2026-08-06
2,탑비뇨기과의원,서울,강동구,478-0100,http://www.turo.kr/,HTTPS 미설정(http로만 접속) / tel: 링크 없음 — 휴대폰에서 전화 연결 안 됨 / viewport 없음 — 모바일 미대응 / 개인정보처리방침 없음,0,,,200,2026-08-06
2,강북삼성의원,서울,강북구,02-980-8767,http://www.kangbsclinic.com/,개인정보처리방침 없음,0,,,200,2026-08-06
2,강북연세내과의원,서울,강북구,02-988-0114,http://www.we88.co.kr/,개인정보처리방침 없음,0,,,200,2026-08-06
2,노블클래식의원,서울,강북구,02-988-0057,http://www.nobleclassic.com/,tel: 링크 없음 — 휴대폰에서 전화 연결 안 됨 / 모바일 가로스크롤 발생,0,,https://nobleclassic.com/?privacy=terms&tabIdx=0,200,2026-08-06
2,라르떼의원,서울,강북구,02-907-3700,http://larte.kr/,HTTPS 미설정(http로만 접속) / tel: 링크 없음 — 휴대폰에서 전화 연결 안 됨 / viewport 없음 — 모바일 미대응 / 개인정보처리방침 없음,0,,,200,2026-08-06
2,미애로여성의원,서울,강북구,02-996-4500,http://www.miaerosu.com/,HTTPS 미설정(http로만 접속) / 모바일 가로스크롤 발생,2,O,http://www.miaerosu.com/shop_info/privacy.htm,200,2026-08-06
2,방외과의원,서울,강북구,02-984-1255,http://www.barng.co.kr/,HTTPS 미설정(http로만 접속) / 푸터 카피라이트 2016 — 방치 인상,1,O,http://www.barng.co.kr/privacy.html?PHPSESSID=a9b499c00c730a9d79bbe639735cf8ae,200,2026-08-06
2,샤인의원,서울,강북구,02-989-7654,https://shineclinic.kr/,tel: 링크 없음 — 휴대폰에서 전화 연결 안 됨 / 모바일 가로스크롤 발생,0,,https://shineclinic.kr/bbs/content.php?co_id=privacy,200,2026-08-06
2,서울의원,서울,강북구,02-997-4890,http://www.seoulkim.co.kr/,HTTPS 미설정(http로만 접속),1,,http://www.seoulkim.co.kr/?mode=privacy,200,2026-08-06
2,수유바로본의원,서울,강북구,02-991-7511,https://www.suyubarobone.co.kr/,개인정보처리방침 없음,1,,,200,2026-08-06
2,엘앤에스비뇨기과의원,서울,강북구,02-988-1151,http://www.lnsclinic.com/,HTTPS 미설정(http로만 접속) / tel: 링크 없음 — 휴대폰에서 전화 연결 안 됨,2,O,http://www.lnsclinic.com/bbs/content.php?co_id=privacy,200,2026-08-06
2,엠에스아산내과의원,서울,강북구,02-997-0123,http://www.msasan.com/,HTTPS 미설정(http로만 접속) / tel: 링크 없음 — 휴대폰에서 전화 연결 안 됨 / viewport 없음 — 모바일 미대응 / 개인정보처리방침 없음,0,,,200,2026-08-06
2,연세견우정형외과의원,서울,강북구,02-988-0063,http://www.shoulderfriends.co.kr/,HTTPS 미설정(http로만 접속) / tel: 링크 없음 — 휴대폰에서 전화 연결 안 됨 / viewport 없음 — 모바일 미대응 / 개인정보처리방침 없음,0,,,200,2026-08-06
2,연세신효선성형외과의원,서울,강북구,02-905-0690,http://www.yonseiclinic.net/,tel: 링크 없음 — 휴대폰에서 전화 연결 안 됨 / 개인정보처리방침 없음 / 푸터 카피라이트 2002 — 방치 인상,1,,,200,2026-08-06
2,우리맑은의원,서울,강북구,02-987-7711,http://www.wooriskin.com/,HTTPS 미설정(http로만 접속) / tel: 링크 없음 — 휴대폰에서 전화 연결 안 됨 / viewport 없음 — 모바일 미대응,4,,http://www.wooriskin.com/notice/notice_v.asp?srno=1862421&MenuNumber=5&PageNumber=1&SubPageNumber=0,200,2026-08-06
2,체인지미피부과의원,서울,강북구,02-998-9114,http://www.change-me.com/,HTTPS 미설정(http로만 접속) / tel: 링크 없음 — 휴대폰에서 전화 연결 안 됨 / 개인정보처리방침 없음,0,,,200,2026-08-06
2,푸름외과의원,서울,강북구,02-981-6006,http://epurum.net/,HTTPS 미설정(http로만 접속) / 푸터 카피라이트 2013 — 방치 인상,0,,http://epurum.net/?page_id=2699,200,2026-08-06
2,하맥외과의원,서울,강북구,02-985-2332,http://www.harmac.co.kr/,HTTPS 미설정(http로만 접속) / tel: 링크 없음 — 휴대폰에서 전화 연결 안 됨 / viewport 없음 — 모바일 미대응,0,,http://www.harmac.co.kr/#,200,2026-08-06
2,강남준성형외과의원,서울,강서구,533-0285,http://www.juneclinic.co.kr/,tel: 링크 없음 — 휴대폰에서 전화 연결 안 됨 / 모바일 가로스크롤 발생 / 개인정보처리방침 없음,6,,,200,2026-08-06
2,강서연세내과의원,서울,강서구,02-2662-7582,http://www.gs-yonsei.com/,HTTPS 미설정(http로만 접속) / viewport 없음 — 모바일 미대응,0,,javascript:OpenMemberPrivate();,200,2026-08-06
2,라르떼의원,서울,강서구,02-2604-0100,http://larte.kr/,HTTPS 미설정(http로만 접속) / tel: 링크 없음 — 휴대폰에서 전화 연결 안 됨 / viewport 없음 — 모바일 미대응 / 개인정보처리방침 없음,0,,,200,2026-08-06
2,맑은얼굴의원,서울,강서구,02-2698-3011,http://www.cleanface.co.kr/,HTTPS 미설정(http로만 접속) / tel: 링크 없음 — 휴대폰에서 전화 연결 안 됨 / 모바일 가로스크롤 발생 / 푸터 카피라이트 2013 — 방치 인상,0,,http://www.cleanface.co.kr/new2013/jmmember/rule.php,200,2026-08-06
2,베러미의원,서울,강서구,02-6349-9000,https://magoknaru.bettermeclinic.co.kr/,모바일 가로스크롤 발생 / 개인정보처리방침 없음,0,O,,200,2026-08-06
2,보아스이비인후과의원,서울,강서구,02-2601-7528,http://www.boazent.co.kr/,tel: 링크 없음 — 휴대폰에서 전화 연결 안 됨 / 개인정보처리방침 없음,2,,,200,2026-08-06
2,비전이비인후과의원,서울,강서구,02-3664-8001,http://www.drnose.co.kr/,HTTPS 미설정(http로만 접속) / tel: 링크 없음 — 휴대폰에서 전화 연결 안 됨 / viewport 없음 — 모바일 미대응 / 개인정보처리방침 없음,0,,,200,2026-08-06
2,셀로디피부과의원 강서점,서울,강서구,02-3664-1675,https://ks.cellodyskin.com/,tel: 링크 없음 — 휴대폰에서 전화 연결 안 됨 / 모바일 가로스크롤 발생,0,O,https://ks.cellodyskin.com/bbs/content.php?co_id=privacy,200,2026-08-06
2,에스앤유장승호피부과의원,서울,강서구,02-567-5050,http://www.snusinsa.co.kr/,HTTPS 미설정(http로만 접속) / tel: 링크 없음 — 휴대폰에서 전화 연결 안 됨 / viewport 없음 — 모바일 미대응 / 개인정보처리방침 없음,0,,,200,2026-08-06
2,엘유라인업의원,서울,강서구,02-2646-4200,http://www.luclinic.co.kr/,HTTPS 미설정(http로만 접속) / 개인정보처리방침 없음,1,,,200,2026-08-06
2,우리정형외과의원,서울,강서구,02-2644-0114,http://www.woorios.co.kr/,HTTPS 미설정(http로만 접속) / tel: 링크 없음 — 휴대폰에서 전화 연결 안 됨 / viewport 없음 — 모바일 미대응,1,,http://www.woorios.co.kr/notice/notice_v.asp?srno=1862421&MenuNumber=6&PageNumber=1&SubPageNumber=0,200,2026-08-06
2,의) 롯데의료재단 보바스의원,서울,강서구,02-6735-6800,https://www.bobathm.net/,tel: 링크 없음 — 휴대폰에서 전화 연결 안 됨 / 개인정보처리방침 없음,2,,,200,2026-08-06
2,이고은피부과의원,서울,강서구,02-2606-0075,http://www.ourskin.co.kr/,HTTPS 미설정(http로만 접속) / 푸터 카피라이트 2017 — 방치 인상,1,,javascript:private_toggle();,200,2026-08-06
2,최비뇨의학과의원,서울,강서구,02-2659-9477,http://www.choiclinic.com/,HTTPS 미설정(http로만 접속) / tel: 링크 없음 — 휴대폰에서 전화 연결 안 됨 / viewport 없음 — 모바일 미대응,0,,http://www.choiclinic.com/#,200,2026-08-06
2,코앤유의원,서울,강서구,02-2661-0567,http://www.conyou.co.kr/,HTTPS 미설정(http로만 접속) / tel: 링크 없음 — 휴대폰에서 전화 연결 안 됨,2,,http://www.conyou.co.kr/#none,200,2026-08-06
2,하나메디퀸즈의원,서울,강서구,,http://hanamediqueens.com/,HTTPS 미설정(http로만 접속) / tel: 링크 없음 — 휴대폰에서 전화 연결 안 됨,0,,http://hanamediqueens.com/#,200,2026-08-06
2,현대항분하지외과의원,서울,강서구,02-2698-5021,http://vein75.net/,HTTPS 미설정(http로만 접속) / tel: 링크 없음 — 휴대폰에서 전화 연결 안 됨 / 모바일 가로스크롤 발생 / 개인정보처리방침 없음,0,,,200,2026-08-06
2,김의원,서울,관악구,02-855-7541,http://dr-kiment.co.kr/,HTTPS 미설정(http로만 접속) / tel: 링크 없음 — 휴대폰에서 전화 연결 안 됨 / 모바일 가로스크롤 발생 / 푸터 카피라이트 2016 — 방치 인상,2,,http://dr-kiment.co.kr/memberjoins/personInfoPolicy,200,2026-08-06
2,리즈산부인과의원,서울,관악구,02-888-1218,http://www.iriz.co.kr/user/branch/branch/contents_01.asp?bseq=OCAg#contents_area,모바일 가로스크롤 발생,1,,https://www.womanlaser.com/member/policy.jsp,200,2026-08-06
2,박앤박피부과의원,서울,관악구,02-888-0750,http://www.parknpark.co.kr/,tel: 링크 없음 — 휴대폰에서 전화 연결 안 됨 / 개인정보처리방침 없음,0,,,200,2026-08-06
2,서울온비뇨의학과의원,서울,관악구,02-877-7788,http://on-uro.com/,HTTPS 미설정(http로만 접속) / tel: 링크 없음 — 휴대폰에서 전화 연결 안 됨 / 개인정보처리방침 없음,0,,,200,2026-08-06
2,연세365산부인과의원,서울,관악구,02-547-2876,http://www.ysmi.co.kr/,HTTPS 미설정(http로만 접속) / tel: 링크 없음 — 휴대폰에서 전화 연결 안 됨 / 개인정보처리방침 없음,0,,,200,2026-08-06
2,충민내과의원,서울,관악구,02-478-0035,http://www.drcancer.or.kr/,HTTPS 미설정(http로만 접속) / tel: 링크 없음 — 휴대폰에서 전화 연결 안 됨 / 푸터 카피라이트 2021 — 방치 인상,0,,http://www.drcancer.or.kr/bbs/content.php?co_id=privacy,200,2026-08-06
2,코스모스의원,서울,관악구,02-877-8383,http://www.cosmosps.com/,HTTPS 미설정(http로만 접속) / tel: 링크 없음 — 휴대폰에서 전화 연결 안 됨 / viewport 없음 — 모바일 미대응 / 개인정보처리방침 없음,0,,,200,2026-08-06
2,하나항맥외과의원,서울,관악구,02-875-7233,http://www.1hangmac.kr/,HTTPS 미설정(http로만 접속) / tel: 링크 없음 — 휴대폰에서 전화 연결 안 됨 / viewport 없음 — 모바일 미대응 / 개인정보처리방침 없음,0,,,200,2026-08-06
2,고려산부인과의원,서울,광진구,02-462-7799,http://www.koreaobgy.co.kr/,HTTPS 미설정(http로만 접속) / tel: 링크 없음 — 휴대폰에서 전화 연결 안 됨 / viewport 없음 — 모바일 미대응 / 개인정보처리방침 없음,0,,,200,2026-08-06
2,굿모닝함운외과의원,서울,광진구,455-7175,http://www.gm7175.com/,HTTPS 미설정(http로만 접속),0,,http://www.gm7175.com/08sub/sub_02.php,200,2026-08-06
2,그랜트피부과의원,서울,광진구,02-2039-1477,http://www.grantskin.com/,tel: 링크 없음 — 휴대폰에서 전화 연결 안 됨 / viewport 없음 — 모바일 미대응 / 푸터 카피라이트 2021 — 방치 인상,0,O,https://www.grantskin.com/bbs/content.php?co_id=privacy,200,2026-08-06
2,김재선피부과의원,서울,광진구,02-455-0080,http://nice080.co.kr/024550080/index.asp,HTTPS 미설정(http로만 접속) / tel: 링크 없음 — 휴대폰에서 전화 연결 안 됨 / 모바일 가로스크롤 발생 / 개인정보처리방침 없음,0,,,200,2026-08-06
2,라비아의원,서울,광진구,464-9500,http://www.kd-lamarskin.com/,HTTPS 미설정(http로만 접속) / tel: 링크 없음 — 휴대폰에서 전화 연결 안 됨 / viewport 없음 — 모바일 미대응 / 개인정보처리방침 없음,3,,,200,2026-08-06
2,맑은윤의원,서울,광진구,02-452-5958,http://www.dryoonclinic.com/,HTTPS 미설정(http로만 접속) / 개인정보처리방침 없음,1,O,,200,2026-08-06
2,샤인소아청소년과의원,서울,광진구,02-562-8275,http://www.shineped.co.kr/,HTTPS 미설정(http로만 접속) / tel: 링크 없음 — 휴대폰에서 전화 연결 안 됨 / viewport 없음 — 모바일 미대응 / 개인정보처리방침 없음,0,,,200,2026-08-06
2,서울내외의원,서울,광진구,02-456-7002,http://www.seouldoctors.kr/,HTTPS 미설정(http로만 접속) / tel: 링크 없음 — 휴대폰에서 전화 연결 안 됨 / viewport 없음 — 모바일 미대응 / 개인정보처리방침 없음,0,O,,200,2026-08-06
2,서울엠비(MB)내과의원,서울,광진구,02-466-9100,http://www.seoulmb.com/,HTTPS 미설정(http로만 접속) / tel: 링크 없음 — 휴대폰에서 전화 연결 안 됨 / viewport 없음 — 모바일 미대응,0,,javascript:;,200,2026-08-06
2,코넬비뇨의학과의원,서울,광진구,02-468-8119,http://www.conel.co.kr/,HTTPS 미설정(http로만 접속) / tel: 링크 없음 — 휴대폰에서 전화 연결 안 됨 / viewport 없음 — 모바일 미대응 / 개인정보처리방침 없음,0,,,200,2026-08-06
2,건강세상의원,서울,구로구,02-3281-8285,http://www.geonsei.co.kr/,HTTPS 미설정(http로만 접속) / tel: 링크 없음 — 휴대폰에서 전화 연결 안 됨 / viewport 없음 — 모바일 미대응,0,,http://www.geonsei.co.kr/notice/notice_v.asp?srno=1862421,200,2026-08-06
2,미인의원,서울,구로구,02-858-6008,http://miinclinic.kr/,HTTPS 미설정(http로만 접속) / tel: 링크 없음 — 휴대폰에서 전화 연결 안 됨,0,,http://www.miinclinic.kr/shop_info/privacy.htm,200,2026-08-06
2,사랑의피부과의원,서울,구로구,02-855-3591,http://www.skincha.com/,tel: 링크 없음 — 휴대폰에서 전화 연결 안 됨 / 개인정보처리방침 없음,0,,,200,2026-08-06
2,슈퍼스타피부과의원,서울,구로구,02-859-7579,http://www.superskin.co.kr/,HTTPS 미설정(http로만 접속) / viewport 없음 — 모바일 미대응,0,,http://www.superskin.co.kr/member/privacy.html,200,2026-08-06
2,아름생가정의학과의원,서울,구로구,02-2060-7621,http://www.ungman.kr/index.asp,HTTPS 미설정(http로만 접속) / tel: 링크 없음 — 휴대폰에서 전화 연결 안 됨 / viewport 없음 — 모바일 미대응,0,,http://www.ungman.kr/notice/notice_v.asp?srno=451392,200,2026-08-06
2,이아소내과의원,서울,구로구,02-2066-8866,http://www.iasomed.co.kr/,HTTPS 미설정(http로만 접속) / tel: 링크 없음 — 휴대폰에서 전화 연결 안 됨 / viewport 없음 — 모바일 미대응 / 개인정보처리방침 없음,0,,,200,2026-08-06
2,지앤산부인과의원,서울,구로구,02-852-2828,http://www.jiaen.co.kr/,HTTPS 미설정(http로만 접속) / 푸터 카피라이트 2018 — 방치 인상,0,O,http://www.jiaen.co.kr/common/html/privacy.html,200,2026-08-06
2,진가정의학과의원,서울,구로구,02-2025-7120,http://jinfamily.co.kr/,HTTPS 미설정(http로만 접속) / tel: 링크 없음 — 휴대폰에서 전화 연결 안 됨 / viewport 없음 — 모바일 미대응 / 개인정보처리방침 없음,0,,,200,2026-08-06
2,참좋은내과의원,서울,구로구,02-839-0075,http://goodim.net/,HTTPS 미설정(http로만 접속) / tel: 링크 없음 — 휴대폰에서 전화 연결 안 됨 / viewport 없음 — 모바일 미대응 / 개인정보처리방침 없음,0,,,200,2026-08-06
2,코앤유의원,서울,구로구,02-2633-5687,http://www.coyou.co.kr/,HTTPS 미설정(http로만 접속) / 개인정보처리방침 없음,0,,,200,2026-08-06
2,한길의원,서울,구로구,02-2617-8887,http://www.hangilclinic.co.kr/,HTTPS 미설정(http로만 접속) / tel: 링크 없음 — 휴대폰에서 전화 연결 안 됨 / viewport 없음 — 모바일 미대응 / 개인정보처리방침 없음,0,,,200,2026-08-06
2,(재)이랜드재단 이랜드의원,서울,금천구,2635-8668,http://www.elandclinic.com/,tel: 링크 없음 — 휴대폰에서 전화 연결 안 됨 / viewport 없음 — 모바일 미대응 / 개인정보처리방침 없음 / 푸터 카피라이트 2011 — 방치 인상,1,O,,200,2026-08-06
2,굿아이금천이안과의원,서울,금천구,02-805-2700,http://www.goodeye.kr/,HTTPS 미설정(http로만 접속),0,,http://www.goodeye.kr/bbs/content.php?co_id=privacy,200,2026-08-06
2,네오의원,서울,금천구,02-861-0610,http://www.neoclinic.kr/,HTTPS 미설정(http로만 접속) / tel: 링크 없음 — 휴대폰에서 전화 연결 안 됨 / viewport 없음 — 모바일 미대응 / 개인정보처리방침 없음,0,,,200,2026-08-06
2,홀인원의원,서울,금천구,02-2083-8575,http://www.manpride.net/,HTTPS 미설정(http로만 접속) / tel: 링크 없음 — 휴대폰에서 전화 연결 안 됨 / 개인정보처리방침 없음,0,,,200,2026-08-06
2,고은미즈의원,서울,노원구,02-3392-3338,http://www.gomiz.co.kr/,HTTPS 미설정(http로만 접속) / tel: 링크 없음 — 휴대폰에서 전화 연결 안 됨 / viewport 없음 — 모바일 미대응,0,,http://www.gomiz.co.kr/index.php?menu_code1=membership&menu_code2=private,200,2026-08-06
2,노원탑365의원,서울,노원구,02-935-0365,https://www.no1top365.com/,모바일 가로스크롤 발생,2,,https://www.no1top365.com/?mode=privacy,200,2026-08-06
2,닥터로피부과의원,서울,노원구,02-937-0043,http://rhoskin.com/,HTTPS 미설정(http로만 접속) / tel: 링크 없음 — 휴대폰에서 전화 연결 안 됨 / viewport 없음 — 모바일 미대응 / 개인정보처리방침 없음,1,,,200,2026-08-06
2,서울맥마취통증의학과의원,서울,노원구,02-934-1119,http://www.macpain.co.kr/,HTTPS 미설정(http로만 접속) / tel: 링크 없음 — 휴대폰에서 전화 연결 안 됨 / viewport 없음 — 모바일 미대응 / 개인정보처리방침 없음 / 푸터 카피라이트 2015 — 방치 인상,1,,,200,2026-08-06
2,서울비뇨기과의원,서울,노원구,02-951-4336,http://www.uronowon.com/,tel: 링크 없음 — 휴대폰에서 전화 연결 안 됨 / viewport 없음 — 모바일 미대응 / 개인정보처리방침 없음,4,,,200,2026-08-06
2,서울삼성내과의원,서울,노원구,,http://www.samsunghealth.net/,HTTPS 미설정(http로만 접속) / tel: 링크 없음 — 휴대폰에서 전화 연결 안 됨 / viewport 없음 — 모바일 미대응,0,,http://www.samsunghealth.net/notice/notice_v.asp?srno=1862421,200,2026-08-06
2,어비뇨기과의원,서울,노원구,02-930-0131,http://www.stone-clinic.com/,HTTPS 미설정(http로만 접속) / tel: 링크 없음 — 휴대폰에서 전화 연결 안 됨 / viewport 없음 — 모바일 미대응 / 개인정보처리방침 없음,0,,,200,2026-08-06
2,이종호의원,서울,노원구,932-9366,http://www.whiteskinclinic.co.kr/,HTTPS 미설정(http로만 접속) / tel: 링크 없음 — 휴대폰에서 전화 연결 안 됨 / 모바일 가로스크롤 발생,0,,javascript:OpenMemberPrivate();,200,2026-08-06
2,차앤박피부과의원,서울,노원구,02-933-0571,http://www.cnpskin.com/hos/main.php?groupid=cnpskin18,tel: 링크 없음 — 휴대폰에서 전화 연결 안 됨 / 모바일 가로스크롤 발생,1,O,https://www.cnpskin.com/pc/cnp/terms/privacy-notice.html,200,2026-08-06
2,청담보드레의원,서울,노원구,02-6737-7776,https://www.cd-bodre.com/,모바일 가로스크롤 발생,0,O,https://www.cd-bodre.com/?mode=privacy,200,2026-08-06
2,탑메디피부과의원,서울,노원구,932-0770,http://www.topmediskin.com/,tel: 링크 없음 — 휴대폰에서 전화 연결 안 됨 / viewport 없음 — 모바일 미대응 / 개인정보처리방침 없음,0,,,200,2026-08-06
2,태릉본비뇨기과의원,서울,노원구,02-960-8108,http://www.bornuro.co.kr/,HTTPS 미설정(http로만 접속) / tel: 링크 없음 — 휴대폰에서 전화 연결 안 됨,1,,http://www.bornuro.co.kr/?mode=privacy,200,2026-08-06
2,피오나여성의원,서울,노원구,02-951-7111,http://www.fionaclinic.co.kr/,HTTPS 미설정(http로만 접속) / tel: 링크 없음 — 휴대폰에서 전화 연결 안 됨,1,,http://www.fionaclinic.co.kr/?mode=privacy,200,2026-08-06
2,행복한피부과의원,서울,노원구,02-932-2255,http://www.happyskin.co.kr/,HTTPS 미설정(http로만 접속) / 개인정보처리방침 없음,0,O,,200,2026-08-06
2,힐링산부인과의원,서울,노원구,02-952-9100,http://www.healing-lady.com/,HTTPS 미설정(http로만 접속) / tel: 링크 없음 — 휴대폰에서 전화 연결 안 됨 / viewport 없음 — 모바일 미대응 / 개인정보처리방침 없음 / 푸터 카피라이트 2014 — 방치 인상,0,,,200,2026-08-06
2,김민석재활의학과의원,서울,도봉구,02-999-4811,http://www.painzeroclinic.com/,HTTPS 미설정(http로만 접속) / tel: 링크 없음 — 휴대폰에서 전화 연결 안 됨 / viewport 없음 — 모바일 미대응 / 개인정보처리방침 없음,0,,,200,2026-08-06
2,더샤인한스의원,서울,도봉구,990-3002,http://mantamo.com/,HTTPS 미설정(http로만 접속) / 푸터 카피라이트 2011 — 방치 인상,3,,http://mantamo.com/?mode=privacy,200,2026-08-06
2,방학연세이비인후과의원,서울,도봉구,02-6409-7582,https://banghakyonseient.com/,tel: 링크 없음 — 휴대폰에서 전화 연결 안 됨 / 개인정보처리방침 없음,0,,,200,2026-08-06
2,서울항맥외과의원,서울,도봉구,02-997-0700,http://www.anovein.com/,HTTPS 미설정(http로만 접속) / 모바일 가로스크롤 발생,1,O,http://www.anovein.com/shop_info/privacy.htm,200,2026-08-06
2,양시영내과의원,서울,도봉구,990-5100,http://www.bestyang.com/,HTTPS 미설정(http로만 접속) / tel: 링크 없음 — 휴대폰에서 전화 연결 안 됨 / viewport 없음 — 모바일 미대응 / 개인정보처리방침 없음,0,,,200,2026-08-06
2,연세애드미피부과의원,서울,도봉구,02-906-1400,http://www.addbeauty.co.kr/,HTTPS 미설정(http로만 접속) / viewport 없음 — 모바일 미대응,5,O,http://www.addmiskin.com/info_ma,200,2026-08-06
2,더힐피부과의원,서울,동대문구,02-960-3469,https://thehealddm.com/,tel: 링크 없음 — 휴대폰에서 전화 연결 안 됨 / viewport 없음 — 모바일 미대응,0,O,https://thehealddm.com/bbs/content.php?co_id=privacy,200,2026-08-06
2,동대문닥터스피부과의원,서울,동대문구,02-6949-1201,https://www.doctors365.co.kr/branch/dongdaemun.php,개인정보처리방침 없음,2,O,,200,2026-08-06
2,서울아트피부과의원,서울,동대문구,02-966-1357,https://seoulartclinic.modoo.at/,tel: 링크 없음 — 휴대폰에서 전화 연결 안 됨 / 개인정보처리방침 없음,0,,,200,2026-08-06
2,서울청명안과의원,서울,동대문구,02-6953-1285,https://cmeyeclinic.co.kr/,모바일 가로스크롤 발생,0,,https://cmeyeclinic.co.kr/?mode=privacy,200,2026-08-06
2,선정형외과의원,서울,동대문구,02-964-5782,http://www.sunhosp.co.kr/index.asp,HTTPS 미설정(http로만 접속) / tel: 링크 없음 — 휴대폰에서 전화 연결 안 됨 / viewport 없음 — 모바일 미대응 / 개인정보처리방침 없음,0,,,200,2026-08-06
2,연세참이비인후과의원,서울,동대문구,969-2500,http://www.yscharm.com/,HTTPS 미설정(http로만 접속) / tel: 링크 없음 — 휴대폰에서 전화 연결 안 됨 / viewport 없음 — 모바일 미대응,0,,http://www.yscharm.com/notice/notice_v.asp?srno=1862421,200,2026-08-06
2,오아로피부과의원 청량리,서울,동대문구,02-967-1064,http://oarocnn.com/,tel: 링크 없음 — 휴대폰에서 전화 연결 안 됨,0,O,https://www.oarocnn.com/oaro/ko/policy/privacy-policy,200,2026-08-06
2,웰비뇨기과의원,서울,동대문구,02-2248-8245,http://www.stonewell.co.kr/,HTTPS 미설정(http로만 접속) / tel: 링크 없음 — 휴대폰에서 전화 연결 안 됨 / viewport 없음 — 모바일 미대응 / 개인정보처리방침 없음,0,,,200,2026-08-06
2,혜성플러스의원,서울,동대문구,02-2244-6356,http://www.hsplus-im.co.kr/,HTTPS 미설정(http로만 접속) / tel: 링크 없음 — 휴대폰에서 전화 연결 안 됨 / viewport 없음 — 모바일 미대응,0,,http://www.hsplus-im.co.kr/notice/notice_v.asp?srno=1862421,200,2026-08-06
2,고운미의원,서울,동작구,02-3482-8875,http://www.gounmiclinic.co.kr/,HTTPS 미설정(http로만 접속) / tel: 링크 없음 — 휴대폰에서 전화 연결 안 됨 / viewport 없음 — 모바일 미대응,0,,javascript:OpenMemberPrivate(),200,2026-08-06
2,김헌곤성형외과의원,서울,동작구,02-842-3333,http://www.seoulps.com/,HTTPS 미설정(http로만 접속) / 개인정보처리방침 없음 / 푸터 카피라이트 2019 — 방치 인상,0,O,,200,2026-08-06
2,노현주산부인과의원,서울,동작구,02-6278-7575,http://www.womenclinic.kr/,HTTPS 미설정(http로만 접속) / 모바일 가로스크롤 발생 / 푸터 카피라이트 2013 — 방치 인상,0,O,http://www.womenclinic.kr/new2013/jmmember/rule.php?lv=3,200,2026-08-06
2,늘건강내과이비인후과의원,서울,동작구,02-822-3375,http://www.neulgungang.co.kr/,HTTPS 미설정(http로만 접속) / tel: 링크 없음 — 휴대폰에서 전화 연결 안 됨 / viewport 없음 — 모바일 미대응,0,,http://www.neulgungang.co.kr/notice/notice_v.asp?srno=1862421,200,2026-08-06
2,드림이비인후과의원,서울,동작구,02-815-9575,http://www.dreament.kr/,tel: 링크 없음 — 휴대폰에서 전화 연결 안 됨 / viewport 없음 — 모바일 미대응 / 개인정보처리방침 없음,0,O,,200,2026-08-06
2,라인업의원,서울,동작구,3477-7412,http://www.lineupclinic.co.kr/,HTTPS 미설정(http로만 접속) / 모바일 가로스크롤 발생 / 개인정보처리방침 없음,0,O,,200,2026-08-06
2,미소앤유의원,서울,동작구,02-523-3575,http://www.minuclinic.com/,HTTPS 미설정(http로만 접속) / tel: 링크 없음 — 휴대폰에서 전화 연결 안 됨 / 모바일 가로스크롤 발생 / 개인정보처리방침 없음,1,,,200,2026-08-06
2,서울치항외과의원,서울,동작구,02-823-7175,http://www.seoulchihang.co.kr/,HTTPS 미설정(http로만 접속) / tel: 링크 없음 — 휴대폰에서 전화 연결 안 됨 / 개인정보처리방침 없음,0,,,200,2026-08-06
2,서울탑비뇨기과의원,서울,동작구,02-6334-0137,http://www.seoultopclinic.com/,HTTPS 미설정(http로만 접속) / 개인정보처리방침 없음,1,,,200,2026-08-06
2,스타일미의원,서울,동작구,02-832-9359,http://www.stylemeclinic.co.kr/,HTTPS 미설정(http로만 접속),0,O,"javascript:SITE.openModalMenu('m20250805fe2b48981e731', 'm202504085c4c9a6856ebf');",200,2026-08-06
2,연세조이의원,서울,동작구,02-816-8300,http://www.joyclinic.co.kr/,HTTPS 미설정(http로만 접속) / tel: 링크 없음 — 휴대폰에서 전화 연결 안 됨 / 개인정보처리방침 없음,0,,,200,2026-08-06
2,오아로피부과의원,서울,동작구,02-6951-0370,http://www.oaro.co.kr/,HTTPS 미설정(http로만 접속) / tel: 링크 없음 — 휴대폰에서 전화 연결 안 됨 / 모바일 가로스크롤 발생 / 개인정보처리방침 없음 / 푸터 카피라이트 2017 — 방치 인상,1,,,200,2026-08-06
2,프라임의원,서울,동작구,02-826-2080,http://primeskin.co.kr/,HTTPS 미설정(http로만 접속),0,O,http://www.primeskin.co.kr/page/privacy.php,200,2026-08-06
2,하정한정형외과의원,서울,동작구,02-812-2211,http://www.jointha.co.kr/,모바일 가로스크롤 발생,0,,https://jointha.co.kr/%EA%B0%9C%EC%9D%B8%EC%A0%95%EB%B3%B4%EC%B2%98%EB%A6%AC%EB%B0%A9%EC%B9%A8,200,2026-08-06
2,고려정형외과의원,서울,마포구,02-337-3553,http://www.koreasurgery.com/,HTTPS 미설정(http로만 접속) / tel: 링크 없음 — 휴대폰에서 전화 연결 안 됨 / viewport 없음 — 모바일 미대응 / 개인정보처리방침 없음,0,,,200,2026-08-06
2,리버스의원,서울,마포구,02-1544-0890,http://www.reverseclinic.com/,tel: 링크 없음 — 휴대폰에서 전화 연결 안 됨 / 모바일 가로스크롤 발생 / 푸터 카피라이트 2020 — 방치 인상,2,O,https://www.reverseclinic.com/#,200,2026-08-06
2,미소퀸산부인과의원,서울,마포구,02-704-9988,http://www.misoqueen.co.kr/,HTTPS 미설정(http로만 접속) / tel: 링크 없음 — 휴대폰에서 전화 연결 안 됨,1,,http://www.misoqueen.co.kr/?menu=38,200,2026-08-06
2,벨아미-리노보의원,서울,마포구,02-3141-4282,http://www.renovoh.co.kr/,HTTPS 미설정(http로만 접속) / 개인정보처리방침 없음,5,O,,200,2026-08-06
2,보아스이비인후과의원,서울,마포구,392-0079,http://www.boazent.co.kr/,tel: 링크 없음 — 휴대폰에서 전화 연결 안 됨 / 개인정보처리방침 없음,2,,,200,2026-08-06
2,봄눈피우다의원,서울,마포구,02-6925-1215,http://springeye.co.kr/,HTTPS 미설정(http로만 접속) / 개인정보처리방침 없음,1,O,,200,2026-08-06
2,블리비의원,서울,마포구,1833-2141,http://www.velyb.kr/,tel: 링크 없음 — 휴대폰에서 전화 연결 안 됨 / 모바일 가로스크롤 발생 / 푸터 카피라이트 2018 — 방치 인상,2,,https://www.velyb.kr/member/privacy.php,200,2026-08-06
2,서피부과의원,서울,마포구,02-334-2898,http://www.seoderma.co.kr/,HTTPS 미설정(http로만 접속) / tel: 링크 없음 — 휴대폰에서 전화 연결 안 됨 / viewport 없음 — 모바일 미대응,0,,http://www.seoderma.co.kr/bbs/board.php?bo_table=derma_04&wr_id=48,200,2026-08-06
2,셀린의원,서울,마포구,02-2039-6155,https://www.cellinclinic4.com/,viewport 없음 — 모바일 미대응,2,O,https://www.cellinclinic4.com/member/popupPrivacy.php,200,2026-08-06
2,에스리본의원,서울,마포구,02-1833-5881,https://www.s-reborn.com/,tel: 링크 없음 — 휴대폰에서 전화 연결 안 됨 / 개인정보처리방침 없음,0,,,200,2026-08-06
2,에스앤유피부과의원,서울,마포구,02-706-5252,http://www.allskin.co.kr/,tel: 링크 없음 — 휴대폰에서 전화 연결 안 됨,1,,https://www.allskin.co.kr/member/policy.jsp,200,2026-08-06
2,연세동안의원,서울,마포구,02-707-1023,http://www.vipclinic.co.kr/,HTTPS 미설정(http로만 접속) / tel: 링크 없음 — 휴대폰에서 전화 연결 안 됨 / 모바일 가로스크롤 발생,0,O,http://www.vipclinic.co.kr/contents/main/main.html#,200,2026-08-06
2,연세지움피부과의원,서울,마포구,02-333-0606,http://www.ziumskin.com/,HTTPS 미설정(http로만 접속),1,O,http://www.ziumskin.com/#,200,2026-08-06
2,와이디의원,서울,마포구,02-6941-0120,http://www.ydskinclinic.com/,HTTPS 미설정(http로만 접속) / tel: 링크 없음 — 휴대폰에서 전화 연결 안 됨 / 개인정보처리방침 없음 / 푸터 카피라이트 2018 — 방치 인상,0,O,,200,2026-08-06
2,유리에성형외과의원,서울,마포구,02-6956-6279,http://www.yurieps.com/,HTTPS 미설정(http로만 접속),1,O,http://www.yurieps.com/privacy,200,2026-08-06
2,임비뇨기과의원,서울,마포구,02-715-2100,http://www.adamclinic.co.kr/,HTTPS 미설정(http로만 접속) / tel: 링크 없음 — 휴대폰에서 전화 연결 안 됨 / viewport 없음 — 모바일 미대응,0,,http://www.adamclinic.co.kr/#,200,2026-08-06
2,조앤필이비인후과의원,서울,마포구,02-6401-1111,http://www.chonfeel.com/,HTTPS 미설정(http로만 접속) / tel: 링크 없음 — 휴대폰에서 전화 연결 안 됨 / viewport 없음 — 모바일 미대응,0,,http://www.chonfeel.com/Board/?eb=notice&ac=view&UID=179,200,2026-08-06
2,케이트의원,서울,마포구,02-6952-1234,http://www.wynnclinic.com/,HTTPS 미설정(http로만 접속) / tel: 링크 없음 — 휴대폰에서 전화 연결 안 됨 / 개인정보처리방침 없음,0,,,200,2026-08-06
2,코넬비뇨기과의원,서울,마포구,02-718-7575,http://www.conel.co.kr/conel/guide/g03_8.htm,HTTPS 미설정(http로만 접속) / tel: 링크 없음 — 휴대폰에서 전화 연결 안 됨 / viewport 없음 — 모바일 미대응 / 개인정보처리방침 없음,1,,,200,2026-08-06
2,클린앤미피부과의원,서울,마포구,02-307-3375,http://www.cleannmi.co.kr/,HTTPS 미설정(http로만 접속) / tel: 링크 없음 — 휴대폰에서 전화 연결 안 됨 / viewport 없음 — 모바일 미대응 / 개인정보처리방침 없음,1,,,200,2026-08-06
2,홍대고운세상피부과의원,서울,마포구,3143-3822,http://www.beautyforever.co.kr/,tel: 링크 없음 — 휴대폰에서 전화 연결 안 됨,3,,https://www.beautyforever.co.kr/etc/privacy.php,200,2026-08-06
2,홍대톡스앤필의원,서울,마포구,02-332-4842,https://www.toxnfill50.com/,tel: 링크 없음 — 휴대폰에서 전화 연결 안 됨 / 모바일 가로스크롤 발생 / 푸터 카피라이트 2021 — 방치 인상,2,O,https://www.toxnfill50.com/acceptPrivacy.php,200,2026-08-06
2,메이저피부과의원 신촌점,서울,서대문구,02-392-7582,http://majorskin.co.kr/,tel: 링크 없음 — 휴대폰에서 전화 연결 안 됨 / 모바일 가로스크롤 발생,0,O,https://majorskin.co.kr/?privacy=terms&tabIdx=0,200,2026-08-06
2,미래아이내과의원,서울,서대문구,02-309-7582,http://www.miraeimed.com/,HTTPS 미설정(http로만 접속) / tel: 링크 없음 — 휴대폰에서 전화 연결 안 됨 / viewport 없음 — 모바일 미대응 / 푸터 카피라이트 2012 — 방치 인상,0,,http://www.miraeimed.com/popup_personalinfo.php,200,2026-08-06
2,미즈앤미여성의원,서울,서대문구,02-303-6399,http://www.baedoctor.co.kr/,HTTPS 미설정(http로만 접속) / tel: 링크 없음 — 휴대폰에서 전화 연결 안 됨 / viewport 없음 — 모바일 미대응 / 개인정보처리방침 없음,0,,,200,2026-08-06
2,스타1 의원,서울,서대문구,02-3217-6500,http://www.styleps.co.kr/,HTTPS 미설정(http로만 접속) / 개인정보처리방침 없음,0,O,,200,2026-08-06
2,신촌오라클피부과의원,서울,서대문구,02-322-2009,http://www.skinland.com/,tel: 링크 없음 — 휴대폰에서 전화 연결 안 됨 / viewport 없음 — 모바일 미대응 / 개인정보처리방침 없음,0,,,,2026-08-06
2,오에스티의원,서울,서대문구,02-322-7570,http://www.ostclinic.co.kr/,모바일 가로스크롤 발생,5,O,https://www.ostclinic.co.kr/privacy,200,2026-08-06
2,웰비뇨기과의원,서울,서대문구,02-3217-8875,http://www.wellclinic.co.kr/,HTTPS 미설정(http로만 접속) / tel: 링크 없음 — 휴대폰에서 전화 연결 안 됨 / viewport 없음 — 모바일 미대응,0,,http://www.wellclinic.co.kr/#,200,2026-08-06
2,차앤박피부과의원,서울,서대문구,02-3147-0300,http://www.cnpskin.com/,tel: 링크 없음 — 휴대폰에서 전화 연결 안 됨 / 모바일 가로스크롤 발생,2,O,https://www.cnpskin.com/pc/cnp/terms/privacy-notice.html,200,2026-08-06
2,학교앞작은의원,서울,서대문구,02-313-3105,http://www.ohmydoc.co.kr/,HTTPS 미설정(http로만 접속) / tel: 링크 없음 — 휴대폰에서 전화 연결 안 됨 / viewport 없음 — 모바일 미대응,0,,http://www.ohmydoc.co.kr/notice/notice_v.asp?srno=1862421,200,2026-08-06
2,21성형외과의원,서울,서초구,02-596-2121,https://21ps.co.kr/,viewport 없음 — 모바일 미대응 / 푸터 카피라이트 2022 — 방치 인상,4,O,"javascript:winOpen('/inc/privacy.php', '1000px', '800px');",200,2026-08-06
2,강남 리쥬엘의원,서울,서초구,02-537-8889,https://gangnam.rejuel.com/,개인정보처리방침 없음,1,O,,200,2026-08-06
2,강남다움의원,서울,서초구,02-6557-7701,https://gd-clinic.com/,모바일 가로스크롤 발생,0,,https://gd-clinic.com/455284985,200,2026-08-06
2,강남리슬림의원,서울,서초구,02-536-3962,http://reslim.co.kr/,tel: 링크 없음 — 휴대폰에서 전화 연결 안 됨,1,O,https://reslim.co.kr/,200,2026-08-06
2,강남연세재활의학과의원,서울,서초구,02-3478-0216,http://www.ksspine.co.kr/,HTTPS 미설정(http로만 접속) / tel: 링크 없음 — 휴대폰에서 전화 연결 안 됨,1,,http://ksspine.co.kr/?mode=privacy,200,2026-08-06
2,강남항외과의원,서울,서초구,02-595-5225,http://www.gangnamhang.co.kr/,tel: 링크 없음 — 휴대폰에서 전화 연결 안 됨 / viewport 없음 — 모바일 미대응 / 개인정보처리방침 없음,0,,,200,2026-08-06
2,강남헤라성형외과의원,서울,서초구,,https://www.gnhera.com/,모바일 가로스크롤 발생,1,O,https://www.gnhera.com/content/%EA%B0%9C%EC%9D%B8%EC%A0%95%EB%B3%B4-%EC%B2%98%EB%A6%AC%EB%B0%A9%EC%B9%A8/,200,2026-08-06
2,강한피부과의원,서울,서초구,02-567-4962,http://www.kangskin.co.kr/,HTTPS 미설정(http로만 접속) / 개인정보처리방침 없음,1,O,,200,2026-08-06
2,고익수성형외과의원,서울,서초구,02-3446-7100,http://www.petit.co.kr/,HTTPS 미설정(http로만 접속) / 푸터 카피라이트 2019 — 방치 인상,0,O,http://www.petit.co.kr/bbs/content.php?co_id=privacy,200,2026-08-06
2,그레이스성형외과의원,서울,서초구,02-555-8558,http://www.graceclinic.co.kr/,개인정보처리방침 없음,0,O,,200,2026-08-06
2,김연진의 퓨린피부과의원,서울,서초구,3477-7070,http://www.pureen.co.kr/,HTTPS 미설정(http로만 접속) / tel: 링크 없음 — 휴대폰에서 전화 연결 안 됨,0,,http://www.pureen.co.kr/privacy.html,200,2026-08-06
2,뉴데이성형외과의원,서울,서초구,02-541-5577,https://www.newdayps.com/,tel: 링크 없음 — 휴대폰에서 전화 연결 안 됨,3,O,javascript:pop_private(),200,2026-08-06
2,닥터미성형외과의원,서울,서초구,02-6258-8880,http://doctor-mi.com/_html/,HTTPS 미설정(http로만 접속) / tel: 링크 없음 — 휴대폰에서 전화 연결 안 됨 / viewport 없음 — 모바일 미대응,0,,javascript:;,200,2026-08-06
2,더(the)아름다운의원,서울,서초구,02-466-8875,http://www.beautifulclinic.net/,tel: 링크 없음 — 휴대폰에서 전화 연결 안 됨,2,O,https://www.beautifulclinic.net/,200,2026-08-06
2,디라운지피부과의원,서울,서초구,02-515-6171,http://www.d-lounge.co.kr/,HTTPS 미설정(http로만 접속) / tel: 링크 없음 — 휴대폰에서 전화 연결 안 됨 / 모바일 가로스크롤 발생 / 개인정보처리방침 없음 / 푸터 카피라이트 2014 — 방치 인상,0,,,200,2026-08-06
2,디라이트외과의원,서울,서초구,,https://www.delightsurgery.co.kr/,viewport 없음 — 모바일 미대응,1,O,https://www.delightsurgery.co.kr/member/popupPrivacy.php,200,2026-08-06
2,디아르의원,서울,서초구,02-532-8828,https://www.diarclinic.com/,tel: 링크 없음 — 휴대폰에서 전화 연결 안 됨,2,O,https://www.diarclinic.com/bbs/page.php?hid=privacy,200,2026-08-06
2,라인피부과의원,서울,서초구,02-549-0043,http://www.skinline.co.kr/,HTTPS 미설정(http로만 접속) / tel: 링크 없음 — 휴대폰에서 전화 연결 안 됨 / viewport 없음 — 모바일 미대응 / 개인정보처리방침 없음,2,,,200,2026-08-06
2,루트테마피부과의원,서울,서초구,02-591-4477,http://www.themeskin.kr/,HTTPS 미설정(http로만 접속) / tel: 링크 없음 — 휴대폰에서 전화 연결 안 됨 / viewport 없음 — 모바일 미대응 / 개인정보처리방침 없음,0,,,200,2026-08-06
2,리마인드피부과의원,서울,서초구,02-575-8275,https://remind-skin.com/,tel: 링크 없음 — 휴대폰에서 전화 연결 안 됨 / 개인정보처리방침 없음,0,,,200,2026-08-06
2,리엔장성형외과의원,서울,서초구,02-591-3625,http://www.lienjangps.co.kr/,HTTPS 미설정(http로만 접속) / tel: 링크 없음 — 휴대폰에서 전화 연결 안 됨 / viewport 없음 — 모바일 미대응 / 개인정보처리방침 없음,0,,,200,2026-08-06
2,리참성형외과의원,서울,서초구,,https://www.lcps.co.kr/,모바일 가로스크롤 발생,2,O,https://www.lcps.co.kr/#;,200,2026-08-06
2,리턴의원,서울,서초구,02-515-8875,http://www.returnclinic.com/,HTTPS 미설정(http로만 접속) / 개인정보처리방침 없음 / 푸터 카피라이트 2021 — 방치 인상,2,O,,200,2026-08-06
2,메디라인의원,서울,서초구,587-4466,http://cafe.daum.net/emediline,tel: 링크 없음 — 휴대폰에서 전화 연결 안 됨 / viewport 없음 — 모바일 미대응 / 개인정보처리방침 없음,0,,,200,2026-08-06
2,메리트피부과의원,서울,서초구,3472-1181,http://www.meritskin.co.kr/,tel: 링크 없음 — 휴대폰에서 전화 연결 안 됨 / 개인정보처리방침 없음,0,,,200,2026-08-06
2,메종드엠의원,서울,서초구,02-533-7001,https://mdem.co.kr/,tel: 링크 없음 — 휴대폰에서 전화 연결 안 됨 / 모바일 가로스크롤 발생,2,O,https://mdem.co.kr/member/policy.jsp,200,2026-08-06
2,메티의원,서울,서초구,02-3442-3330,http://www.meticlinic.com/,tel: 링크 없음 — 휴대폰에서 전화 연결 안 됨 / 개인정보처리방침 없음,0,,,200,2026-08-06
2,미즈러브여성비뇨의학과의원,서울,서초구,02-3447-6363,http://www.mizlove.com/,HTTPS 미설정(http로만 접속) / tel: 링크 없음 — 휴대폰에서 전화 연결 안 됨 / 모바일 가로스크롤 발생,1,,http://www.mizlove.com/bbs/content.php?co_id=privacy,200,2026-08-06
2,바롬의원,서울,서초구,02-594-3644,http://www.varomclinic.co.kr/,모바일 가로스크롤 발생 / 푸터 카피라이트 2007 — 방치 인상,0,O,https://www.varomclinic.co.kr/privacy,200,2026-08-06
2,반포리움성형외과의원,서울,서초구,02-535-7582,https://banpoleeum.com/,tel: 링크 없음 — 휴대폰에서 전화 연결 안 됨 / 개인정보처리방침 없음,4,,,200,2026-08-06
2,보니따의원,서울,서초구,02-3444-1535,http://www.bonitadr.com/,개인정보처리방침 없음,0,O,,200,2026-08-06
2,본아이성형외과의원,서울,서초구,02-1899-7233,http://www.boneeye.co.kr/,모바일 가로스크롤 발생 / 푸터 카피라이트 2016 — 방치 인상,1,O,https://www.boneeye.co.kr/theme/weaver/bbs/privacy.php,200,2026-08-06
2,봄스피부과의원,서울,서초구,02-535-8055,http://www.bomsskin.com/,푸터 카피라이트 2012 — 방치 인상,3,O,javascript:void(0);,200,2026-08-06
2,뷔엘성형외과의원,서울,서초구,,https://www.vlprs.com/,tel: 링크 없음 — 휴대폰에서 전화 연결 안 됨,3,,https://www.notion.so/3130b6f3c13280ea9a38e0cef484fc3b?source=copy_link,200,2026-08-06
2,뷰티라운지의원,서울,서초구,02-6248-7582,http://bangbae.beautyloungeclinic.com/,HTTPS 미설정(http로만 접속) / 개인정보처리방침 없음 / 푸터 카피라이트 2022 — 방치 인상,0,O,,200,2026-08-06
2,브라운성형외과의원,서울,서초구,02-518-2400,http://www.braunps.co.kr/,모바일 가로스크롤 발생 / 푸터 카피라이트 2009 — 방치 인상,3,O,https://www.braunps.co.kr/bbs/page.php?hid=privacy,200,2026-08-06
2,브라운아이의원,서울,서초구,3477-7774,http://www.browneye.co.kr/,HTTPS 미설정(http로만 접속),0,O,http://www.browneye.co.kr/?act=info.privacy,200,2026-08-06
2,브라이튼피부과의원,서울,서초구,02-6953-8480,http://brightenskin.co.kr/,HTTPS 미설정(http로만 접속) / tel: 링크 없음 — 휴대폰에서 전화 연결 안 됨 / viewport 없음 — 모바일 미대응 / 개인정보처리방침 없음,0,O,,200,2026-08-06
2,비티성형외과의원,서울,서초구,,https://www.btprs.co.kr/,tel: 링크 없음 — 휴대폰에서 전화 연결 안 됨 / 모바일 가로스크롤 발생,3,O,javascript:pop_private(),200,2026-08-06
2,새하얀피부과의원,서울,서초구,02-583-2500,http://www.whitskin.com/,HTTPS 미설정(http로만 접속) / tel: 링크 없음 — 휴대폰에서 전화 연결 안 됨 / 모바일 가로스크롤 발생,1,,http://www.whitskin.com/2021/member/member01.php,200,2026-08-06
2,서초아가페의원,서울,서초구,02-591-3056,http://www.agapeclinic.kr/,tel: 링크 없음 — 휴대폰에서 전화 연결 안 됨 / 개인정보처리방침 없음,0,,,200,2026-08-06
2,셀린의원,서울,서초구,02-532-2550,https://www.cellinclinic9.com/,viewport 없음 — 모바일 미대응,2,O,https://www.cellinclinic9.com/member/popupPrivacy.php,200,2026-08-06
2,순플러스성형외과의원,서울,서초구,02-547-1705,http://www.soonplus.com/,HTTPS 미설정(http로만 접속) / tel: 링크 없음 — 휴대폰에서 전화 연결 안 됨 / 모바일 가로스크롤 발생,0,O,http://www.soonplus.com/bbs/content.php?co_id=privacy,200,2026-08-06
2,아나모헤어플란트의원,서울,서초구,02-553-7573,http://www.anamo.co.kr/,HTTPS 미설정(http로만 접속) / tel: 링크 없음 — 휴대폰에서 전화 연결 안 됨 / viewport 없음 — 모바일 미대응,0,O,http://www.anamo.co.kr/#,200,2026-08-06
2,아바(ava)성형외과의원,서울,서초구,,https://www.ava-ps.com/,tel: 링크 없음 — 휴대폰에서 전화 연결 안 됨 / 개인정보처리방침 없음,0,,,200,2026-08-06
2,아우름의원,서울,서초구,02-594-0080,http://www.aurumclinic.co.kr/,tel: 링크 없음 — 휴대폰에서 전화 연결 안 됨 / viewport 없음 — 모바일 미대응 / 개인정보처리방침 없음 / 푸터 카피라이트 2014 — 방치 인상,3,O,,200,2026-08-06
2,아이러브피부과의원,서울,서초구,02-553-1060,http://www.iloveskin.kr/,HTTPS 미설정(http로만 접속) / tel: 링크 없음 — 휴대폰에서 전화 연결 안 됨 / viewport 없음 — 모바일 미대응 / 푸터 카피라이트 2015 — 방치 인상,0,O,http://www.iloveskin.kr/bbs/content.php?co_id=privacy,200,2026-08-06
2,아티크의원,서울,서초구,02-532-7700,https://artiqueclinic.com/,tel: 링크 없음 — 휴대폰에서 전화 연결 안 됨 / 모바일 가로스크롤 발생,1,O,https://artiqueclinic.com/bbs/content.php?co_id=privacy,200,2026-08-06
2,알유(RU)성형외과의원,서울,서초구,02-594-4000,https://www.ruprs.com/,tel: 링크 없음 — 휴대폰에서 전화 연결 안 됨 / 모바일 가로스크롤 발생,0,O,https://www.ruprs.com/bbs/content.php?co_id=privacy,200,2026-08-06
2,에이아이의원,서울,서초구,02-3472-4485,http://www.ailove.co.kr/,HTTPS 미설정(http로만 접속) / 개인정보처리방침 없음,0,,,200,2026-08-06
2,에이치성형외과의원,서울,서초구,02-3447-0100,http://www.ys100ps.co.kr/,HTTPS 미설정(http로만 접속) / tel: 링크 없음 — 휴대폰에서 전화 연결 안 됨 / 모바일 가로스크롤 발생,2,,http://www.ys100ps.co.kr/bbs/content.php?co_id=privacy,200,2026-08-06
2,에톤성형외과의원,서울,서초구,02-518-9990,https://etonne.kr/,tel: 링크 없음 — 휴대폰에서 전화 연결 안 됨 / 개인정보처리방침 없음,0,O,,200,2026-08-06
2,연세스타피부과의원,서울,서초구,02-582-0828,http://www.mystarskin.co.kr/,tel: 링크 없음 — 휴대폰에서 전화 연결 안 됨 / viewport 없음 — 모바일 미대응,2,O,https://www.mystarskin.co.kr/index.php/member/privacy/51,200,2026-08-06
2,연세크라운비뇨의학과의원,서울,서초구,02-588-2119,http://www.crownclinic.co.kr/,HTTPS 미설정(http로만 접속) / tel: 링크 없음 — 휴대폰에서 전화 연결 안 됨 / viewport 없음 — 모바일 미대응 / 푸터 카피라이트 2021 — 방치 인상,1,O,http://www.crownclinic.co.kr/bbs/content.php?co_id=privacy,200,2026-08-06
2,연세탑뷰티의원,서울,서초구,02-533-4287,http://www.sbclinic.kr/,HTTPS 미설정(http로만 접속) / tel: 링크 없음 — 휴대폰에서 전화 연결 안 됨 / viewport 없음 — 모바일 미대응,1,,http://www.sbclinic.kr/#,200,2026-08-06
2,영영영의원,서울,서초구,,https://www.000clinic.com/,tel: 링크 없음 — 휴대폰에서 전화 연결 안 됨,0,O,https://www.000clinic.com/member/privacy.html,200,2026-08-06
2,오현숙내과의원,서울,서초구,02-523-5588,http://doctorohclinic.com/,HTTPS 미설정(http로만 접속) / tel: 링크 없음 — 휴대폰에서 전화 연결 안 됨 / viewport 없음 — 모바일 미대응,0,,javascript:OpenMemberPrivate();,200,2026-08-06
2,와이케이(YK)박윤기피부과의원,서울,서초구,02-6052-1125,http://www.kangskin.co.kr/,HTTPS 미설정(http로만 접속) / 개인정보처리방침 없음,1,O,,200,2026-08-06
2,완성형외과의원,서울,서초구,02-546-0222,https://wanprs.com/,tel: 링크 없음 — 휴대폰에서 전화 연결 안 됨 / 모바일 가로스크롤 발생,0,O,https://wanprs.com/bbs/content.php?co_id=privacy,200,2026-08-06
2,위즈미여성의원,서울,서초구,02-2651-3030,http://wmclinic.co.kr/,HTTPS 미설정(http로만 접속) / tel: 링크 없음 — 휴대폰에서 전화 연결 안 됨,2,O,http://wmclinic.co.kr/page/?pid=privacy,200,2026-08-06
2,윌성형외과의원,서울,서초구,02-532-8874,http://www.willps.co.kr/,tel: 링크 없음 — 휴대폰에서 전화 연결 안 됨 / viewport 없음 — 모바일 미대응 / 개인정보처리방침 없음,2,,,200,2026-08-06
2,윔의원,서울,서초구,070-4466-5495,https://www.wimclinic.com/oursoap,개인정보처리방침 없음,0,O,,200,2026-08-06
2,유에이치셀의원,서울,서초구,02-2135-4393,https://seocho.uhcell.com/,tel: 링크 없음 — 휴대폰에서 전화 연결 안 됨 / 개인정보처리방침 없음,0,O,,200,2026-08-06
2,유픽의원,서울,서초구,02-6160-5000,https://gn.upicclinic.com/,푸터 카피라이트 2022 — 방치 인상,2,O,https://gn.upicclinic.com/sub/privacy,200,2026-08-06
2,이수메디스톤비뇨의학과의원,서울,서초구,02-537-8272,http://www.medistone.co.kr/web/index.php,HTTPS 미설정(http로만 접속) / tel: 링크 없음 — 휴대폰에서 전화 연결 안 됨 / viewport 없음 — 모바일 미대응 / 개인정보처리방침 없음 / 푸터 카피라이트 2000 — 방치 인상,0,,,200,2026-08-06
2,이종우비뇨의학과의원,서울,서초구,02-532-6781,https://www.ljwuro.co.kr/,모바일 가로스크롤 발생 / 개인정보처리방침 없음,0,O,,200,2026-08-06
2,이춘봉피부과의원,서울,서초구,594-0338,http://www.lcbskin.com/,tel: 링크 없음 — 휴대폰에서 전화 연결 안 됨,17,,https://lcbskin.com/policies/privacy-policy,200,2026-08-06
2,임이석테마피부과의원,서울,서초구,3446-1110,http://www.beautyskin.kr/,tel: 링크 없음 — 휴대폰에서 전화 연결 안 됨 / 모바일 가로스크롤 발생 / 푸터 카피라이트 2019 — 방치 인상,2,O,https://www.beautyskin.kr/member/privacy.php,200,2026-08-06
2,자스민피부과의원,서울,서초구,02-3481-2114,http://www.jasminett.com/,HTTPS 미설정(http로만 접속) / tel: 링크 없음 — 휴대폰에서 전화 연결 안 됨 / viewport 없음 — 모바일 미대응 / 개인정보처리방침 없음,0,,,200,2026-08-06
2,저스트성형외과의원,서울,서초구,02-536-3700,http://justprs.com/,tel: 링크 없음 — 휴대폰에서 전화 연결 안 됨 / viewport 없음 — 모바일 미대응 / 개인정보처리방침 없음 / 푸터 카피라이트 2022 — 방치 인상,1,,,200,2026-08-06
2,제로피부과의원,서울,서초구,02-535-4988,https://www.zerodermaclinic.com/,tel: 링크 없음 — 휴대폰에서 전화 연결 안 됨,1,,javascript:pop_private(),200,2026-08-06
2,지디에스성형외과의원,서울,서초구,02-573-7515,http://www.gdsprs.com/,HTTPS 미설정(http로만 접속) / viewport 없음 — 모바일 미대응,0,O,http://www.gdsprs.com/bbs/content.php?co_id=privacy,200,2026-08-06
2,지앤영피부과의원,서울,서초구,02-3486-2420,http://www.gnyoungskin.com/,HTTPS 미설정(http로만 접속) / 모바일 가로스크롤 발생,0,O,http://www.gnyoungskin.com/bbs/content.php?co_id=privacy,200,2026-08-06
2,차민성형외과의원,서울,서초구,02-517-0120,http://chaminst.com/,HTTPS 미설정(http로만 접속) / 푸터 카피라이트 2022 — 방치 인상,1,O,http://chaminst.com/bbs/content.php?co_id=privacy,200,2026-08-06
2,카라멜성형외과의원,서울,서초구,02-543-6010,http://www.eightps.com/,푸터 카피라이트 2020 — 방치 인상,2,O,https://www.eightprs.com/page/privacy,200,2026-08-06
2,클레이성형외과의원,서울,서초구,02-516-1368,http://www.drclay.co.kr/,HTTPS 미설정(http로만 접속),0,O,http://www.drclay.co.kr/Privacy,200,2026-08-06
2,클린업피부과의원,서울,서초구,02-561-0007,http://www.upskin.co.kr/,tel: 링크 없음 — 휴대폰에서 전화 연결 안 됨 / 모바일 가로스크롤 발생 / 개인정보처리방침 없음 / 푸터 카피라이트 2020 — 방치 인상,12,,,200,2026-08-06
2,톡스앤필의원,서울,서초구,534-4842,http://www.blsclinic.com/,tel: 링크 없음 — 휴대폰에서 전화 연결 안 됨 / 모바일 가로스크롤 발생,0,,https://www.blsclinic.com/brand/policy/privacyPolicy.php,200,2026-08-06
2,플로체여성의원,서울,서초구,02-514-1454,http://www.flocewoman.com/index.asp,HTTPS 미설정(http로만 접속) / tel: 링크 없음 — 휴대폰에서 전화 연결 안 됨 / 모바일 가로스크롤 발생 / 푸터 카피라이트 2007 — 방치 인상,6,,http://www.flocewoman.com/member/privacy.php,200,2026-08-06
2,한미인(韓美人)의원,서울,서초구,02-532-6485,http://blog.naver.com/braunwaldhd,tel: 링크 없음 — 휴대폰에서 전화 연결 안 됨 / viewport 없음 — 모바일 미대응 / 개인정보처리방침 없음,0,,,200,2026-08-06
2,핸슨의원,서울,서초구,532-8053,http://www.drhansen.kr/,HTTPS 미설정(http로만 접속) / tel: 링크 없음 — 휴대폰에서 전화 연결 안 됨 / 모바일 가로스크롤 발생,0,,http://drhansen.kr/?privacy=terms&tabIdx=0,200,2026-08-06
2,허스킨의원,서울,서초구,02-3482-7006,http://www.rbskin.com/,HTTPS 미설정(http로만 접속) / tel: 링크 없음 — 휴대폰에서 전화 연결 안 됨 / viewport 없음 — 모바일 미대응 / 개인정보처리방침 없음,0,,,,2026-08-06
2,호움산부인과의원,서울,서초구,02-548-9400,http://www.mediflower.co.kr/,HTTPS 미설정(http로만 접속) / tel: 링크 없음 — 휴대폰에서 전화 연결 안 됨 / 개인정보처리방침 없음 / 푸터 카피라이트 2018 — 방치 인상,0,O,,200,2026-08-06
2,히포크라타의원,서울,서초구,02-591-9970,http://hippocrata.com/,HTTPS 미설정(http로만 접속) / tel: 링크 없음 — 휴대폰에서 전화 연결 안 됨 / 개인정보처리방침 없음,0,O,,200,2026-08-06
2,라렌의원,서울,성동구,02-2299-2733,http://lareinegroup.co.kr/,HTTPS 미설정(http로만 접속) / tel: 링크 없음 — 휴대폰에서 전화 연결 안 됨 / 모바일 가로스크롤 발생 / 개인정보처리방침 없음,0,,,200,2026-08-06
2,베르니포레의원,서울,성동구,02-355-0117,http://www.verniclinic.co.kr/,HTTPS 미설정(http로만 접속) / tel: 링크 없음 — 휴대폰에서 전화 연결 안 됨 / 개인정보처리방침 없음,5,O,,200,2026-08-06
2,스페이스피부과의원,서울,성동구,02-2298-8280,http://www.spacederma.co.kr/,HTTPS 미설정(http로만 접속) / tel: 링크 없음 — 휴대폰에서 전화 연결 안 됨 / 모바일 가로스크롤 발생 / 개인정보처리방침 없음,0,O,,200,2026-08-06
2,연세유앤외과의원,서울,성동구,02-2282-2755,http://www.btdoctor.co.kr/,HTTPS 미설정(http로만 접속) / tel: 링크 없음 — 휴대폰에서 전화 연결 안 됨 / viewport 없음 — 모바일 미대응 / 개인정보처리방침 없음,0,,,200,2026-08-06
2,파스텔휴먼피부과의원,서울,성동구,02-6953-7771,http://pastelskin.com/,HTTPS 미설정(http로만 접속) / 개인정보처리방침 없음,0,O,,200,2026-08-06
2,고운숨결내과의원,서울,성북구,925-9696,http://www.sumsori.com/,HTTPS 미설정(http로만 접속) / 개인정보처리방침 없음,0,,,200,2026-08-06
2,돈암고운세상피부과의원,서울,성북구,926-1007,http://www.beautyforever.co.kr/,tel: 링크 없음 — 휴대폰에서 전화 연결 안 됨,3,,https://www.beautyforever.co.kr/etc/privacy.php,200,2026-08-06
2,듀오피부과의원,서울,성북구,922-3723,http://www.duoclinic.co.kr/,tel: 링크 없음 — 휴대폰에서 전화 연결 안 됨 / 모바일 가로스크롤 발생 / 개인정보처리방침 없음,0,,,200,2026-08-06
2,메이저피부과의원,서울,성북구,02-927-1925,http://majorskin.co.kr/,tel: 링크 없음 — 휴대폰에서 전화 연결 안 됨 / 모바일 가로스크롤 발생,0,O,https://majorskin.co.kr/?privacy=terms&tabIdx=0,200,2026-08-06
2,연세속편한의원,서울,성북구,02-967-3333,http://www.ezsok.com/,HTTPS 미설정(http로만 접속) / tel: 링크 없음 — 휴대폰에서 전화 연결 안 됨 / 모바일 가로스크롤 발생 / 개인정보처리방침 없음,2,,,200,2026-08-06
2,지인산부인과의원,서울,성북구,02-923-8888,http://www.huu.kr/,tel: 링크 없음 — 휴대폰에서 전화 연결 안 됨 / viewport 없음 — 모바일 미대응 / 푸터 카피라이트 2011 — 방치 인상,2,,https://www.huu.kr/member/privacy.html,200,2026-08-06
2,차앤박피부과의원,서울,성북구,02-922-2900,http://www.cnpskin.com/,tel: 링크 없음 — 휴대폰에서 전화 연결 안 됨 / 모바일 가로스크롤 발생,2,O,https://www.cnpskin.com/pc/cnp/terms/privacy-notice.html,200,2026-08-06
2,박신성내과의원,서울,송파구,02-412-7582,http://www.sclinic.kr/index.asp,HTTPS 미설정(http로만 접속) / viewport 없음 — 모바일 미대응,0,,http://www.sclinic.kr/notice/notice_v.asp?srno=1862421,200,2026-08-06
2,베스탑비뇨기과의원,서울,송파구,02-416-4747,http://www.bestopclinic.com/,HTTPS 미설정(http로만 접속) / 모바일 가로스크롤 발생 / 푸터 카피라이트 2019 — 방치 인상,2,,http://www.bestopclinic.com/?mode=privacy,200,2026-08-06
2,사랑아이여성의원,서울,송파구,02-419-7501,http://www.sarangi.co.kr/,HTTPS 미설정(http로만 접속) / tel: 링크 없음 — 휴대폰에서 전화 연결 안 됨 / 모바일 가로스크롤 발생 / 푸터 카피라이트 2018 — 방치 인상,3,O,http://www.sarangi.co.kr/member/privacy.php,200,2026-08-06
2,삼성키즈소아청소년과의원,서울,송파구,02-2202-5275,https://samsungpedi.modoo.at/,tel: 링크 없음 — 휴대폰에서 전화 연결 안 됨 / 개인정보처리방침 없음,0,,,200,2026-08-06
2,삼성항외과의원,서울,송파구,02-2043-7175,http://www.hemohospital.com/index.asp,HTTPS 미설정(http로만 접속) / tel: 링크 없음 — 휴대폰에서 전화 연결 안 됨 / viewport 없음 — 모바일 미대응,0,,javascript:;,200,2026-08-06
2,서아송피부과의원,서울,송파구,02-425-3133,http://www.sasclinic.com/,HTTPS 미설정(http로만 접속) / tel: 링크 없음 — 휴대폰에서 전화 연결 안 됨 / viewport 없음 — 모바일 미대응 / 푸터 카피라이트 2022 — 방치 인상,1,O,http://www.sasclinic.com/content/privacy,200,2026-08-06
2,서울삼성내과의원,서울,송파구,02-415-7588,http://www.seoulsamsungclinic.co.kr/,tel: 링크 없음 — 휴대폰에서 전화 연결 안 됨 / 모바일 가로스크롤 발생 / 개인정보처리방침 없음,0,,,200,2026-08-06
2,서울삼성여성의원,서울,송파구,02-2202-0230,http://www.drkoo.co.kr/,HTTPS 미설정(http로만 접속) / tel: 링크 없음 — 휴대폰에서 전화 연결 안 됨 / 모바일 가로스크롤 발생 / 푸터 카피라이트 2020 — 방치 인상,2,,http://www.drkoo.co.kr/member/privacy.php?PHPSESSID=f74237457dc2ff8ffb24ff9a816ba1ab,200,2026-08-06
2,소솜피부과의원,서울,송파구,02-420-3234,http://www.119som.com/,HTTPS 미설정(http로만 접속) / 모바일 가로스크롤 발생 / 푸터 카피라이트 2018 — 방치 인상,0,O,http://www.119som.com/,200,2026-08-06
2,송파고려신경외과의원,서울,송파구,02-4002-2867,http://www.spkoreans.net/,HTTPS 미설정(http로만 접속) / tel: 링크 없음 — 휴대폰에서 전화 연결 안 됨 / viewport 없음 — 모바일 미대응,0,,javascript:;,200,2026-08-06
2,안도의원,서울,송파구,02-421-0416,https://jamsil-ando.com/,tel: 링크 없음 — 휴대폰에서 전화 연결 안 됨 / 개인정보처리방침 없음,0,,,200,2026-08-06
2,연세에이앤비피부과의원,서울,송파구,02-417-7500,https://www.anbskin.com/,tel: 링크 없음 — 휴대폰에서 전화 연결 안 됨,1,O,https://anbskin.com/2023/bbs/content.php?co_id=privacy,200,2026-08-06
2,연세캔버스피부과의원,서울,송파구,02-423-9303,http://yscanvas.com/,tel: 링크 없음 — 휴대폰에서 전화 연결 안 됨 / 개인정보처리방침 없음,0,,,200,2026-08-06
2,연세힐피부과의원,서울,송파구,02-423-5151,http://www.healskin.co.kr/,HTTPS 미설정(http로만 접속) / tel: 링크 없음 — 휴대폰에서 전화 연결 안 됨 / viewport 없음 — 모바일 미대응 / 개인정보처리방침 없음,0,,,200,2026-08-06
2,예미고피부과의원,서울,송파구,02-425-0044,http://www.yemigo.co.kr/,모바일 가로스크롤 발생 / 푸터 카피라이트 2019 — 방치 인상,1,O,https://www.yemigo.co.kr/#,200,2026-08-06
2,예솜의원,서울,송파구,02-3426-2575,http://www.yesomclinic.co.kr/,HTTPS 미설정(http로만 접속),3,,http://www.yesomclinic.co.kr/?mode=privacy,200,2026-08-06
2,온오프피부과의원,서울,송파구,02-6949-0004,https://onoffskin.imweb.me/,개인정보처리방침 없음,0,O,,200,2026-08-06
2,잠실고운세상피부과의원,서울,송파구,02-3434-0800,http://www.beautyforever.co.kr/,tel: 링크 없음 — 휴대폰에서 전화 연결 안 됨,3,,https://www.beautyforever.co.kr/etc/privacy.php,200,2026-08-06
2,참내과의원,서울,송파구,02-430-9168,http://www.charm-clinic.com/,HTTPS 미설정(http로만 접속) / 푸터 카피라이트 2018 — 방치 인상,1,,http://www.charm-clinic.com/member/policy.jsp,200,2026-08-06
2,클럽미즈라미체의원,서울,송파구,02-422-9888,http://www.lamiche.co.kr/,HTTPS 미설정(http로만 접속) / tel: 링크 없음 — 휴대폰에서 전화 연결 안 됨 / 모바일 가로스크롤 발생 / 푸터 카피라이트 2021 — 방치 인상,1,,http://www.lamiche.co.kr/page/agreement.php,200,2026-08-06
2,햇살가득내과의원,서울,송파구,02-476-7566,http://www.imsun.co.kr/index.asp,HTTPS 미설정(http로만 접속) / tel: 링크 없음 — 휴대폰에서 전화 연결 안 됨 / viewport 없음 — 모바일 미대응,0,,javascript:;,200,2026-08-06
2,리더스피부과의원,서울,양천구,02-2163-3973,http://www.beautyleader.co.kr/,tel: 링크 없음 — 휴대폰에서 전화 연결 안 됨 / viewport 없음 — 모바일 미대응,1,O,https://beautyleader.co.kr/bbs/content.php?co_id=privacy,200,2026-08-06
2,목동고운세상피부과의원,서울,양천구,02-2607-4378,http://www.beautyforever.co.kr/,tel: 링크 없음 — 휴대폰에서 전화 연결 안 됨,3,,https://www.beautyforever.co.kr/etc/privacy.php,200,2026-08-06
2,밝은미래산부인과의원,서울,양천구,02-2687-3555,http://www.brightfuture.kr/,HTTPS 미설정(http로만 접속),1,O,http://www.brightfuture.kr/bbs/content.php?co_id=privacy,200,2026-08-06
2,본피부과의원,서울,양천구,02-2062-8700,http://bonskinclinic.com/,HTTPS 미설정(http로만 접속),1,O,http://bonskinclinic.com/sub/privacy.php,200,2026-08-06
2,서울메디탑내과의원,서울,양천구,02-2603-7582,https://seoulmeditop.modoo.at/,tel: 링크 없음 — 휴대폰에서 전화 연결 안 됨 / 개인정보처리방침 없음,0,,,200,2026-08-06
2,설피부과의원,서울,양천구,2646-7577,http://www.seolskin.com/index.asp,HTTPS 미설정(http로만 접속) / tel: 링크 없음 — 휴대폰에서 전화 연결 안 됨 / viewport 없음 — 모바일 미대응,0,,javascript:;,200,2026-08-06
2,시원한비뇨기과의원,서울,양천구,02-2062-7510,http://www.cooluro.co.kr/,HTTPS 미설정(http로만 접속) / tel: 링크 없음 — 휴대폰에서 전화 연결 안 됨 / viewport 없음 — 모바일 미대응,1,,http://www.cooluro.co.kr/tboard/view.php?bid=tb2notice&id=26,200,2026-08-06
2,아이피부과의원,서울,양천구,02-2647-7588,http://whiteipl.com/,tel: 링크 없음 — 휴대폰에서 전화 연결 안 됨,0,,https://book.whiteipl.com/index.php/privacy-policy/,200,2026-08-06
2,연세탑비뇨기과의원,서울,양천구,02-2605-2580,http://www.yonseitopuro.com/,HTTPS 미설정(http로만 접속) / tel: 링크 없음 — 휴대폰에서 전화 연결 안 됨 / viewport 없음 — 모바일 미대응,0,,http://www.yonseitopuro.com/notice/notice_v.asp?srno=1862421,200,2026-08-06
2,유헬스내과의원,서울,양천구,02-6925-3655,http://www.uhealthim.com/,HTTPS 미설정(http로만 접속) / tel: 링크 없음 — 휴대폰에서 전화 연결 안 됨 / viewport 없음 — 모바일 미대응 / 개인정보처리방침 없음,0,,,200,2026-08-06
2,이진우내과의원,서울,양천구,02-2692-6375,http://leejwmed.mdrline.net/,HTTPS 미설정(http로만 접속) / tel: 링크 없음 — 휴대폰에서 전화 연결 안 됨 / viewport 없음 — 모바일 미대응 / 개인정보처리방침 없음,0,,,200,2026-08-06
2,프라임비뇨기과의원,서울,양천구,02-2649-9119,http://www.primeuro.co.kr/,HTTPS 미설정(http로만 접속) / tel: 링크 없음 — 휴대폰에서 전화 연결 안 됨 / 개인정보처리방침 없음,0,,,200,2026-08-06
2,플라워피부과의원,서울,양천구,02-2061-9553,http://www.flowerskin.co.kr/,HTTPS 미설정(http로만 접속) / 개인정보처리방침 없음,1,,,200,2026-08-06
2,한강외과의원,서울,양천구,02-2065-7575,http://www.hgclinic.co.kr/index.asp,HTTPS 미설정(http로만 접속) / tel: 링크 없음 — 휴대폰에서 전화 연결 안 됨 / viewport 없음 — 모바일 미대응 / 개인정보처리방침 없음,0,,,200,2026-08-06
2,CNP차앤박피부과의원,서울,영등포구,02-786-5123,http://www.cnpskin.com/hos/main.php?groupid=cnpskin03,tel: 링크 없음 — 휴대폰에서 전화 연결 안 됨 / 모바일 가로스크롤 발생,1,O,https://www.cnpskin.com/pc/cnp/terms/privacy-notice.html,200,2026-08-06
2,나의미래피부과의원,서울,영등포구,02-761-1010,http://www.my-mirae.com/,tel: 링크 없음 — 휴대폰에서 전화 연결 안 됨 / 개인정보처리방침 없음,0,,,200,2026-08-06
2,노박의원,서울,영등포구,02-845-1353,http://www.inovac.co.kr/intro.asp,HTTPS 미설정(http로만 접속) / tel: 링크 없음 — 휴대폰에서 전화 연결 안 됨 / viewport 없음 — 모바일 미대응 / 개인정보처리방침 없음,0,,,200,2026-08-06
2,다미산부인과의원,서울,영등포구,761-3072,http://www.damiwoman.com/,HTTPS 미설정(http로만 접속) / tel: 링크 없음 — 휴대폰에서 전화 연결 안 됨 / viewport 없음 — 모바일 미대응 / 푸터 카피라이트 2016 — 방치 인상,1,,http://www.damiwoman.com/html/member/privacy.html,200,2026-08-06
2,다미의원,서울,영등포구,02-761-1188,http://www.damiskin.com/,HTTPS 미설정(http로만 접속),0,O,http://www.damiskin.com/mem/privacy.php,200,2026-08-06
2,대림정형외과의원,서울,영등포구,02-833-7582,http://www.best-dr.co.kr/,HTTPS 미설정(http로만 접속) / 개인정보처리방침 없음,0,,,200,2026-08-06
2,라마르의원,서울,영등포구,02-2634-7585,http://www.young-lamar.co.kr/,HTTPS 미설정(http로만 접속),0,O,http://www.young-lamar.co.kr/page/privacy.php,200,2026-08-06
2,로뎀나무내과의원,서울,영등포구,02-2678-7482,http://www.rodemclinic.co.kr/,HTTPS 미설정(http로만 접속) / tel: 링크 없음 — 휴대폰에서 전화 연결 안 됨 / viewport 없음 — 모바일 미대응,1,,http://www.rodemclinic.co.kr/notice/notice_v.asp?srno=1862421,200,2026-08-06
2,리엔뉴의원,서울,영등포구,02-785-0095,http://www.rennew.co.kr/,HTTPS 미설정(http로만 접속) / 푸터 카피라이트 2021 — 방치 인상,13,,http://www.rennew.co.kr/etc/page04.php,200,2026-08-06
2,림스내과의원,서울,영등포구,02-836-8882,http://drlims.com/,HTTPS 미설정(http로만 접속) / tel: 링크 없음 — 휴대폰에서 전화 연결 안 됨,0,,http://ww547.drlims.com/privacy,200,2026-08-06
2,베스탑비뇨기과의원,서울,영등포구,02-2678-7070,http://www.bestopclinic.com/,HTTPS 미설정(http로만 접속) / 모바일 가로스크롤 발생 / 푸터 카피라이트 2019 — 방치 인상,2,,http://www.bestopclinic.com/?mode=privacy,200,2026-08-06
2,봄비뇨기과의원,서울,영등포구,02-836-8707,http://springuro.co.kr/,HTTPS 미설정(http로만 접속) / tel: 링크 없음 — 휴대폰에서 전화 연결 안 됨 / viewport 없음 — 모바일 미대응,0,,http://springuro.co.kr/Module/MBoard/MBoard.asp?Gubun=2&Srno=10015&PState=View,200,2026-08-06
2,봄여름가을겨울피부과의원,서울,영등포구,02-2638-2045,http://www.ydp4clinic.co.kr/,HTTPS 미설정(http로만 접속) / 푸터 카피라이트 2021 — 방치 인상,0,O,http://www.ydp4clinic.co.kr/privacy.php,200,2026-08-06
2,블루릿지의원,서울,영등포구,02-783-7501,http://blueclinic.co.kr/,HTTPS 미설정(http로만 접속) / 개인정보처리방침 없음,1,,,200,2026-08-06
2,삼성다온내과의원,서울,영등포구,02-6268-5000,http://samsungdaon.modoo.at/,HTTPS 미설정(http로만 접속) / tel: 링크 없음 — 휴대폰에서 전화 연결 안 됨 / 개인정보처리방침 없음,0,,,200,2026-08-06
2,새로운내과의원,서울,영등포구,02-2634-0771,https://www.saerounim.com/,tel: 링크 없음 — 휴대폰에서 전화 연결 안 됨 / 모바일 가로스크롤 발생,1,,https://www.saerounim.com/#,200,2026-08-06
2,생강의료생활협동조합 돋움의원,서울,영등포구,02-2633-5020,http://www.doteum.com/,HTTPS 미설정(http로만 접속) / tel: 링크 없음 — 휴대폰에서 전화 연결 안 됨 / viewport 없음 — 모바일 미대응 / 개인정보처리방침 없음,0,,,200,2026-08-06
2,성모속튼튼내과의원,서울,영등포구,02-2671-5656,http://sokgood.com/,HTTPS 미설정(http로만 접속) / 모바일 가로스크롤 발생 / 푸터 카피라이트 2021 — 방치 인상,1,,http://sokgood.com/#,200,2026-08-06
2,신길연세365의원,서울,영등포구,02-834-8275,http://sgys365.modoo.at/,HTTPS 미설정(http로만 접속) / tel: 링크 없음 — 휴대폰에서 전화 연결 안 됨 / 개인정보처리방침 없음,0,,,200,2026-08-06
2,아란태산부인과의원,서울,영등포구,02-2630-6600,http://www.arante.co.kr/,HTTPS 미설정(http로만 접속) / tel: 링크 없음 — 휴대폰에서 전화 연결 안 됨 / viewport 없음 — 모바일 미대응 / 개인정보처리방침 없음 / 푸터 카피라이트 2015 — 방치 인상,0,,,200,2026-08-06
2,안톤의원,서울,영등포구,02-6956-9547,https://www.antoneclinic.co.kr/,모바일 가로스크롤 발생,0,,https://www.antoneclinic.co.kr/privacy,200,2026-08-06
2,여의도라이프케어내과의원,서울,영등포구,02-785-1000,https://lchealth.co.kr/,tel: 링크 없음 — 휴대폰에서 전화 연결 안 됨,4,O,https://lchealth.co.kr/%EC%9D%B4%EC%9A%A9%EC%95%88%EB%82%B4,200,2026-08-06
2,연세노블의원,서울,영등포구,02-2678-7582,http://www.ysnoble.com/,개인정보처리방침 없음,0,,,200,2026-08-06
2,유쾌한비뇨기과의원,서울,영등포구,02-2679-0505,http://www.enjoyuro.com/,HTTPS 미설정(http로만 접속) / tel: 링크 없음 — 휴대폰에서 전화 연결 안 됨 / viewport 없음 — 모바일 미대응 / 개인정보처리방침 없음,0,,,200,2026-08-06
2,이지함피부과의원,서울,영등포구,02-780-3733,http://www.ljh.co.kr/,tel: 링크 없음 — 휴대폰에서 전화 연결 안 됨 / 모바일 가로스크롤 발생 / 개인정보처리방침 없음,0,O,,200,2026-08-06
2,이화미의원,서울,영등포구,02-844-6102,http://www.ewhabeauty.com/,HTTPS 미설정(http로만 접속) / tel: 링크 없음 — 휴대폰에서 전화 연결 안 됨 / viewport 없음 — 모바일 미대응,0,,javascript:;,200,2026-08-06
2,참조은피부과의원,서울,영등포구,02-3442-0600,http://www.good-skin.co.kr/,HTTPS 미설정(http로만 접속) / 개인정보처리방침 없음,0,,,200,2026-08-06
2,퀸즈피부과의원,서울,영등포구,02-2676-8815,http://www.5queen.com/,HTTPS 미설정(http로만 접속) / tel: 링크 없음 — 휴대폰에서 전화 연결 안 됨 / viewport 없음 — 모바일 미대응 / 개인정보처리방침 없음,0,,,200,2026-08-06
2,타브로항외과의원,서울,영등포구,02-2632-7175,http://www.tabro.net/,HTTPS 미설정(http로만 접속),1,,http://www.tabro.net/?menu=46,200,2026-08-06
2,닥터선의원,서울,용산구,02-6273-7500,https://www.drsunclinic.com/,tel: 링크 없음 — 휴대폰에서 전화 연결 안 됨 / 개인정보처리방침 없음,1,,,200,2026-08-06
2,더우아의원,서울,용산구,02-749-7738,http://www.theoooooah.com/,tel: 링크 없음 — 휴대폰에서 전화 연결 안 됨 / viewport 없음 — 모바일 미대응 / 개인정보처리방침 없음,0,,,200,2026-08-06
2,라엘르의원,서울,용산구,02-749-0126,http://www.la-aille.com/,HTTPS 미설정(http로만 접속) / 개인정보처리방침 없음,1,O,,200,2026-08-06
2,로하스가정의학과의원,서울,용산구,02-790-7470,http://www.lohascare.org/index.asp,HTTPS 미설정(http로만 접속) / tel: 링크 없음 — 휴대폰에서 전화 연결 안 됨 / viewport 없음 — 모바일 미대응 / 개인정보처리방침 없음,0,,,200,2026-08-06
2,마음담은삼성내과의원,서울,용산구,02-798-7550,http://www.maumdam.com/index.asp,HTTPS 미설정(http로만 접속) / tel: 링크 없음 — 휴대폰에서 전화 연결 안 됨 / viewport 없음 — 모바일 미대응 / 개인정보처리방침 없음,0,,,200,2026-08-06
2,연세메디노블의원,서울,용산구,790-2175,http://www.medinoble.com/,개인정보처리방침 없음,2,O,,200,2026-08-06
2,올리준의원,서울,용산구,02-6952-5090,https://olijoon.com/,모바일 가로스크롤 발생 / 개인정보처리방침 없음,0,O,,200,2026-08-06
2,우태하한승경피부과의원,서울,용산구,02-754-2590,http://www.wooskin.co.kr/2014_wooskin/,HTTPS 미설정(http로만 접속) / tel: 링크 없음 — 휴대폰에서 전화 연결 안 됨 / 모바일 가로스크롤 발생 / 개인정보처리방침 없음,0,,,200,2026-08-06
2,이레피부과의원,서울,용산구,02-6949-3705,http://jirehderma.co.kr/,HTTPS 미설정(http로만 접속),2,O,http://jirehderma.co.kr/#open_pop,200,2026-08-06
2,초이스내과신경과의원,서울,용산구,795-1175,https://blog.naver.com/woongenius,tel: 링크 없음 — 휴대폰에서 전화 연결 안 됨 / viewport 없음 — 모바일 미대응 / 개인정보처리방침 없음,0,,,200,2026-08-06
2,트리니티내과의원,서울,용산구,02-793-7127,http://www.trinitydoc.co.kr/,tel: 링크 없음 — 휴대폰에서 전화 연결 안 됨 / 개인정보처리방침 없음,2,,,200,2026-08-06
2,가톨릭정형외과의원,서울,은평구,02-354-9800,http://cafe.naver.com/catholicos,tel: 링크 없음 — 휴대폰에서 전화 연결 안 됨 / viewport 없음 — 모바일 미대응 / 개인정보처리방침 없음,6,,,200,2026-08-06
2,강창원내과의원,서울,은평구,02-389-2043,http://www.med2000.co.kr/,HTTPS 미설정(http로만 접속) / tel: 링크 없음 — 휴대폰에서 전화 연결 안 됨 / viewport 없음 — 모바일 미대응,2,,http://www.med2000.co.kr/notice/notice_v.asp?srno=1862421,200,2026-08-06
2,건강그린내과의원,서울,은평구,02-358-3355,http://www.healthgreen.co.kr/,tel: 링크 없음 — 휴대폰에서 전화 연결 안 됨 / 개인정보처리방침 없음,0,,,200,2026-08-06
2,로쉬여성의원,서울,은평구,02-303-9313,http://www.miaeroyp.com/,HTTPS 미설정(http로만 접속) / tel: 링크 없음 — 휴대폰에서 전화 연결 안 됨 / viewport 없음 — 모바일 미대응,1,O,http://www.miaeroyp.com/bbs/content.php?co_id=privacy,200,2026-08-06
2,마이디피부과의원,서울,은평구,02-355-5533,http://www.mydskin.co.kr/,HTTPS 미설정(http로만 접속) / tel: 링크 없음 — 휴대폰에서 전화 연결 안 됨 / 모바일 가로스크롤 발생 / 개인정보처리방침 없음,2,,,200,2026-08-06
2,맘스미산부인과의원,서울,은평구,02-388-5855,http://www.momsmi.com/,HTTPS 미설정(http로만 접속) / tel: 링크 없음 — 휴대폰에서 전화 연결 안 됨 / 개인정보처리방침 없음,0,,,200,2026-08-06
2,새하얀피부과의원,서울,은평구,02-353-5600,http://www.whitskin.com/,HTTPS 미설정(http로만 접속) / tel: 링크 없음 — 휴대폰에서 전화 연결 안 됨 / 모바일 가로스크롤 발생,1,,http://www.whitskin.com/2021/member/member01.php,200,2026-08-06
2,수내과의원,서울,은평구,02-359-7557,http://www.clinicsu.com/,HTTPS 미설정(http로만 접속) / tel: 링크 없음 — 휴대폰에서 전화 연결 안 됨 / viewport 없음 — 모바일 미대응,0,,javascript:;,200,2026-08-06
2,연세사랑의원,서울,은평구,02-375-7585,http://cafe.daum.net/pelvicalignment,tel: 링크 없음 — 휴대폰에서 전화 연결 안 됨 / viewport 없음 — 모바일 미대응 / 개인정보처리방침 없음,0,,,200,2026-08-06
2,연세우리내과의원,서울,은평구,02-357-8279,http://www.yswoori.net/,HTTPS 미설정(http로만 접속),0,,javascript:terms2(),200,2026-08-06
2,연세학문외과의원,서울,은평구,02-387-6427,http://www.hangmac.com/,HTTPS 미설정(http로만 접속) / tel: 링크 없음 — 휴대폰에서 전화 연결 안 됨 / viewport 없음 — 모바일 미대응 / 푸터 카피라이트 2014 — 방치 인상,0,,javascript:privacy();,200,2026-08-06
2,이윤진산부인과의원,서울,은평구,02-356-3100,http://www.leeyoonjin.com/,HTTPS 미설정(http로만 접속) / tel: 링크 없음 — 휴대폰에서 전화 연결 안 됨 / 모바일 가로스크롤 발생,0,,http://www.leeyoonjin.com/index.php?ch=memberPrivacy,200,2026-08-06
2,정승기정형외과의원,서울,은평구,02-358-2458,http://www.drnopain.co.kr/,HTTPS 미설정(http로만 접속) / tel: 링크 없음 — 휴대폰에서 전화 연결 안 됨 / 모바일 가로스크롤 발생 / 개인정보처리방침 없음,0,,,200,2026-08-06
2,채희재피부과의원,서울,은평구,02-385-3330,http://www.skinchae.co.kr/,HTTPS 미설정(http로만 접속) / tel: 링크 없음 — 휴대폰에서 전화 연결 안 됨 / viewport 없음 — 모바일 미대응 / 개인정보처리방침 없음 / 푸터 카피라이트 2012 — 방치 인상,0,,,200,2026-08-06
2,최윤영산부인과의원,서울,은평구,02-382-0220,http://www.herdoctor.co.kr/,HTTPS 미설정(http로만 접속) / tel: 링크 없음 — 휴대폰에서 전화 연결 안 됨 / viewport 없음 — 모바일 미대응 / 푸터 카피라이트 2006 — 방치 인상,0,,http://www.herdoctor.co.kr/#,200,2026-08-06
2,하나내과의원,서울,은평구,02-356-0022,https://hanamedicalscience.modoo.at/,tel: 링크 없음 — 휴대폰에서 전화 연결 안 됨 / 개인정보처리방침 없음,0,,,200,2026-08-06
2,활기찬정형외과의원,서울,은평구,02-385-8875,http://bone119.co.kr/,HTTPS 미설정(http로만 접속) / 모바일 가로스크롤 발생 / 푸터 카피라이트 2021 — 방치 인상,2,O,javascript:fun_pop_privacy(),200,2026-08-06
2,경희궁비뇨의학과의원,서울,종로구,02-722-7550,http://www.bestopclinic.com/,HTTPS 미설정(http로만 접속) / 모바일 가로스크롤 발생 / 푸터 카피라이트 2019 — 방치 인상,2,,http://www.bestopclinic.com/?mode=privacy,200,2026-08-06
2,래인의원,서울,종로구,02-6272-4194,http://www.leinclinic.com/,HTTPS 미설정(http로만 접속) / tel: 링크 없음 — 휴대폰에서 전화 연결 안 됨 / viewport 없음 — 모바일 미대응,0,O,http://www.leinclinic.com/content/privacy,200,2026-08-06
2,비앤비의원,서울,종로구,02-762-7588,http://www.bnbclinic.co.kr/,HTTPS 미설정(http로만 접속) / tel: 링크 없음 — 휴대폰에서 전화 연결 안 됨 / 모바일 가로스크롤 발생 / 푸터 카피라이트 2013 — 방치 인상,1,O,http://www.bnbclinic.co.kr/#,200,2026-08-06
2,산소의원,서울,종로구,02-733-7343,http://www.sansoclinic.co.kr/,HTTPS 미설정(http로만 접속) / tel: 링크 없음 — 휴대폰에서 전화 연결 안 됨 / viewport 없음 — 모바일 미대응 / 푸터 카피라이트 2009 — 방치 인상,0,,javascript:privacy();,200,2026-08-06
2,에스앤유피부과의원,서울,종로구,02-720-7582,http://www.jongrosnu.com/,tel: 링크 없음 — 휴대폰에서 전화 연결 안 됨 / viewport 없음 — 모바일 미대응 / 개인정보처리방침 없음,0,,,200,2026-08-06
2,연세에스웰피부과의원,서울,종로구,02-2075-7500,http://www.swellskin.com/,tel: 링크 없음 — 휴대폰에서 전화 연결 안 됨,0,O,https://www.swellskin.com/shop_info/privacy.htm,200,2026-08-06
2,의료법인하나로의료재단하나로의원,서울,종로구,02-732-3030,http://www.hanaromf.com/,tel: 링크 없음 — 휴대폰에서 전화 연결 안 됨 / viewport 없음 — 모바일 미대응 / 푸터 카피라이트 2018 — 방치 인상,1,O,https://www.hanaromf.com/helpdesk/policy/index.jsp,200,2026-08-06
2,일맥한의원 더영의원,서울,종로구,02-722-1854,http://www.jrmiclinic.com/,HTTPS 미설정(http로만 접속) / tel: 링크 없음 — 휴대폰에서 전화 연결 안 됨 / viewport 없음 — 모바일 미대응 / 개인정보처리방침 없음,0,,,200,2026-08-06
2,리뉴미피부과의원,서울,중구,02-2275-5085,http://www.rnmeskin.com/,tel: 링크 없음 — 휴대폰에서 전화 연결 안 됨,1,O,https://rnmeskin.com/#,200,2026-08-06
2,리엘르의원,서울,중구,02-3789-2086,https://md.re-ele.com/,viewport 없음 — 모바일 미대응,2,O,https://md.re-ele.com/member/popupPrivacy.php,200,2026-08-06
2,명동고운세상피부과의원,서울,중구,02-755-5411,http://www.beautyforever.co.kr/,tel: 링크 없음 — 휴대폰에서 전화 연결 안 됨,3,,https://www.beautyforever.co.kr/etc/privacy.php,200,2026-08-06
2,명동리더스피부과의원,서울,중구,02-6677-1945,http://www.beautyleader.co.kr/,tel: 링크 없음 — 휴대폰에서 전화 연결 안 됨 / viewport 없음 — 모바일 미대응,1,O,https://beautyleader.co.kr/bbs/content.php?co_id=privacy,200,2026-08-06
2,미애로여성의원,서울,중구,02-2233-6992,http://www.miaerojoa.com/,HTTPS 미설정(http로만 접속) / tel: 링크 없음 — 휴대폰에서 전화 연결 안 됨 / viewport 없음 — 모바일 미대응,0,O,http://www.miaerojoa.com/bbs/content.php?co_id=privacy,200,2026-08-06
2,보아스이비인후과의원,서울,중구,02-2234-1530,http://www.boazent.co.kr/,tel: 링크 없음 — 휴대폰에서 전화 연결 안 됨 / 개인정보처리방침 없음,2,,,200,2026-08-06
2,비엘티의원,서울,중구,02-3393-1293,http://www.bltclinic.co.kr/,개인정보처리방침 없음,0,,,200,2026-08-06
2,셀린의원명동점,서울,중구,02-3789-0824,https://www.cellinclinic8.com/,viewport 없음 — 모바일 미대응,2,O,https://www.cellinclinic8.com/member/popupPrivacy.php,200,2026-08-06
2,소중한나의원,서울,중구,318-5036,http://www.valuable-me.com/,tel: 링크 없음 — 휴대폰에서 전화 연결 안 됨 / viewport 없음 — 모바일 미대응 / 개인정보처리방침 없음,0,,,200,2026-08-06
2,씨앤피차앤박피부과의원,서울,중구,777-2488,http://www.cnpskin.com/,tel: 링크 없음 — 휴대폰에서 전화 연결 안 됨 / 모바일 가로스크롤 발생,2,O,https://www.cnpskin.com/pc/cnp/terms/privacy-notice.html,200,2026-08-06
2,아름다운나라피부과의원,서울,중구,02-755-2105,http://www.globalanacli.co.kr/,개인정보처리방침 없음 / 푸터 카피라이트 2020 — 방치 인상,0,O,,200,2026-08-06
2,아비쥬의원,서울,중구,1544-0377,http://www.wynnclinic.com/,HTTPS 미설정(http로만 접속) / tel: 링크 없음 — 휴대폰에서 전화 연결 안 됨 / 개인정보처리방침 없음,0,,,200,2026-08-06
2,엠제이(MJ)올피부과의원,서울,중구,02-777-8275,http://www.beautyforever.co.kr/,tel: 링크 없음 — 휴대폰에서 전화 연결 안 됨,3,,https://www.beautyforever.co.kr/etc/privacy.php,200,2026-08-06
2,여노피산부인과의원,서울,중구,757-4747,http://www.yeonopy.com/,HTTPS 미설정(http로만 접속),2,O,http://www.yeonopy.com/mem/privacy.html,200,2026-08-06
2,위즈앤미의원,서울,중구,02-777-0900,http://www.wiznmi.com/,HTTPS 미설정(http로만 접속) / tel: 링크 없음 — 휴대폰에서 전화 연결 안 됨 / viewport 없음 — 모바일 미대응,6,,http://wiznmi.com/html/member/privacy.php,200,2026-08-06
2,유앤아이의원명동점,서울,중구,02-6956-6021,https://www.mduni114.co.kr/,모바일 가로스크롤 발생,0,O,https://www.mduni114.co.kr/info/,200,2026-08-06
2,유앤영피부과의원,서울,중구,02-318-7533,http://www.upskin.co.kr/index.php,tel: 링크 없음 — 휴대폰에서 전화 연결 안 됨 / 모바일 가로스크롤 발생 / 개인정보처리방침 없음 / 푸터 카피라이트 2020 — 방치 인상,12,,,200,2026-08-06
2,유제의원,서울,중구,02-777-0133,https://www.yujeclinic.com/,개인정보처리방침 없음,0,O,,200,2026-08-06
2,포에버의원,서울,중구,02-779-7771,https://md.foreverclinic.co.kr/,tel: 링크 없음 — 휴대폰에서 전화 연결 안 됨 / 모바일 가로스크롤 발생,0,O,https://foreverclinic.co.kr/ko/privacy,200,2026-08-06
2,플로레의원,서울,중구,777-7805,http://www.fulore.co.kr/,HTTPS 미설정(http로만 접속) / 개인정보처리방침 없음,0,,,200,2026-08-06
2,헤이데이의원명동점,서울,중구,02-6263-0302,https://heydayclinic2.com/,tel: 링크 없음 — 휴대폰에서 전화 연결 안 됨,0,O,https://heydayclinic2.com/?mode=privacy,200,2026-08-06
2,대한민국의원,서울,중랑구,02-436-0111,http://www.antipain.co.kr/,HTTPS 미설정(http로만 접속) / tel: 링크 없음 — 휴대폰에서 전화 연결 안 됨 / 개인정보처리방침 없음,1,,,200,2026-08-06
2,보아스이비인후과의원,서울,중랑구,02-2207-1530,http://www.boazent.co.kr/,tel: 링크 없음 — 휴대폰에서 전화 연결 안 됨 / 개인정보처리방침 없음,2,,,200,2026-08-06
2,엔트리의원,서울,중랑구,02-433-7510,http://www.entrymedical.co.kr/,HTTPS 미설정(http로만 접속) / tel: 링크 없음 — 휴대폰에서 전화 연결 안 됨 / viewport 없음 — 모바일 미대응 / 개인정보처리방침 없음,0,,,200,2026-08-06
2,연세조이의원,서울,중랑구,02-495-7775,http://www.joyclinic.co.kr/,HTTPS 미설정(http로만 접속) / tel: 링크 없음 — 휴대폰에서 전화 연결 안 됨 / 개인정보처리방침 없음,0,,,200,2026-08-06
2,참사랑의원,서울,중랑구,02-973-7542,http://www.charmsarang.co.kr/,HTTPS 미설정(http로만 접속) / tel: 링크 없음 — 휴대폰에서 전화 연결 안 됨 / viewport 없음 — 모바일 미대응 / 개인정보처리방침 없음,0,,,200,2026-08-06
3,엔젤스피부과의원,경기,고양덕양구,02-2138-3348,https://angels-skin.com/,기술 결함 없음 — 제56조 검수 접근,2,O,https://angels-skin.com/bbs/content.php?co_id=privacy,200,2026-08-06
3,지축다시봄날의원,경기,고양덕양구,02-2088-5544,https://jc.springdayclinic.com/,기술 결함 없음 — 제56조 검수 접근,0,O,https://jc.springdayclinic.com/?mode=policy,200,2026-08-06
3,오킴스피부과의원,경기,고양일산동구,031-902-9333,http://www.ohkimsskin.com/,기술 결함 없음 — 제56조 검수 접근,0,O,https://www.ohkimsskin.com/default/terms/privacy.php,200,2026-08-06
3,메디누리미의원,경기,고양일산서구,031-915-7577,http://mitam.co.kr/,기술 결함 없음 — 제56조 검수 접근,0,O,https://mitam.co.kr/?mode=privacy,200,2026-08-06
3,톤즈의원 광명점,경기,광명시,02-6956-6848,https://tonesclinic.com/gwangmyeong?lang=en,기술 결함 없음 — 제56조 검수 접근,4,O,https://www.tonesclinic.com/gwangmyeong/privacy,200,2026-08-06
3,코앤코이비인후과의원,경기,부천원미구,032-651-2100,http://www.coenko.com/,기술 결함 없음 — 제56조 검수 접근,0,,https://coenko.com/#,200,2026-08-06
3,분당닥터에버스의원,경기,성남분당구,031-8039-7537,https://evers29.co.kr/,기술 결함 없음 — 제56조 검수 접근,0,O,https://evers29.co.kr/?mode=privacy,200,2026-08-06
3,오체안피부과의원,경기,수원영통구,031-205-7557,https://ozheansw.com/,기술 결함 없음 — 제56조 검수 접근,0,O,https://ozheansw.com/page/privacy?tabIndex01,200,2026-08-06
3,수메디의원,경기,수원팔달구,031-203-5030,http://www.soofm.com/,기술 결함 없음 — 제56조 검수 접근,1,O,https://www.soofm.com/theme/sm/page_html/privacy.html,200,2026-08-06
3,청담맥의원,경기,수원팔달구,031-254-8080,http://www.cdmac.co.kr/,기술 결함 없음 — 제56조 검수 접근,0,O,https://www.cdmac.co.kr/policy_privacy,200,2026-08-06
3,건강한미래항외과의원,경기,안산단원구,031-414-8275,http://mirae-clinic.com/,기술 결함 없음 — 제56조 검수 접근,0,,https://mirae-clinic.com/%EA%B0%9C%EC%9D%B8%EC%A0%95%EB%B3%B4%EC%B2%98%EB%A6%AC%EB%B0%A9%EC%B9%A8,200,2026-08-06
3,한나이브 성형외과의원,경기,안양만안구,031-441-2288,http://www.beautifuleve.co.kr/,기술 결함 없음 — 제56조 검수 접근,4,O,https://www.beautifuleve.co.kr/g5/bbs/content.php?co_id=privacy,200,2026-08-06
3,청담맥의원,경기,오산시,031-372-1264,http://www.cdmac.co.kr/,기술 결함 없음 — 제56조 검수 접근,0,O,https://www.cdmac.co.kr/policy_privacy,200,2026-08-06
3,송샘산부인과의원,경기,용인수지구,031-266-3777,http://ssog.kr/,기술 결함 없음 — 제56조 검수 접근,2,O,https://ssog.kr/?mode=privacy,200,2026-08-06
3,수지미래산부인과의원,경기,용인수지구,031-896-3333,http://www.sujimirae.co.kr/,기술 결함 없음 — 제56조 검수 접근,0,O,https://sujimirae.co.kr/?mode=privacy,200,2026-08-06
3,에브리업의원,경기,하남시,02-2138-3193,https://everyup.co.kr/,기술 결함 없음 — 제56조 검수 접근,1,O,https://everyup.co.kr/content/privacy,200,2026-08-06
3,삼성봄그린산부인과의원,경기,화성동탄구,031-377-3537,https://www.bomgreenclinic.co.kr/,기술 결함 없음 — 제56조 검수 접근,0,,https://www.bomgreenclinic.co.kr/bbs/content.php?co_id=privacy,200,2026-08-06
3,노블앤코의원,서울,강남구,02-6247-3100,http://www.noblenco.com/,기술 결함 없음 — 제56조 검수 접근,2,O,https://www.noblenco.com/?mode=privacy,200,2026-08-06
3,뉴브의원,서울,강남구,031-935-5375,https://www.newve-skinclinic.co.kr/,기술 결함 없음 — 제56조 검수 접근,1,O,https://www.newve-skinclinic.co.kr/Notice/?q=YToyOntzOjEyOiJrZXl3b3JkX3R5cGUiO3M6MzoiYWxsIjtzOjQ6InBhZ2UiO2k6MTt9&bmode=view&idx=30554682&t=board,200,2026-08-06
3,더모어피부과의원,서울,강남구,02-541-3888,https://www.dermore.co.kr/,기술 결함 없음 — 제56조 검수 접근,0,O,https://www.dermore.co.kr/?mode=privacy,200,2026-08-06
3,더안청담의원,서울,강남구,02-0000-0000,https://aanclinic.com/,기술 결함 없음 — 제56조 검수 접근,2,O,https://aanclinic.com/Info/privacy,200,2026-08-06
3,더원성형외과의원,서울,강남구,512-3452,http://www.theoneclinic.co.kr/,기술 결함 없음 — 제56조 검수 접근,2,O,http://xn--vb0b83jh2mo8esmat07e.com/?mode=policy,200,2026-08-06
3,더피크의원,서울,강남구,02-6953-5874,http://thepeakclinic.com/,기술 결함 없음 — 제56조 검수 접근,2,O,https://thepeakclinic.com/theme/basic/pop_privacy.php,200,2026-08-06
3,델픽의원,서울,강남구,02-511-8818,https://www.delphic.co.kr/,기술 결함 없음 — 제56조 검수 접근,0,O,https://delphic.co.kr/terms/privacy-policy,200,2026-08-06
3,레이디유로비뇨기과의원,서울,강남구,,http://www.ladyuro.com/,기술 결함 없음 — 제56조 검수 접근,0,O,https://ladyuro.com/?mode=privacy,200,2026-08-06
3,리얼리성형외과의원,서울,강남구,02-553-2500,https://www.realeeps.com/,기술 결함 없음 — 제56조 검수 접근,3,O,https://realeeps.com/privacy-policy/,200,2026-08-06
3,모힐의원,서울,강남구,1899-7527,http://www.moheal.co.kr/,기술 결함 없음 — 제56조 검수 접근,2,O,https://moheal.co.kr/?mode=privacy,200,2026-08-06
3,몬스터의원,서울,강남구,02-543-2488,http://www.monsterclinic.com/,기술 결함 없음 — 제56조 검수 접근,0,O,https://monsterclinic.com/policy,200,2026-08-06
3,미드나잇의원,서울,강남구,02-515-7585,https://www.midnightclinic.co.kr/,기술 결함 없음 — 제56조 검수 접근,0,O,https://www.midnightclinic.co.kr/bbs/content.php?co_id=privacy,200,2026-08-06
3,브랜뉴의원,서울,강남구,511-3075,http://www.brandnewclinic.com/,기술 결함 없음 — 제56조 검수 접근,1,O,https://brandnewclinic.imweb.me/?mode=privacy,200,2026-08-06
3,블리스의원,서울,강남구,02-556-7575,http://blissclinic.co.kr/,기술 결함 없음 — 제56조 검수 접근,1,,https://blissclinic.co.kr/policy.php,200,2026-08-06
3,삼성비앤에스의원,서울,강남구,02-501-4341,http://bnsclinic.co.kr/,기술 결함 없음 — 제56조 검수 접근,0,O,https://bnsclinic.co.kr/bbs/content.php?co_id=privacy,200,2026-08-06
3,서울피부과의원,서울,강남구,02-512-4343,http://www.seoulskin.com/,기술 결함 없음 — 제56조 검수 접근,0,,https://perfectdomain.com/legal/privacy-policy,200,2026-08-06
3,설레임의원,서울,강남구,511-7674,http://www.gangnamskin.co.kr/,기술 결함 없음 — 제56조 검수 접근,1,O,https://www.gangnamskin.co.kr/member/privacy.html,200,2026-08-06
3,세레스의원,서울,강남구,02-733-2638,http://www.auradr.com/,기술 결함 없음 — 제56조 검수 접근,3,,https://www.hugedomains.com/privacy_policy.cfm,200,2026-08-06
3,에스씨301의원,서울,강남구,02-511-1550,http://www.sc301.co.kr/,기술 결함 없음 — 제56조 검수 접근,3,O,https://www.sc301.co.kr/privacy-policy/,200,2026-08-06
3,에이든의원,서울,강남구,02-515-3351,https://aidenclinic.co.kr/,기술 결함 없음 — 제56조 검수 접근,3,,javascript:void(0);,200,2026-08-06
3,엔디어트의원,서울,강남구,02-6958-6390,https://endiet.co.kr/,기술 결함 없음 — 제56조 검수 접근,3,O,javascript:void(0);,200,2026-08-06
3,올하트성형외과의원,서울,강남구,02-515-7789,https://www.allheartps.com/,기술 결함 없음 — 제56조 검수 접근,1,O,javascript:void(0),200,2026-08-06
3,유넬의원,서울,강남구,02-501-0064,https://eunelclinic.co.kr/,기술 결함 없음 — 제56조 검수 접근,0,O,https://www.eunelclinic.co.kr/#,200,2026-08-06
3,좋은아침외과의원,서울,강남구,02-558-6625,http://www.gm-hospital.com/,기술 결함 없음 — 제56조 검수 접근,0,,http://www.beautihang.com/sub/privacy.php,200,2026-08-06
3,진성형외과의원,서울,강남구,02-566-6131,http://www.drchin.co.kr/,기술 결함 없음 — 제56조 검수 접근,3,O,https://www.drchin.co.kr/member/privacy.php,200,2026-08-06
3,헤브피부과의원,서울,강남구,02-511-8081,https://hevclinic.com/,기술 결함 없음 — 제56조 검수 접근,2,O,https://hevclinic.com/,200,2026-08-06
3,오가나셀피부과의원마곡점,서울,강서구,02-2659-2888,https://oganacell-magok.com/,기술 결함 없음 — 제56조 검수 접근,2,O,https://oganacell-magok.com/member/privacy.html,200,2026-08-06
3,건대닥터에버스의원,서울,광진구,02-6952-7131,https://www.evers25.co.kr/,기술 결함 없음 — 제56조 검수 접근,0,O,https://www.evers25.co.kr/?mode=privacy,200,2026-08-06
3,톤즈의원,서울,광진구,02-6941-1966,https://tonesclinic.com/geondae?lang=ko,기술 결함 없음 — 제56조 검수 접근,4,O,https://www.tonesclinic.com/geondae/privacy,200,2026-08-06
3,닥터에버스의원,서울,구로구,02-2138-2140,https://evers22.co.kr/,기술 결함 없음 — 제56조 검수 접근,0,O,https://evers22.co.kr/?mode=privacy,200,2026-08-06
3,더맑은의원,서울,구로구,02-3439-7333,http://theclearskin.co.kr/,기술 결함 없음 — 제56조 검수 접근,0,O,https://theclearskin.co.kr/bbs/content.php?co_id=privacy,200,2026-08-06
3,청량리닥터에버스의원,서울,동대문구,02-2039-3675,https://evers28.co.kr/,기술 결함 없음 — 제56조 검수 접근,0,O,https://evers28.co.kr/?mode=privacy,200,2026-08-06
3,강남가드비뇨기과의원,서울,동작구,02-566-8330,http://www.guardclinic.co.kr/,기술 결함 없음 — 제56조 검수 접근,0,,javascript:void(0);,200,2026-08-06
3,라마르의원,서울,동작구,02-537-8575,http://www.isu-lamarskin.com/,기술 결함 없음 — 제56조 검수 접근,1,O,https://www.isu-lamarskin.com/theme/sekti/bbs/privacy.php,200,2026-08-06
3,서울메타비뇨의학과의원,서울,마포구,02-6009-1133,http://www.metauro.co.kr/,기술 결함 없음 — 제56조 검수 접근,1,O,https://www.metauro.co.kr/?mode=privacy,200,2026-08-06
3,제이필의원,서울,마포구,02-533-0060,https://jfeelclinic.com/,기술 결함 없음 — 제56조 검수 접근,2,O,javascript:;,200,2026-08-06
3,김소영피부과의원,서울,서대문구,02-396-0522,http://www.syclinic.co.kr/,기술 결함 없음 — 제56조 검수 접근,1,,javascript:;,200,2026-08-06
3,고와의원,서울,서초구,02-591-7776,https://gowaclinic.com/,기술 결함 없음 — 제56조 검수 접근,1,O,https://gowaclinic.com/?page_id=2169,200,2026-08-06
3,고운몸의원,서울,서초구,02-525-0304,http://www.gowoonmom.co.kr/index.php,기술 결함 없음 — 제56조 검수 접근,3,O,https://www.gowoonmom.co.kr/web/etc/terms?id=40,200,2026-08-06
3,너와의원,서울,서초구,02-581-1668,https://nuwaclinic.com/,기술 결함 없음 — 제56조 검수 접근,0,O,https://nuwaclinic.com/policies,200,2026-08-06
3,리브힙의원,서울,서초구,02-6204-8888,https://www.libhibclinic.com/,기술 결함 없음 — 제56조 검수 접근,3,O,https://www.libhibclinic.com/inc/reqist.php,200,2026-08-06
3,리프티크피부과의원,서울,서초구,02-543-2829,https://www.liftique.co.kr/,기술 결함 없음 — 제56조 검수 접근,3,O,javascript:void(0);,200,2026-08-06
3,메디스캔의원,서울,서초구,02-525-5775,http://www.mediscan.co.kr/,기술 결함 없음 — 제56조 검수 접근,4,O,https://www.mediscan.co.kr/kr/etc/privacy.php,200,2026-08-06
3,미드라인성형외과의원,서울,서초구,02-567-5518,http://midlineps.com/,기술 결함 없음 — 제56조 검수 접근,2,O,https://midlineps.com/privacy-policy/,200,2026-08-06
3,바이미성형외과의원,서울,서초구,02-2039-0801,https://bymeps.co.kr/,기술 결함 없음 — 제56조 검수 접근,3,O,https://bymeps.co.kr/,200,2026-08-06
3,별성형외과의원,서울,서초구,1833-8898,http://www.byulstar.com/,기술 결함 없음 — 제56조 검수 접근,4,O,https://byulstar.com/#,200,2026-08-06
3,에버샘의원,서울,서초구,02-3478-8087,https://eversameclinic.com/,기술 결함 없음 — 제56조 검수 접근,2,O,https://eversameclinic.com/inc/reqist.php,200,2026-08-06
3,엘비아피부과의원,서울,서초구,02-516-8989,https://www.elviaclinic.com/,기술 결함 없음 — 제56조 검수 접근,5,O,javascript:void(0);,200,2026-08-06
3,오르타의원,서울,서초구,,https://www.ortaclinic.com/ko,기술 결함 없음 — 제56조 검수 접근,1,O,https://www.ortaclinic.com/ko/terms/privacy,200,2026-08-06
3,커스텀피부과의원,서울,서초구,,https://www.custom-clinic.com/,기술 결함 없음 — 제56조 검수 접근,1,O,https://www.custom-clinic.com/index.php/member/privacy/11,200,2026-08-06
3,밀락씨의원,서울,성동구,02-2294-1233,http://milaccclinic.com/,기술 결함 없음 — 제56조 검수 접근,2,O,https://milaccclinic.com/policy/privacy.php,200,2026-08-06
3,다이브의원,서울,성북구,02-3291-5570,https://dybeclinic.com/,기술 결함 없음 — 제56조 검수 접근,0,O,https://dybeclinic.com/?customize_changeset_uuid=94158e6a-964e-4229-981a-7aac82066f0a#,200,2026-08-06
3,서울리센츠내과 영상의학과의원,서울,송파구,02-6426-3388,https://www.dr3388.co.kr/,기술 결함 없음 — 제56조 검수 접근,1,,javascript:;,200,2026-08-06
3,프리샤산부인과의원,서울,송파구,02-6412-1234,https://freesiaclinic.com/,기술 결함 없음 — 제56조 검수 접근,0,O,https://freesiaclinic.com/#,200,2026-08-06
3,휴먼피부과의원,서울,송파구,02-419-0777,https://jamsilhuman.com/,기술 결함 없음 — 제56조 검수 접근,0,O,javascript:void(0),200,2026-08-06
3,해성산부인과의원,서울,양천구,02-2646-7115,http://www.hsobgy.net/,기술 결함 없음 — 제56조 검수 접근,0,,https://hsobgy.net/%EA%B0%9C%EC%9D%B8%EC%A0%95%EB%B3%B4%EC%B2%98%EB%A6%AC%EB%B0%A9%EC%B9%A8,200,2026-08-06
3,빛채운 피부과의원,서울,영등포구,02-6265-0108,https://www.vitchaewoon.co.kr/,기술 결함 없음 — 제56조 검수 접근,5,O,javascript:void(0);,200,2026-08-06
3,아산정형외과의원,서울,영등포구,02-848-1075,http://www.asanos.com/,기술 결함 없음 — 제56조 검수 접근,3,,https://www.hugedomains.com/privacy_policy.cfm,200,2026-08-06
3,연세리앤피부과의원,서울,영등포구,02-2671-9300,http://www.leeand.co.kr/,기술 결함 없음 — 제56조 검수 접근,2,O,https://www.leeand.co.kr/,200,2026-08-06
3,영등포데이뷰의원,서울,영등포구,02-6952-4842,https://www.daybeauclinic09.com/,기술 결함 없음 — 제56조 검수 접근,1,O,https://www.daybeauclinic09.com/branch/privacypolicy.php,200,2026-08-06
3,톤즈의원,서울,영등포구,02-6952-0304,https://tonesclinic.co.kr/yeongdeungpo?lang=ko,기술 결함 없음 — 제56조 검수 접근,4,O,https://www.tonesclinic.co.kr/yeongdeungpo/privacy,200,2026-08-06
3,트윙클의원,서울,종로구,02-6931-7555,http://www.twinkleclinic.co.kr/,기술 결함 없음 — 제56조 검수 접근,0,O,https://www.twinkleclinic.co.kr/?mode=privacy,200,2026-08-06
3,명동벤자민피부과의원,서울,중구,02-6272-7007,https://benjaminclinicmd.com/,기술 결함 없음 — 제56조 검수 접근,1,O,https://benjaminclinicmd.com/bbs/content.php?co_id=privacy,200,2026-08-06
3,아름다운미탐의원,서울,중구,02-3789-1110,http://www.mitam.co.kr/,기술 결함 없음 — 제56조 검수 접근,0,O,https://mitam.co.kr/?mode=privacy,200,2026-08-06
3,을지로일등정형외과의원,서울,중구,-,https://euljironumber1.co.kr/?redirect=1,기술 결함 없음 — 제56조 검수 접근,1,,https://euljironumber1.co.kr/?redirect=1,200,2026-08-06
3,엘앤에스비뇨의학과의원 동부점,서울,중랑구,02-2209-1119,https://lns24.co.kr/,기술 결함 없음 — 제56조 검수 접근,1,,https://lns24.co.kr/bbs/content.php?co_id=privacy,200,2026-08-06
X,365엠씨의원,경기,고양일산동구,031-902-3653,http://www.365mc.co.kr/,"접속 실패: Execution context was destroyed, most likely because of a navigation.",,,,200,2026-08-06
X,내안에봄의원,경기,고양일산동구,902-8575,http://lamarilsan.com/,접속 실패: net::ERR_NAME_NOT_RESOLVED at http://lamarilsan.com/,,,,,2026-08-06
X,로앤산부인과의원,경기,고양일산동구,031-905-2222,http://mystarclinic.co.kr/,접속 실패: net::ERR_NAME_NOT_RESOLVED at http://mystarclinic.co.kr/,,,,,2026-08-06
X,차앤리성형외과의원,경기,고양일산동구,031-906-0033,http://www.zae.co.kr/,접속 실패: net::ERR_NAME_NOT_RESOLVED at http://www.zae.co.kr/,,,,,2026-08-06
X,다나의원,경기,고양일산서구,031-922-7592,http://www.danaclinic.kr/,접속 실패: net::ERR_NAME_NOT_RESOLVED at http://www.danaclinic.kr/,,,,,2026-08-06
X,이원규내과의원,경기,고양일산서구,031-975-0300,http://www.wk0300.co.kr/,접속 실패: net::ERR_NAME_NOT_RESOLVED at http://www.wk0300.co.kr/,,,,,2026-08-06
X,체크인내과의원,경기,고양일산서구,031-911-7176,http://www.jeongclinic.kr/,접속 실패: net::ERR_NAME_NOT_RESOLVED at http://www.jeongclinic.kr/,,,,,2026-08-06
X,광명탑내과의원,경기,광명시,02-899-8275,https://gmtop.co.kr/,접속 실패: net::ERR_CONNECTION_REFUSED at https://gmtop.co.kr/,,,,,2026-08-06
X,비쥬의원,경기,광명시,02-6414-3151,http://soonpoong.3458.co.kr/,접속 실패: net::ERR_NAME_NOT_RESOLVED at http://soonpoong.3458.co.kr/,,,,,2026-08-06
X,소예피부과의원,경기,광명시,02-897-0867,http://www.soye.co.kr/,접속 실패: net::ERR_NAME_NOT_RESOLVED at http://www.soye.co.kr/,,,,,2026-08-06
X,곤지암내과의원,경기,광주시,031-769-8276,http://www.gmedical.co.kr/,접속 실패: net::ERR_NAME_NOT_RESOLVED at http://www.gmedical.co.kr/,,,,,2026-08-06
X,곤지암성모의원,경기,광주시,031-763-6553,http://www.gonjiamdr.co.kr/,접속 실패: net::ERR_NAME_NOT_RESOLVED at http://www.gonjiamdr.co.kr/,,,,,2026-08-06
X,수비뇨기과의원,경기,광주시,031-798-7582,http://www.mantop.co.kr/,접속 실패: net::ERR_NAME_NOT_RESOLVED at http://www.mantop.co.kr/,,,,,2026-08-06
X,아이웰빙의원,경기,광주시,031-797-0306,http://www.iwbclinic.com/index.asp,접속 실패: net::ERR_NAME_NOT_RESOLVED at http://www.iwbclinic.com/index.asp,,,,,2026-08-06
X,유로미비뇨기과의원,경기,광주시,031-798-3570,http://www.uromi.co.kr/,접속 실패: net::ERR_NAME_NOT_RESOLVED at http://www.uromi.co.kr/,,,,,2026-08-06
X,크리스탈의원,경기,광주시,031-761-8400,http://www.crystalclinic.co.kr/,접속 실패: net::ERR_NAME_NOT_RESOLVED at http://www.crystalclinic.co.kr/,,,,,2026-08-06
X,톡스앤미의원,경기,광주시,031-764-0819,http://www.squeeze.or.kr/,접속 실패: net::ERR_NAME_NOT_RESOLVED at http://www.squeeze.or.kr/,,,,,2026-08-06
X,민소아청소년과의원,경기,구리시,031-572-0110,http://www.ysbon.co.kr/,접속 실패: net::ERR_NAME_NOT_RESOLVED at http://www.ysbon.co.kr/,,,,,2026-08-06
X,유로진남성비뇨기과의원,경기,구리시,031-551-0070,http://www.urogynguri.co.kr/,접속 실패: net::ERR_NAME_NOT_RESOLVED at http://www.urogynguri.co.kr/,,,,,2026-08-06
X,조셉의원,경기,구리시,031-557-5500,http://blog.daum.net/japsc,접속 실패: net::ERR_NAME_NOT_RESOLVED at http://blog.daum.net/japsc,,,,,2026-08-06
X,김국민의원,경기,군포시,031-392-9001,http://www.man-power.co.kr/sub01/sub01_0403.php,접속 실패: Navigation Timeout Exceeded: 25000ms exceeded,,,,,2026-08-06
X,연세속시원의원,경기,군포시,031-392-3090,http://www.yesmed.or.kr/index.asp,접속 실패: net::ERR_NAME_NOT_RESOLVED at http://www.yesmed.or.kr/index.asp,,,,,2026-08-06
X,연세피부과의원,경기,군포시,031-343-2420,http://www.skinyonsei.co.kr/,접속 실패: net::ERR_NAME_NOT_RESOLVED at http://www.skinyonsei.co.kr/,,,,,2026-08-06
X,연세항맥외과의원,경기,군포시,031-393-3305,http://www.hangmac.net/,접속 실패: net::ERR_NAME_NOT_RESOLVED at http://www.hangmac.net/,,,,,2026-08-06
X,라임비뇨기과의원,경기,김포시,031-986-7511,http://www.kimpo-lime.com/,접속 실패: net::ERR_NAME_NOT_RESOLVED at http://www.kimpo-lime.com/,,,,,2026-08-06
X,하이이비인후과의원,경기,김포시,031-985-3117,http://blog.daum.net/pearch,접속 실패: net::ERR_NAME_NOT_RESOLVED at http://blog.daum.net/pearch,,,,,2026-08-06
X,김란산부인과의원,경기,남양주시,031-521-0035,http://k-ran.co.kr/,접속 실패: net::ERR_NAME_NOT_RESOLVED at http://k-ran.co.kr/,,,,,2026-08-06
X,라라봄소아청소년과의원,경기,남양주시,031-568-7870,http://www.lalavom.com/,접속 실패: Navigation Timeout Exceeded: 25000ms exceeded,,,,,2026-08-06
X,미애로의원,경기,남양주시,031-511-9090,http://www.miaeron.com/,접속 실패: net::ERR_NAME_NOT_RESOLVED at http://www.miaeron.com/,,,,,2026-08-06
X,중앙내과의원,경기,남양주시,031-593-8273,http://www.jungangclinic.com/,접속 실패: net::ERR_NAME_NOT_RESOLVED at http://www.jungangclinic.com/,,,,,2026-08-06
X,호평성모마취통증의학과의원,경기,남양주시,031-592-0505,http://www.painhair.co.kr/,접속 실패: net::ERR_NAME_NOT_RESOLVED at http://www.painhair.co.kr/,,,,,2026-08-06
X,이은종내과의원,경기,동두천시,031-862-8700,http://www.leeej.com/,접속 실패: net::ERR_NAME_NOT_RESOLVED at http://www.leeej.com/,,,,,2026-08-06
X,하나의원,경기,동두천시,031-868-1275,http://www.hananpclinic.co.kr/,접속 실패: net::ERR_NAME_NOT_RESOLVED at http://www.hananpclinic.co.kr/,,,,,2026-08-06
X,동안미의원,경기,부천소사구,032-668-8297,http://donganmi.co.kr/,접속 실패: net::ERR_NAME_NOT_RESOLVED at http://donganmi.co.kr/,,,,,2026-08-06
X,부천연합의원,경기,부천소사구,032-611-4075,http://blog.daum.net/rlatjgud,접속 실패: net::ERR_NAME_NOT_RESOLVED at http://blog.daum.net/rlatjgud,,,,,2026-08-06
X,임병욱내과의원,경기,부천소사구,032-349-0075,http://www.limsclinic.co.kr/index.asp,접속 실패: net::ERR_NAME_NOT_RESOLVED at http://www.limsclinic.co.kr/index.asp,,,,,2026-08-06
X,제이드산부인과의원,경기,부천소사구,032-342-1001,https://jade-women&apos;sclinic.com/,접속 실패: Protocol error (Page.navigate): Cannot navigate to invalid URL,,,,,2026-08-06
X,현민숙소아과의원,경기,부천소사구,032-346-6344,http://www.ewhabimanclinic.kr/,접속 실패: net::ERR_NAME_NOT_RESOLVED at http://www.ewhabimanclinic.kr/,,,,,2026-08-06
X,차앤윤산부인과의원,경기,부천오정구,032-672-5600,http://www.ny-clinic.co.kr/,접속 실패: net::ERR_NAME_NOT_RESOLVED at http://www.ny-clinic.co.kr/,,,,,2026-08-06
X,더유스의원,경기,부천원미구,032-322-4875,http://lime-orange.com/urology/main.php,접속 실패: net::ERR_NAME_NOT_RESOLVED at http://lime-orange.com/urology/main.php,,,,,2026-08-06
X,사단법인누가참의원,경기,부천원미구,032-665-2100,http://www.bestnuga.com/,접속 실패: net::ERR_NAME_NOT_RESOLVED at http://www.bestnuga.com/,,,,,2026-08-06
X,제너리스의원,경기,부천원미구,032-323-7577,http://www.bc.generless.com/,접속 실패: net::ERR_NAME_NOT_RESOLVED at http://www.bc.generless.com/,,,,,2026-08-06
X,중동서울외과의원,경기,부천원미구,032-323-7781,http://www.chizil1004.co.kr/,접속 실패: net::ERR_NAME_NOT_RESOLVED at http://www.chizil1004.co.kr/,,,,,2026-08-06
X,네이처성형외과의원,경기,성남분당구,031-708-5117,http://www.naturebeauty.kr/,접속 실패: net::ERR_NAME_NOT_RESOLVED at http://www.naturebeauty.kr/,,,,,2026-08-06
X,리즈온의원,경기,성남분당구,031-705-0870,http://www.ilovemimo.com/,접속 실패: net::ERR_NAME_NOT_RESOLVED at http://www.ilovemimo.com/,,,,,2026-08-06
X,리즈피부과의원,경기,성남분당구,713-3553,http://www.leeskinclinic.com/,접속 실패: net::ERR_NAME_NOT_RESOLVED at http://www.leeskinclinic.com/,,,,,2026-08-06
X,미모아피부과의원,경기,성남분당구,031-711-0086,http://www.mimoreskin.co.kr/,접속 실패: net::ERR_NAME_NOT_RESOLVED at http://www.mimoreskin.co.kr/,,,,,2026-08-06
X,분당우리산부인과의원,경기,성남분당구,713-3700,http://hyunobgy.co.kr/index.asp,접속 실패: net::ERR_NAME_NOT_RESOLVED at http://hyunobgy.co.kr/index.asp,,,,,2026-08-06
X,서울메이피부과의원,경기,성남분당구,031-713-7766,http://www.seoulmay.com/,접속 실패: net::ERR_NAME_NOT_RESOLVED at http://www.seoulmay.com/,,,,,2026-08-06
X,아이린피부과의원,경기,성남분당구,031-719-7525,http://ilinnclinic.com/,접속 실패: net::ERR_NAME_NOT_RESOLVED at http://ilinnclinic.com/,,,,,2026-08-06
X,야베스가정의학과의원,경기,성남분당구,707-3224,http://www.jfmc.co.kr/,접속 실패: net::ERR_NAME_NOT_RESOLVED at http://www.jfmc.co.kr/,,,,,2026-08-06
X,연세탑비뇨기과의원,경기,성남분당구,715-0068,http://ystopuro.co.kr/,접속 실패: net::ERR_NAME_NOT_RESOLVED at http://ystopuro.co.kr/,,,,,2026-08-06
X,오라클피부과의원,경기,성남분당구,031-707-4975,http://www.oracleclinic.com/,접속 실패: net::ERR_NAME_NOT_RESOLVED at http://www.oracleclinic.com/,,,,,2026-08-06
X,의료법인 성모의료재단 율동의원,경기,성남분당구,707-0092,http://www.stmarypla.co.kr/index.asp,접속 실패: net::ERR_NAME_NOT_RESOLVED at http://www.stmarypla.co.kr/index.asp,,,,,2026-08-06
X,판교 예스의원,경기,성남분당구,031-628-1980,http://www.yes-clinic.net/,접속 실패: net::ERR_NAME_NOT_RESOLVED at http://www.yes-clinic.net/,,,,,2026-08-06
X,행복한여우의원,경기,성남분당구,031-707-8878,http://www.happyfox.kr/,접속 실패: net::ERR_NAME_NOT_RESOLVED at http://www.happyfox.kr/,,,,,2026-08-06
X,힙스청담의원,경기,성남분당구,031-8017-7103,http://blog.daum.net/100ysfm/2,접속 실패: net::ERR_NAME_NOT_RESOLVED at http://blog.daum.net/100ysfm/2,,,,,2026-08-06
X,굿비뇨기과의원,경기,성남수정구,031-731-5002,http://www.skingood.co.kr/index.asp,접속 실패: net::ERR_NAME_NOT_RESOLVED at http://www.skingood.co.kr/index.asp,,,,,2026-08-06
X,오라클피부과의원,경기,성남중원구,031-745-5575,http://www.oracleclinic.com/,접속 실패: net::ERR_NAME_NOT_RESOLVED at http://www.oracleclinic.com/,,,,,2026-08-06
X,비아체의원,경기,수원권선구,031-205-8975,http://www.viace.net/,접속 실패: net::ERR_NAME_NOT_RESOLVED at http://www.viace.net/,,,,,2026-08-06
X,서수원미라클의원,경기,수원권선구,031-278-4930,http://www.mantop.co.kr/,접속 실패: net::ERR_NAME_NOT_RESOLVED at http://www.mantop.co.kr/,,,,,2026-08-06
X,트루맨남성의원,경기,수원권선구,031-237-7565,http://www.7565.co.kr/,접속 실패: net::ERR_NAME_NOT_RESOLVED at http://www.7565.co.kr/,,,,,2026-08-06
X,톤즈의원 수원광교점,경기,수원영통구,031-8019-5020,http://tones3.com/,접속 실패: net::ERR_NAME_NOT_RESOLVED at http://tones3.com/,,,,,2026-08-06
X,뉴하나로외과의원,경기,수원장안구,031-269-9530,http://www.newhanaro.net/,접속 실패: net::ERR_NAME_NOT_RESOLVED at http://www.newhanaro.net/,,,,,2026-08-06
X,두리이비인후과의원수원점,경기,수원장안구,031-247-2275,http://www.swdoori.com/,접속 실패: net::ERR_NAME_NOT_RESOLVED at http://www.swdoori.com/,,,,,2026-08-06
X,순여성의원,경기,수원장안구,031-269-3838,http://soonwc.com/,접속 실패: net::ERR_NAME_NOT_RESOLVED at http://soonwc.com/,,,,,2026-08-06
X,뷰티라운지의원,경기,수원팔달구,031-548-2812,https://suwon.beautyloungeclinic.co.kr/,접속 실패: net::ERR_CONNECTION_REFUSED at https://suwon.beautyloungeclinic.co.kr/,,,,,2026-08-06
X,아름다운정신과의원,경기,수원팔달구,031-256-1588,http://www.gooooddoc.com/,접속 실패: net::ERR_NAME_NOT_RESOLVED at http://www.gooooddoc.com/,,,,,2026-08-06
X,오라클피부과의원,경기,수원팔달구,031-224-5727,http://www.oracleclinic.com/,접속 실패: net::ERR_NAME_NOT_RESOLVED at http://www.oracleclinic.com/,,,,,2026-08-06
X,이주봉피부과의원,경기,수원팔달구,031-251-3350,http://www.leejoobong.com/,접속 실패: net::ERR_NAME_NOT_RESOLVED at http://www.leejoobong.com/,,,,,2026-08-06
X,투유의원,경기,수원팔달구,031-223-8890,http://www.newcfps.com/,접속 실패: net::ERR_NAME_NOT_RESOLVED at http://www.newcfps.com/,,,,,2026-08-06
X,힐스킨피부과의원,경기,수원팔달구,898-9588,http://mysosom.com/,접속 실패: net::ERR_NAME_NOT_RESOLVED at http://mysosom.com/,,,,,2026-08-06
X,문소아과의원,경기,시흥시,031-315-0029,http://www.moonped.co.kr/index.asp,접속 실패: net::ERR_NAME_NOT_RESOLVED at http://www.moonped.co.kr/index.asp,,,,,2026-08-06
X,비앤에스의원,경기,시흥시,031-499-2162,http://bnsskinbody.co.kr/,접속 실패: net::ERR_NAME_NOT_RESOLVED at http://bnsskinbody.co.kr/,,,,,2026-08-06
X,연세클리어의원,경기,시흥시,031-365-5533,http://yslines.co.kr/,접속 실패: net::ERR_NAME_NOT_RESOLVED at http://yslines.co.kr/,,,,,2026-08-06
X,고려정외과의원,경기,안산단원구,031-487-9897,http://www.krsurg.co.kr/,접속 실패: net::ERR_NAME_NOT_RESOLVED at http://www.krsurg.co.kr/,,,,,2026-08-06
X,멘파워비뇨기과의원,경기,안산단원구,031-411-5700,http://www.man-power.co.kr/sub01/sub01_0405.php,접속 실패: Navigation Timeout Exceeded: 25000ms exceeded,,,,,2026-08-06
X,조비뇨기과의원,경기,안산단원구,031-413-2888,http://www.joclinic.net/,접속 실패: Navigation Timeout Exceeded: 25000ms exceeded,,,,,2026-08-06
X,행복한여성의원,경기,안산상록구,031-438-3501,http://www.hisam.co.kr/,접속 실패: net::ERR_NAME_NOT_RESOLVED at http://www.hisam.co.kr/,,,,,2026-08-06
X,현제의원,경기,안산상록구,031-419-5377,http://www.hyunjei.com/index.asp,접속 실패: net::ERR_NAME_NOT_RESOLVED at http://www.hyunjei.com/index.asp,,,,,2026-08-06
X,하나여성의원,경기,안성시,031-677-7700,http://www.hanamom.com/,접속 실패: net::ERR_NAME_NOT_RESOLVED at http://www.hanamom.com/,,,,,2026-08-06
X,김영도피부과의원,경기,안양동안구,031-454-6644,http://www.hayan-pibu.co.kr/,접속 실패: net::ERR_NAME_NOT_RESOLVED at http://www.hayan-pibu.co.kr/,,,,,2026-08-06
X,리안피부과의원,경기,안양동안구,031-476-1900,http://www.rean.kr/,접속 실패: net::ERR_NAME_NOT_RESOLVED at http://www.rean.kr/,,,,,2026-08-06
X,연세삼성의원,경기,안양동안구,031-429-0702,http://www.happyhang.net/,접속 실패: net::ERR_NAME_NOT_RESOLVED at http://www.happyhang.net/,,,,,2026-08-06
X,이병택정형외과의원,경기,안양동안구,031-386-7579,http://www.bestjoint.co.kr/,접속 실패: net::ERR_NAME_NOT_RESOLVED at http://www.bestjoint.co.kr/,,,,,2026-08-06
X,프로비뇨기과의원,경기,안양동안구,031-421-7511,http://www.manclinic.co.kr/,접속 실패: Navigation Timeout Exceeded: 25000ms exceeded,,,,,2026-08-06
X,아름다운선의원,경기,안양만안구,031-447-7400,http://www.seonclinic.net/,접속 실패: net::ERR_NAME_NOT_RESOLVED at http://www.seonclinic.net/,,,,,2026-08-06
X,우성외과의원,경기,안양만안구,031-446-5157,http://www.wosungclinic.com/,접속 실패: net::ERR_NAME_NOT_RESOLVED at http://www.wosungclinic.com/,,,,,2026-08-06
X,21세기의원,경기,양주시,031-856-3007,http://www.21skin.co.kr/,접속 실패: net::ERR_NAME_NOT_RESOLVED at http://www.21skin.co.kr/,,,,,2026-08-06
X,드림365소아청소년과의원,경기,양주시,031-863-9090,http://www.smilelee.co.kr/,접속 실패: net::ERR_NAME_NOT_RESOLVED at http://www.smilelee.co.kr/,,,,,2026-08-06
X,굿비뇨기과의원,경기,양평군,031-775-0875,http://www.good-clinic.co.kr/,접속 실패: net::ERR_NAME_NOT_RESOLVED at http://www.good-clinic.co.kr/,,,,,2026-08-06
X,하나로의원,경기,양평군,031-771-9990,http://www.ehanaro.co.kr/,접속 실패: net::ERR_NAME_NOT_RESOLVED at http://www.ehanaro.co.kr/,,,,,2026-08-06
X,조은형외과의원,경기,여주시,886-7114,http://chosurg.co.kr/,접속 실패: net::ERR_NAME_NOT_RESOLVED at http://chosurg.co.kr/,,,,,2026-08-06
X,두리이비인후과의원,경기,오산시,031-378-2204,http://www.doorient.com/,접속 실패: net::ERR_EMPTY_RESPONSE at http://www.doorient.com/,,,,,2026-08-06
X,연세으뜸정형외과의원,경기,오산시,031-378-7525,http://www.primeos.co.kr/,접속 실패: net::ERR_NAME_NOT_RESOLVED at http://www.primeos.co.kr/,,,,,2026-08-06
X,한솔비뇨기과의원,경기,오산시,031-377-9400,http://www.hansolclinic.kr/,접속 실패: net::ERR_NAME_NOT_RESOLVED at http://www.hansolclinic.kr/,,,,,2026-08-06
X,베스톤비뇨기과의원,경기,용인기흥구,031-286-6608,http://www.bestoneclinic.co.kr/,접속 실패: net::ERR_NAME_NOT_RESOLVED at http://www.bestoneclinic.co.kr/,,,,,2026-08-06
X,서울성모내과의원,경기,용인기흥구,031-284-7198,http://www.stmarys.kr/,접속 실패: net::ERR_NAME_NOT_RESOLVED at http://www.stmarys.kr/,,,,,2026-08-06
X,임마누엘피부과의원,경기,용인기흥구,031-889-7533,http://immanuelskin.co.kr/,접속 실패: net::ERR_NAME_NOT_RESOLVED at http://immanuelskin.co.kr/,,,,,2026-08-06
X,광교미소모아내과의원,경기,용인수지구,031-212-1475,http://www.misomoa.co.kr/,접속 실패: net::ERR_NAME_NOT_RESOLVED at http://www.misomoa.co.kr/,,,,,2026-08-06
X,메디미의원,경기,용인수지구,031-264-2800,http://www.medimiclinic.com/,접속 실패: net::ERR_NAME_NOT_RESOLVED at http://www.medimiclinic.com/,,,,,2026-08-06
X,사랑내과의원,경기,용인수지구,031-266-7575,http://www.dryclinic.co.kr/,접속 실패: net::ERR_NAME_NOT_RESOLVED at http://www.dryclinic.co.kr/,,,,,2026-08-06
X,아름다운피부과의원,경기,용인수지구,031-212-7375,http://www.xn--vb0b05im9fvqe64lf8b936b.xn--3e0b707e/,접속 실패: net::ERR_NAME_NOT_RESOLVED at http://www.xn--vb0b05im9fvqe64lf8b936b.xn--3e0b707e/,,,,,2026-08-06
X,한마음내과영상의학과의원,경기,용인수지구,031-263-8090,http://www.hanmaummedi.co.kr/,접속 실패: net::ERR_NAME_NOT_RESOLVED at http://www.hanmaummedi.co.kr/,,,,,2026-08-06
X,해맑은소아청소년과의원,경기,용인수지구,031-896-8297,http://www.sunsoa.co.kr/,접속 실패: net::ERR_NAME_NOT_RESOLVED at http://www.sunsoa.co.kr/,,,,,2026-08-06
X,용인우리내과의원,경기,용인처인구,031-323-1667,http://yonginwoori.com/,접속 실패: net::ERR_NAME_NOT_RESOLVED at http://yonginwoori.com/,,,,,2026-08-06
X,로앤산부인과의원,경기,의정부시,031-856-2288,http://www.prime-sm.com/,접속 실패: net::ERR_NAME_NOT_RESOLVED at http://www.prime-sm.com/,,,,,2026-08-06
X,멘파워비뇨기과의원,경기,의정부시,031-851-6400,http://www.man-power.co.kr/sub01/sub01_0406.php,접속 실패: Navigation Timeout Exceeded: 25000ms exceeded,,,,,2026-08-06
X,소망가정의학과의원,경기,의정부시,031-856-2200,http://www.beautysomang.co.kr/,접속 실패: net::ERR_NAME_NOT_RESOLVED at http://www.beautysomang.co.kr/,,,,,2026-08-06
X,요한비뇨기과의원,경기,의정부시,031-855-8822,http://www.johanuro.com/,접속 실패: net::ERR_NAME_NOT_RESOLVED at http://www.johanuro.com/,,,,,2026-08-06
X,의정부빔스테틱의원,경기,의정부시,031-841-7979,http://www.ystops.co.kr/,접속 실패: net::ERR_NAME_NOT_RESOLVED at http://www.ystops.co.kr/,,,,,2026-08-06
X,닥터지의원,경기,이천시,031-638-8889,http://www.realclinic.co.kr/,접속 실패: net::ERR_NAME_NOT_RESOLVED at http://www.realclinic.co.kr/,,,,,2026-08-06
X,서울비뇨기과의원,경기,이천시,031-638-8877,http://www.seoulpibu.co.kr/,접속 실패: net::ERR_NAME_NOT_RESOLVED at http://www.seoulpibu.co.kr/,,,,,2026-08-06
X,송정한빛의원,경기,이천시,031-633-4377,http://www.hanvit-clinic.co.kr/,접속 실패: net::ERR_NAME_NOT_RESOLVED at http://www.hanvit-clinic.co.kr/,,,,,2026-08-06
X,장내과의원,경기,이천시,,http://www.jangim.co.kr/,접속 실패: net::ERR_NAME_NOT_RESOLVED at http://www.jangim.co.kr/,,,,,2026-08-06
X,365삼성i소아청소년과의원,경기,파주시,031-945-7545,http://www.ssdreamsoa.com/,접속 실패: net::ERR_NAME_NOT_RESOLVED at http://www.ssdreamsoa.com/,,,,,2026-08-06
X,김재헌내과의원,경기,파주시,031-941-8480,http://www.pajusinjang.com/,접속 실패: net::ERR_NAME_NOT_RESOLVED at http://www.pajusinjang.com/,,,,,2026-08-06
X,라임비뇨기과의원,경기,파주시,031-957-4212,http://www.paju-lime.com/,접속 실패: net::ERR_NAME_NOT_RESOLVED at http://www.paju-lime.com/,,,,,2026-08-06
X,서울훼밀리의원,경기,파주시,031-947-6025,http://www.535sc.com/,접속 실패: net::ERR_NAME_NOT_RESOLVED at http://www.535sc.com/,,,,,2026-08-06
X,수피부과의원,경기,파주시,031-949-0505,http://www.sooskin.net/,접속 실패: net::ERR_NAME_NOT_RESOLVED at http://www.sooskin.net/,,,,,2026-08-06
X,에센스피부과의원,경기,파주시,031-946-0700,http://www.essence-skin.co.kr/,접속 실패: net::ERR_NAME_NOT_RESOLVED at http://www.essence-skin.co.kr/,,,,,2026-08-06
X,연세가정의학과의원,경기,파주시,031-946-0115,http://www.yonseifamily.net/,접속 실패: net::ERR_NAME_NOT_RESOLVED at http://www.yonseifamily.net/,,,,,2026-08-06
X,우리내과의원,경기,파주시,031-957-5966,http://nanum-medical.co.kr/,접속 실패: net::ERR_NAME_NOT_RESOLVED at http://nanum-medical.co.kr/,,,,,2026-08-06
X,운정연세사랑의원,경기,파주시,031-945-5975,http://www.sarangclinic.kr/,접속 실패: net::ERR_NAME_NOT_RESOLVED at http://www.sarangclinic.kr/,,,,,2026-08-06
X,참사랑소아청소년과의원,경기,파주시,031-937-8757,http://www.ttped.kr/,접속 실패: net::ERR_NAME_NOT_RESOLVED at http://www.ttped.kr/,,,,,2026-08-06
X,엠디피부과의원,경기,평택시,031-655-5151,http://www.md-skin.co.kr/,접속 실패: net::ERR_NAME_NOT_RESOLVED at http://www.md-skin.co.kr/,,,,,2026-08-06
X,임가정의원,경기,평택시,031-683-0516,http://www.limfm.co.kr/,접속 실패: net::ERR_NAME_NOT_RESOLVED at http://www.limfm.co.kr/,,,,,2026-08-06
X,하나로내과의원,경기,평택시,031-682-8217,http://www.ajhanaro.com/,접속 실패: net::ERR_NAME_NOT_RESOLVED at http://www.ajhanaro.com/,,,,,2026-08-06
X,이함내과의원,경기,포천시,031-531-7574,http://www.ehamclinic.co.kr/,접속 실패: net::ERR_NAME_NOT_RESOLVED at http://www.ehamclinic.co.kr/,,,,,2026-08-06
X,브리즌의원 하남미사,경기,하남시,031-793-9393,http://breezenclinic.com/,접속 실패: net::ERR_NAME_NOT_RESOLVED at http://breezenclinic.com/,,,,,2026-08-06
X,삼성내과의원,경기,하남시,031-796-3341,http://hanamsm.co.kr/,접속 실패: net::ERR_NAME_NOT_RESOLVED at http://hanamsm.co.kr/,,,,,2026-08-06
X,마음담은내과의원,경기,화성동탄구,031-8015-3700,http://www.maumdamun.co.kr/,접속 실패: net::ERR_NAME_NOT_RESOLVED at http://www.maumdamun.co.kr/,,,,,2026-08-06
X,미즈파크산부인과의원,경기,화성동탄구,031-8003-7575,https://dongtanmizpark.com/,접속 실패: net::ERR_NAME_NOT_RESOLVED at https://dongtanmizpark.com/,,,,,2026-08-06
X,신수아소아청소년과의원,경기,화성동탄구,031-352-9595,http://www.soaclinic.co.kr/,접속 실패: net::ERR_NAME_NOT_RESOLVED at http://www.soaclinic.co.kr/,,,,,2026-08-06
X,연세내과의원,경기,화성동탄구,031-8003-6588,http://xn--2q1bm5wpcw3u89p.xn--3e0b707e/,접속 실패: net::ERR_NAME_NOT_RESOLVED at http://xn--2q1bm5wpcw3u89p.xn--3e0b707e/,,,,,2026-08-06
X,청담맑은피부과의원,경기,화성동탄구,031-613-8811,http://dongtanskinblog.com/,접속 실패: net::ERR_NAME_NOT_RESOLVED at http://dongtanskinblog.com/,,,,,2026-08-06
X,하얀세상의원,경기,화성동탄구,031-8003-3119,http://www.white-clinic.co.kr/,접속 실패: net::ERR_NAME_NOT_RESOLVED at http://www.white-clinic.co.kr/,,,,,2026-08-06
X,아름다운의원,경기,화성만세구,031-354-1086,http://mi-skin.net/,접속 실패: net::ERR_EMPTY_RESPONSE at http://mi-skin.net/,,,,,2026-08-06
X,팔복내과가정의학과의원,경기,화성효행구,031-278-2525,http://www.palboc.co.kr/,접속 실패: net::ERR_NAME_NOT_RESOLVED at http://www.palboc.co.kr/,,,,,2026-08-06
X,123의원,서울,강남구,02-567-9123,http://www.123nunco.com/,접속 실패: net::ERR_NAME_NOT_RESOLVED at http://www.123nunco.com/,,,,,2026-08-06
X,강남성모이비인후과의원,서울,강남구,02-552-5400,http://www.kangnament.com/,접속 실패: net::ERR_NAME_NOT_RESOLVED at http://www.kangnament.com/,,,,,2026-08-06
X,강남셀리팅의원,서울,강남구,02-555-1382,http://www.picasoskin.com/,접속 실패: net::ERR_NAME_NOT_RESOLVED at http://www.picasoskin.com/,,,,,2026-08-06
X,김현석성형외과의원,서울,강남구,02-3442-7799,http://www.e-dream.co.kr/,접속 실패: net::ERR_NAME_NOT_RESOLVED at http://www.e-dream.co.kr/,,,,,2026-08-06
X,김혜영피부과의원,서울,강남구,02-567-0307,http://www.doctor-skin.co.kr/,접속 실패: net::ERR_NAME_NOT_RESOLVED at http://www.doctor-skin.co.kr/,,,,,2026-08-06
X,네오유여성비뇨기과의원,서울,강남구,02-555-2125,http://uniwomanclinic.com/,접속 실패: net::ERR_NAME_NOT_RESOLVED at http://uniwomanclinic.com/,,,,,2026-08-06
X,뉴헤어모발성형외과의원,서울,강남구,557-2022,http://www.new-hair.co.kr/,접속 실패: net::ERR_NAME_NOT_RESOLVED at http://www.new-hair.co.kr/,,,,,2026-08-06
X,다편한정형외과의원,서울,강남구,02-6959-9887,http://www.xn--vb0b05iv7sgqbt90a9jcbtb.com/,접속 실패: net::ERR_NAME_NOT_RESOLVED at http://www.xn--vb0b05iv7sgqbt90a9jcbtb.com/,,,,,2026-08-06
X,대치수피부과의원,서울,강남구,02-577-1175,http://www.slimlineskin.co.kr/,접속 실패: net::ERR_NAME_NOT_RESOLVED at http://www.slimlineskin.co.kr/,,,,,2026-08-06
X,루미에의원,서울,강남구,558-8275,http://lumieskin.com/,접속 실패: net::ERR_NAME_NOT_RESOLVED at http://lumieskin.com/,,,,,2026-08-06
X,리디아여성의원,서울,강남구,02-3482-2300,http://www.luceclinic.kr/,접속 실패: net::ERR_NAME_NOT_RESOLVED at http://www.luceclinic.kr/,,,,,2026-08-06
X,리연케이의원,서울,강남구,558-5581,http://gigibe.co.kr/,접속 실패: net::ERR_NAME_NOT_RESOLVED at http://gigibe.co.kr/,,,,,2026-08-06
X,마시멜로의원,서울,강남구,02-3443-7878,http://www.msmskin.co.kr/,접속 실패: net::ERR_NAME_NOT_RESOLVED at http://www.msmskin.co.kr/,,,,,2026-08-06
X,마이피부과의원,서울,강남구,02-3453-7500,http://www.miclinic.net/,접속 실패: net::ERR_NAME_NOT_RESOLVED at http://www.miclinic.net/,,,,,2026-08-06
X,맥스웰피부과의원,서울,강남구,02-566-5824,http://www.maxwellhair.co.kr/,접속 실패: net::ERR_NAME_NOT_RESOLVED at http://www.maxwellhair.co.kr/,,,,,2026-08-06
X,메종프리베의원,서울,강남구,02-515-9889,http://www.drosclinic.com/new2012,접속 실패: net::ERR_NAME_NOT_RESOLVED at http://www.drosclinic.com/new2012,,,,,2026-08-06
X,미사랑성형외과의원,서울,강남구,02-1577-7765,http://www.eoprs.co.kr/,접속 실패: net::ERR_NAME_NOT_RESOLVED at http://www.eoprs.co.kr/,,,,,2026-08-06
X,미샹떼의원,서울,강남구,02-5664-7588,http://www.cosmetic.or.kr/,접속 실패: net::ERR_NAME_NOT_RESOLVED at http://www.cosmetic.or.kr/,,,,,2026-08-06
X,베리굿피부과의원,서울,강남구,02-514-3880,http://www.hdhskin.com/,접속 실패: net::ERR_NAME_NOT_RESOLVED at http://www.hdhskin.com/,,,,,2026-08-06
X,벨리시모의원,서울,강남구,02-3448-7582,http://www.pgmclinic.com/,접속 실패: net::ERR_NAME_NOT_RESOLVED at http://www.pgmclinic.com/,,,,,2026-08-06
X,서울ND(엔디)의원,서울,강남구,02-3443-9920,http://www.ndcare.kr/,접속 실패: net::ERR_NAME_NOT_RESOLVED at http://www.ndcare.kr/,,,,,2026-08-06
X,서울박내과의원,서울,강남구,02-557-9570,http://www.seoulparkmed.com/,접속 실패: net::ERR_NAME_NOT_RESOLVED at http://www.seoulparkmed.com/,,,,,2026-08-06
X,선릉탑비뇨기과의원,서울,강남구,02-556-4090,http://www.topclinic.co.kr/,접속 실패: net::ERR_NAME_NOT_RESOLVED at http://www.topclinic.co.kr/,,,,,2026-08-06
X,세븐데이즈성형외과의원,서울,강남구,02-508-3888,http://www.my7days.co.kr/,접속 실패: net::ERR_NAME_NOT_RESOLVED at http://www.my7days.co.kr/,,,,,2026-08-06
X,셀온피부과의원,서울,강남구,02-546-1112,http://www.4clinic.co.kr/,접속 실패: net::ERR_NAME_NOT_RESOLVED at http://www.4clinic.co.kr/,,,,,2026-08-06
X,순수피부과의원,서울,강남구,02-575-8008,http://www.soonsooskin.com/,접속 실패: net::ERR_NAME_NOT_RESOLVED at http://www.soonsooskin.com/,,,,,2026-08-06
X,스타트성형외과의원,서울,강남구,02-518-7588,http://www.yonseitop.com/,접속 실패: net::ERR_SOCKET_NOT_CONNECTED at http://www.yonseitop.com/,,,,,2026-08-06
X,시너지성형외과의원,서울,강남구,1577-3153,http://www.ok-babi.com/,접속 실패: net::ERR_NAME_NOT_RESOLVED at http://www.ok-babi.com/,,,,,2026-08-06
X,안아픈세상의원,서울,강남구,02-3448-7755,http://www.thepaincenter.co.kr/,접속 실패: net::ERR_NAME_NOT_RESOLVED at http://www.thepaincenter.co.kr/,,,,,2026-08-06
X,연앤네이쳐산부인과의원,서울,강남구,02-518-1300,http://www.sejongclinic.kr/,접속 실패: net::ERR_NAME_NOT_RESOLVED at http://www.sejongclinic.kr/,,,,,2026-08-06
X,예미원피부과의원,서울,강남구,02-555-7277,http://www.yemiwon.co.kr/intro.asp,접속 실패: net::ERR_NAME_NOT_RESOLVED at http://www.yemiwon.co.kr/intro.asp,,,,,2026-08-06
X,예인피부과의원,서울,강남구,557-4476,http://www.yeinskin.net/01_intro/03_intro.php,접속 실패: net::ERR_NAME_NOT_RESOLVED at http://www.yeinskin.net/01_intro/03_intro.php,,,,,2026-08-06
X,오늘안피부과의원,서울,강남구,02-517-9881,http://www.mydreamskin.co.kr/,접속 실패: net::ERR_NAME_NOT_RESOLVED at http://www.mydreamskin.co.kr/,,,,,2026-08-06
X,오라(AURA)성형외과의원,서울,강남구,02-545-3113,http://www.aura4u.co.kr/,접속 실패: net::ERR_NAME_NOT_RESOLVED at http://www.aura4u.co.kr/,,,,,2026-08-06
X,우리엘의원,서울,강남구,02-548-7230,http://www.lisqueen.com/,접속 실패: net::ERR_NAME_NOT_RESOLVED at http://www.lisqueen.com/,,,,,2026-08-06
X,우호철비뇨기과의원,서울,강남구,517-1573,http://www.drwoouro.co.kr/,접속 실패: net::ERR_NAME_NOT_RESOLVED at http://www.drwoouro.co.kr/,,,,,2026-08-06
X,유진성형외과의원,서울,강남구,1577-1711,http://www.yjclinic.co.kr/,접속 실패: net::ERR_NAME_NOT_RESOLVED at http://www.yjclinic.co.kr/,,,,,2026-08-06
X,임지연의원,서울,강남구,02-541-8894,http://www.b10000.co.kr/,접속 실패: net::ERR_NAME_NOT_RESOLVED at http://www.b10000.co.kr/,,,,,2026-08-06
X,주앤의원,서울,강남구,02-518-3458,http://www.dr-ephraim.co.kr/,접속 실패: net::ERR_NAME_NOT_RESOLVED at http://www.dr-ephraim.co.kr/,,,,,2026-08-06
X,청담뷰엘의원,서울,강남구,02-517-2896,https://beauelclinic.com/,접속 실패: net::ERR_NAME_NOT_RESOLVED at https://beauelclinic.com/,,,,,2026-08-06
X,청담이음엘의원,서울,강남구,02-6677-7325,https://www.ieumlclinic.co.kr/,접속 실패: net::ERR_NAME_NOT_RESOLVED at https://www.ieumlclinic.co.kr/,,,,,2026-08-06
X,청담하트피부과의원,서울,강남구,02-518-1519,http://cdheartclinic.com/,접속 실패: net::ERR_NAME_NOT_RESOLVED at http://cdheartclinic.com/,,,,,2026-08-06
X,청담흰의원,서울,강남구,3442-3939,http://www.mimoplastic.com/,접속 실패: net::ERR_NAME_NOT_RESOLVED at http://www.mimoplastic.com/,,,,,2026-08-06
X,청춘의원,서울,강남구,02-544-2288,http://www.ccclinic.co.kr/,접속 실패: net::ERR_NAME_NOT_RESOLVED at http://www.ccclinic.co.kr/,,,,,2026-08-06
X,코미인의원,서울,강남구,02-511-3050,http://www.comain.co.kr/,접속 실패: Navigation Timeout Exceeded: 25000ms exceeded,,,,,2026-08-06
X,클린타투의원,서울,강남구,1644-0755,http://www.ct-ms.co.kr/,접속 실패: net::ERR_NAME_NOT_RESOLVED at http://www.ct-ms.co.kr/,,,,,2026-08-06
X,필로스의원,서울,강남구,512-6788,http://www.meiclinic.co.kr/,접속 실패: net::ERR_NAME_NOT_RESOLVED at http://www.meiclinic.co.kr/,,,,,2026-08-06
X,래미피부과의원,서울,강동구,02-487-7077,http://www.raemiskin.co.kr/,접속 실패: net::ERR_NAME_NOT_RESOLVED at http://www.raemiskin.co.kr/,,,,,2026-08-06
X,모세정형외과의원,서울,강동구,02-489-0119,http://www.mose119.com/,접속 실패: net::ERR_NAME_NOT_RESOLVED at http://www.mose119.com/,,,,,2026-08-06
X,봄으로가는의원,서울,강동구,02-478-5400,http://bomskin.com/,접속 실패: net::ERR_NAME_NOT_RESOLVED at http://bomskin.com/,,,,,2026-08-06
X,이연세내과의원,서울,강동구,02-470-8114,http://www.eyonsei.co.kr/,접속 실패: net::ERR_NAME_NOT_RESOLVED at http://www.eyonsei.co.kr/,,,,,2026-08-06
X,전장원피부과의원,서울,강동구,02-488-5969,http://junnskin.co.kr/,접속 실패: net::ERR_NAME_NOT_RESOLVED at http://junnskin.co.kr/,,,,,2026-08-06
X,퀸즈여성의원,서울,강동구,02-428-2223,http://www.queendoctor.com/,접속 실패: net::ERR_NAME_NOT_RESOLVED at http://www.queendoctor.com/,,,,,2026-08-06
X,닥터맘소아청소년과의원,서울,강북구,02-982-8678,http://www.dr-mom.net/,접속 실패: net::ERR_NAME_NOT_RESOLVED at http://www.dr-mom.net/,,,,,2026-08-06
X,미앤미의원,서울,강북구,02-999-1101,http://www.y365.co.kr/,접속 실패: net::ERR_NAME_NOT_RESOLVED at http://www.y365.co.kr/,,,,,2026-08-06
X,나은마취통증의학과의원,서울,강서구,02-2605-8575,http://www.naeunpain.com/,접속 실패: net::ERR_NAME_NOT_RESOLVED at http://www.naeunpain.com/,,,,,2026-08-06
X,더화이트의원,서울,강서구,02-2065-2301,http://soowoman.co.kr/,접속 실패: net::ERR_NAME_NOT_RESOLVED at http://soowoman.co.kr/,,,,,2026-08-06
X,라임비뇨기과의원,서울,강서구,02-2651-8270,http://www.kangseo-lime.com/,접속 실패: net::ERR_NAME_NOT_RESOLVED at http://www.kangseo-lime.com/,,,,,2026-08-06
X,빈센트의원,서울,강서구,02-3665-3651,http://www.dr-ephraim.co.kr/,접속 실패: net::ERR_NAME_NOT_RESOLVED at http://www.dr-ephraim.co.kr/,,,,,2026-08-06
X,연세필비뇨기과의원,서울,강서구,02-2065-3030,http://www.philuro.net/,접속 실패: net::ERR_NAME_NOT_RESOLVED at http://www.philuro.net/,,,,,2026-08-06
X,이동훈내과의원,서울,강서구,02-3662-8242,http://www.ldhmedclinic.com/,접속 실패: net::ERR_NAME_NOT_RESOLVED at http://www.ldhmedclinic.com/,,,,,2026-08-06
X,이진행비뇨기과의원,서울,강서구,02-3661-0854,http://www.drleeuro.co.kr/,접속 실패: net::ERR_NAME_NOT_RESOLVED at http://www.drleeuro.co.kr/,,,,,2026-08-06
X,정내과의원,서울,강서구,02-2606-7577,http://www.drtaese.co.kr/index.asp,접속 실패: net::ERR_NAME_NOT_RESOLVED at http://www.drtaese.co.kr/index.asp,,,,,2026-08-06
X,햇살가득한가정의학과의원,서울,강서구,02-2062-1600,http://www.haetsalclinic.co.kr/,접속 실패: net::ERR_NAME_NOT_RESOLVED at http://www.haetsalclinic.co.kr/,,,,,2026-08-06
X,더영산부인과의원,서울,관악구,02-876-7722,http://www.flocedangsan.com/,접속 실패: net::ERR_NAME_NOT_RESOLVED at http://www.flocedangsan.com/,,,,,2026-08-06
X,매일참사랑의원,서울,관악구,02-883-7582,http://www.365goodmorning.co.kr/,접속 실패: net::ERR_NAME_NOT_RESOLVED at http://www.365goodmorning.co.kr/,,,,,2026-08-06
X,미앤미의원,서울,관악구,02-877-8160,http://www.sjnunco.com/,접속 실패: net::ERR_NAME_NOT_RESOLVED at http://www.sjnunco.com/,,,,,2026-08-06
X,사는기쁨이비인후과의원,서울,관악구,02-875-8262,http://www.joymedic.com/,접속 실패: net::ERR_NAME_NOT_RESOLVED at http://www.joymedic.com/,,,,,2026-08-06
X,연세건강한내과의원,서울,관악구,02-875-7596,http://www.byhim4u.com/index.asp,접속 실패: net::ERR_NAME_NOT_RESOLVED at http://www.byhim4u.com/index.asp,,,,,2026-08-06
X,광진성모셀인의원,서울,광진구,466-0662,http://www.smilesungmo.com/,접속 실패: net::ERR_NAME_NOT_RESOLVED at http://www.smilesungmo.com/,,,,,2026-08-06
X,김영관내과안과의원,서울,광진구,455-5574,http://kykmedical.co.kr/,접속 실패: net::ERR_NAME_NOT_RESOLVED at http://kykmedical.co.kr/,,,,,2026-08-06
X,만택루쎄의원,서울,광진구,02-456-5333,http://luce-clinic.co.kr/,접속 실패: net::ERR_NAME_NOT_RESOLVED at http://luce-clinic.co.kr/,,,,,2026-08-06
X,아산유내과의원,서울,광진구,02-457-9589,http://asanu.co.kr/,접속 실패: net::ERR_NAME_NOT_RESOLVED at http://asanu.co.kr/,,,,,2026-08-06
X,예인피부과의원,서울,광진구,02-3436-4476,http://www.yeinskin.net/01_intro/01_intro.php,접속 실패: net::ERR_NAME_NOT_RESOLVED at http://www.yeinskin.net/01_intro/01_intro.php,,,,,2026-08-06
X,제니바의원,서울,광진구,02-469-7541,http://jenivaclinic.com/,접속 실패: net::ERR_NAME_NOT_RESOLVED at http://jenivaclinic.com/,,,,,2026-08-06
X,주민내과의원,서울,광진구,02-498-4353,http://www.juminhealth.co.kr/,접속 실패: net::ERR_NAME_NOT_RESOLVED at http://www.juminhealth.co.kr/,,,,,2026-08-06
X,퀸스의원,서울,광진구,02-447-2808,http://sb.wazzang.net/024472808/,접속 실패: net::ERR_NAME_NOT_RESOLVED at http://sb.wazzang.net/024472808/,,,,,2026-08-06
X,큰열매여성의원,서울,광진구,454-3576,http://www.bigfruit.co.kr/,접속 실패: net::ERR_NAME_NOT_RESOLVED at http://www.bigfruit.co.kr/,,,,,2026-08-06
X,피부사랑의원,서울,광진구,469-9757,http://www.slskin.com/default/,접속 실패: net::ERR_EMPTY_RESPONSE at http://www.slskin.com/default/,,,,,2026-08-06
X,고려가정의학과의원,서울,구로구,02-2616-7272,http://www.koreafmclinic.co.kr/,접속 실패: net::ERR_NAME_NOT_RESOLVED at http://www.koreafmclinic.co.kr/,,,,,2026-08-06
X,구로중앙외과의원,서울,구로구,02-857-1189,http://www.centerclinic.co.kr/,접속 실패: net::ERR_NAME_NOT_RESOLVED at http://www.centerclinic.co.kr/,,,,,2026-08-06
X,닥터유비뇨기과의원,서울,구로구,02-2637-7560,http://www.mantop.co.kr/,접속 실패: net::ERR_NAME_NOT_RESOLVED at http://www.mantop.co.kr/,,,,,2026-08-06
X,연세연합의원,서울,구로구,02-2685-0075,http://www.yonseiclinic.co.kr/index.asp,접속 실패: net::ERR_NAME_NOT_RESOLVED at http://www.yonseiclinic.co.kr/index.asp,,,,,2026-08-06
X,탑비뇨기과의원,서울,구로구,02-2687-9575,http://www.top2u.co.kr/,접속 실패: net::ERR_NAME_NOT_RESOLVED at http://www.top2u.co.kr/,,,,,2026-08-06
X,고려고든정형외과의원,서울,금천구,803-9700,http://www.kodeunos.co.kr/index.asp,접속 실패: net::ERR_NAME_NOT_RESOLVED at http://www.kodeunos.co.kr/index.asp,,,,,2026-08-06
X,더편한내과의원,서울,금천구,02-808-7050,https://thecomfortclinic.co.kr/,접속 실패: net::ERR_NAME_NOT_RESOLVED at https://thecomfortclinic.co.kr/,,,,,2026-08-06
X,빈센트의원,서울,금천구,898-9121,http://www.vincentclinic.com/,접속 실패: net::ERR_NAME_NOT_RESOLVED at http://www.vincentclinic.com/,,,,,2026-08-06
X,기쁜가정의학과의원,서울,노원구,02-971-4913,http://www.happyparkclinic.com/,접속 실패: net::ERR_NAME_NOT_RESOLVED at http://www.happyparkclinic.com/,,,,,2026-08-06
X,박가정의원,서울,노원구,02-936-4644,http://www.drparks.co.kr/,접속 실패: net::ERR_NAME_NOT_RESOLVED at http://www.drparks.co.kr/,,,,,2026-08-06
X,아름다운여성의원,서울,노원구,02-936-0374,http://www.womencafe.co.kr/,접속 실패: net::ERR_NAME_NOT_RESOLVED at http://www.womencafe.co.kr/,,,,,2026-08-06
X,에이스항외과의원,서울,노원구,02-932-7588,http://www.acehang.co.kr/,접속 실패: net::ERR_NAME_NOT_RESOLVED at http://www.acehang.co.kr/,,,,,2026-08-06
X,제민통합내과정형외과의원,서울,노원구,02-936-6390,http://www.jeminmedi.co.kr/,접속 실패: net::ERR_NAME_NOT_RESOLVED at http://www.jeminmedi.co.kr/,,,,,2026-08-06
X,중계우리들의원,서울,노원구,02-931-8270,http://www.wooriclinic.net/index.asp,접속 실패: net::ERR_NAME_NOT_RESOLVED at http://www.wooriclinic.net/index.asp,,,,,2026-08-06
X,김현우내과의원,서울,동대문구,02-2215-9964,http://www.ekmg.org/,접속 실패: net::ERR_NAME_NOT_RESOLVED at http://www.ekmg.org/,,,,,2026-08-06
X,미즈아인산부인과의원,서울,동대문구,02-965-7770,http://www.mizain.co.kr/,접속 실패: net::ERR_NAME_NOT_RESOLVED at http://www.mizain.co.kr/,,,,,2026-08-06
X,서울라인성형외과의원,서울,동대문구,02-2214-8001,http://www.seoulline.com/,접속 실패: net::ERR_NAME_NOT_RESOLVED at http://www.seoulline.com/,,,,,2026-08-06
X,연세다인의원,서울,동대문구,02-2245-7572,http://dainmc.co.kr/,접속 실패: net::ERR_NAME_NOT_RESOLVED at http://dainmc.co.kr/,,,,,2026-08-06
X,참조은내과의원,서울,동대문구,6405-8275,http://www.chamim.co.kr/,접속 실패: net::ERR_NAME_NOT_RESOLVED at http://www.chamim.co.kr/,,,,,2026-08-06
X,최일규정형외과의원,서울,동대문구,02-959-8312,http://www.cigclinic.com/,접속 실패: net::ERR_NAME_NOT_RESOLVED at http://www.cigclinic.com/,,,,,2026-08-06
X,현대중앙의원,서울,동대문구,02-2244-9600,http://www.hdclinic.kr/,접속 실패: net::ERR_NAME_NOT_RESOLVED at http://www.hdclinic.kr/,,,,,2026-08-06
X,365미소내과의원,서울,동작구,02-522-3650,http://65miso.co.kr/,접속 실패: net::ERR_NAME_NOT_RESOLVED at http://65miso.co.kr/,,,,,2026-08-06
X,서울김내과의원,서울,동작구,02-813-7582,http://seoulkimmed.co.kr/,접속 실패: net::ERR_NAME_NOT_RESOLVED at http://seoulkimmed.co.kr/,,,,,2026-08-06
X,예성의원,서울,동작구,02-816-6561,http://www.jesus1.co.kr/,접속 실패: net::ERR_NAME_NOT_RESOLVED at http://www.jesus1.co.kr/,,,,,2026-08-06
X,이정형외과의원,서울,동작구,02-835-1002,http://www.leeos.net/,접속 실패: net::ERR_NAME_NOT_RESOLVED at http://www.leeos.net/,,,,,2026-08-06
X,티엘여성의원,서울,동작구,02-1800-9631,http://www.tlcl.kr/,접속 실패: net::ERR_NAME_NOT_RESOLVED at http://www.tlcl.kr/,,,,,2026-08-06
X,샤인의원,서울,마포구,6922-2003,http://hyunskin.net/,접속 실패: net::ERR_NAME_NOT_RESOLVED at http://hyunskin.net/,,,,,2026-08-06
X,연세진정신건강의학과의원,서울,마포구,02-6391-9009,http://www.behappyclinic.co.kr/,접속 실패: net::ERR_NAME_NOT_RESOLVED at http://www.behappyclinic.co.kr/,,,,,2026-08-06
X,필그린피부과의원,서울,마포구,02-362-7582,http://www.feel-green.co.kr/index.html,접속 실패: net::ERR_NAME_NOT_RESOLVED at http://www.feel-green.co.kr/index.html,,,,,2026-08-06
X,오지현소아과의원,서울,서대문구,02-3216-3395,http://www.ohpediatric.com/,접속 실패: net::ERR_NAME_NOT_RESOLVED at http://www.ohpediatric.com/,,,,,2026-08-06
X,의료법인장안의료재단홈메디칼의원,서울,서대문구,02-395-2351,http://hommedical.kr/,접속 실패: net::ERR_NAME_NOT_RESOLVED at http://hommedical.kr/,,,,,2026-08-06
X,채내과의원,서울,서대문구,02-391-6703,http://www.chaemd.co.kr/intro.html,접속 실패: net::ERR_NAME_NOT_RESOLVED at http://www.chaemd.co.kr/intro.html,,,,,2026-08-06
X,체리성형외과의원,서울,서대문구,02-312-7712,http://www.lamarps.com/,접속 실패: net::ERR_NAME_NOT_RESOLVED at http://www.lamarps.com/,,,,,2026-08-06
X,가야성모의원,서울,서초구,532-2345,http://www.gymaryclinic.com/,접속 실패: net::ERR_NAME_NOT_RESOLVED at http://www.gymaryclinic.com/,,,,,2026-08-06
X,김시효의원,서울,서초구,542-1090,http://www.kimsfamily.or.kr/,접속 실패: net::ERR_NAME_NOT_RESOLVED at http://www.kimsfamily.or.kr/,,,,,2026-08-06
X,김현영밸런스의원,서울,서초구,02-534-3091,http://www.kimhygo.co.kr/,접속 실패: net::ERR_NAME_NOT_RESOLVED at http://www.kimhygo.co.kr/,,,,,2026-08-06
X,데이원의원,서울,서초구,02-535-0967,http://www.toxnfill8.com/,접속 실패: net::ERR_NAME_NOT_RESOLVED at http://www.toxnfill8.com/,,,,,2026-08-06
X,미엘르의원,서울,서초구,541-1050,http://www.mielleclinic.net/,접속 실패: net::ERR_NAME_NOT_RESOLVED at http://www.mielleclinic.net/,,,,,2026-08-06
X,아비쥬의원,서울,서초구,1544-0377,http://www.wynnps.com/,접속 실패: net::ERR_NAME_NOT_RESOLVED at http://www.wynnps.com/,,,,,2026-08-06
X,아이케이성형외과의원,서울,서초구,,https://ikplstic.com/,접속 실패: net::ERR_NAME_NOT_RESOLVED at https://ikplstic.com/,,,,,2026-08-06
X,에르네의원,서울,서초구,02-1899-7599,http://www.raffineclinic.com/,접속 실패: net::ERR_NAME_NOT_RESOLVED at http://www.raffineclinic.com/,,,,,2026-08-06
X,이승남강남베스트의원,서울,서초구,592-4560,http://www.clinicbest.co.kr/,접속 실패: net::ERR_NAME_NOT_RESOLVED at http://www.clinicbest.co.kr/,,,,,2026-08-06
X,카모마일의원,서울,서초구,02-521-7935,http://blog.naver.com/dufqksgoxkf,접속 실패: Navigation Timeout Exceeded: 25000ms exceeded,,,,,2026-08-06
X,강태욱피부과의원,서울,성동구,02-2291-9500,http://www.ktwskin.com/,접속 실패: net::ERR_NAME_NOT_RESOLVED at http://www.ktwskin.com/,,,,,2026-08-06
X,박산부인과의원,서울,성동구,02-2299-2211,http://www.parksclinic.kr/,접속 실패: net::ERR_NAME_NOT_RESOLVED at http://www.parksclinic.kr/,,,,,2026-08-06
X,서울가정의학과의원,서울,성동구,02-2291-2258,http://www.familydoc.kr/,접속 실패: net::ERR_NAME_NOT_RESOLVED at http://www.familydoc.kr/,,,,,2026-08-06
X,서울신경외과의원,서울,성동구,02-2282-3119,http://www.dutong.co.kr/,접속 실패: net::ERR_NAME_NOT_RESOLVED at http://www.dutong.co.kr/,,,,,2026-08-06
X,굿모닝이비인후과의원,서울,성북구,02-941-1175,http://www.coclean.co.kr/,접속 실패: net::ERR_NAME_NOT_RESOLVED at http://www.coclean.co.kr/,,,,,2026-08-06
X,미래의원,서울,성북구,02-942-1945,http://www.miraeskin.co.kr/,접속 실패: net::ERR_NAME_NOT_RESOLVED at http://www.miraeskin.co.kr/,,,,,2026-08-06
X,성북성심신경과의원,서울,성북구,02-927-5100,http://www.sbsshp.co.kr/,접속 실패: net::ERR_NAME_NOT_RESOLVED at http://www.sbsshp.co.kr/,,,,,2026-08-06
X,오라쁘띠의원,서울,성북구,02-1666-2207,http://www.hhclinic.co.kr/,접속 실패: net::ERR_NAME_NOT_RESOLVED at http://www.hhclinic.co.kr/,,,,,2026-08-06
X,우노비뇨기과의원,서울,성북구,924-1471,http://www.unoman.co.kr/,접속 실패: net::ERR_NAME_NOT_RESOLVED at http://www.unoman.co.kr/,,,,,2026-08-06
X,굿모닝의원,서울,송파구,02-409-7576,http://www.gm-slim.com/,접속 실패: net::ERR_NAME_NOT_RESOLVED at http://www.gm-slim.com/,,,,,2026-08-06
X,김철우내과의원,서울,송파구,02-407-4202,http://www.kimsmedical.co.kr/,접속 실패: net::ERR_NAME_NOT_RESOLVED at http://www.kimsmedical.co.kr/,,,,,2026-08-06
X,김태균의원,서울,송파구,02-406-7950,http://www.knlclinic.co.kr/,접속 실패: net::ERR_NAME_NOT_RESOLVED at http://www.knlclinic.co.kr/,,,,,2026-08-06
X,맑은연세의원,서울,송파구,02-413-8251,http://www.pureysclinic.co.kr/,접속 실패: net::ERR_NAME_NOT_RESOLVED at http://www.pureysclinic.co.kr/,,,,,2026-08-06
X,송파제일정형외과의원,서울,송파구,02-423-1190,http://www.sjos.co.kr/,접속 실패: net::ERR_NAME_NOT_RESOLVED at http://www.sjos.co.kr/,,,,,2026-08-06
X,잠실비엘에스의원,서울,송파구,02-419-1175,http://www.pmclinic.co.kr/,접속 실패: net::ERR_NAME_NOT_RESOLVED at http://www.pmclinic.co.kr/,,,,,2026-08-06
X,준앤민닥터포유의원,서울,송파구,02-423-7575,http://www.dr4usp.co.kr/,접속 실패: net::ERR_NAME_NOT_RESOLVED at http://www.dr4usp.co.kr/,,,,,2026-08-06
X,포웰의원,서울,송파구,02-2088-6550,http://www.sm-clinic.kr/,접속 실패: net::ERR_NAME_NOT_RESOLVED at http://www.sm-clinic.kr/,,,,,2026-08-06
X,미셀의원,서울,양천구,02-2642-1130,http://mecell.net/#,접속 실패: net::ERR_NAME_NOT_RESOLVED at http://mecell.net/#,,,,,2026-08-06
X,뷰다임의원,서울,양천구,02-2643-1333,http://www.beaudigm.com/,접속 실패: net::ERR_NAME_NOT_RESOLVED at http://www.beaudigm.com/,,,,,2026-08-06
X,체인지업의원,서울,양천구,02-2637-7575,http://www.changeupclinic.com/,접속 실패: net::ERR_NAME_NOT_RESOLVED at http://www.changeupclinic.com/,,,,,2026-08-06
X,대명앰알씨티의원,서울,영등포구,02-2633-0007,http://www.dmhospital.kr/,접속 실패: net::ERR_NAME_NOT_RESOLVED at http://www.dmhospital.kr/,,,,,2026-08-06
X,류운석내과의원,서울,영등포구,02-2635-8500,http://www.ryuwounseokim.co.kr/,"접속 실패: Execution context was destroyed, most likely because of a navigation.",,,,500,2026-08-06
X,수내과의원,서울,영등포구,02-780-7585,http://www.yeidosoo.com/,접속 실패: net::ERR_NAME_NOT_RESOLVED at http://www.yeidosoo.com/,,,,,2026-08-06
X,수담의원,서울,영등포구,070-8770-7007,https://soodam-clinic.co.kr/,접속 실패: net::ERR_NAME_NOT_RESOLVED at https://soodam-clinic.co.kr/,,,,,2026-08-06
X,연세그린의원,서울,영등포구,02-2633-0075,http://www.clinicgreen.co.kr/,접속 실패: net::ERR_NAME_NOT_RESOLVED at http://www.clinicgreen.co.kr/,,,,,2026-08-06
X,예스의원,서울,영등포구,02-2632-8882,http://www.ye-clinic.co.kr/,접속 실패: net::ERR_NAME_NOT_RESOLVED at http://www.ye-clinic.co.kr/,,,,,2026-08-06
X,DMC수색신경외과의원,서울,은평구,02-305-4463,http://www.susakns.kr/,접속 실패: net::ERR_NAME_NOT_RESOLVED at http://www.susakns.kr/,,,,,2026-08-06
X,구파발정형외과의원,서울,은평구,02-334-8275,http://www.s-os.kr/,접속 실패: net::ERR_NAME_NOT_RESOLVED at http://www.s-os.kr/,,,,,2026-08-06
X,류비뇨의학과의원,서울,은평구,02-354-8834,http://www.flowuro.co.kr/,접속 실패: net::ERR_NAME_NOT_RESOLVED at http://www.flowuro.co.kr/,,,,,2026-08-06
X,삼성속편한의원,서울,은평구,307-7577,http://www.samsungsok.com/,접속 실패: net::ERR_NAME_NOT_RESOLVED at http://www.samsungsok.com/,,,,,2026-08-06
X,연세예일의원,서울,은평구,02-357-6867,http://www.ysyale.com/,접속 실패: net::ERR_NAME_NOT_RESOLVED at http://www.ysyale.com/,,,,,2026-08-06
X,연세팜스의원,서울,은평구,02-387-2755,http://www.yonseinetwork.com/eunpyeng/index01.html,접속 실패: net::ERR_NAME_NOT_RESOLVED at http://www.yonseinetwork.com/eunpyeng/index01.html,,,,,2026-08-06
X,이태준김재민내과의원,서울,은평구,02-359-6397,http://www.ltjmed.co.kr/,접속 실패: net::ERR_NAME_NOT_RESOLVED at http://www.ltjmed.co.kr/,,,,,2026-08-06
X,마리앤라인의원,서울,종로구,02-718-8000,http://www.doctormarie.co.kr/,접속 실패: net::ERR_NAME_NOT_RESOLVED at http://www.doctormarie.co.kr/,,,,,2026-08-06
X,메디홈가정의학과의원,서울,종로구,02-725-7582,http://www.medihome.kr/,접속 실패: net::ERR_NAME_NOT_RESOLVED at http://www.medihome.kr/,,,,,2026-08-06
X,미소안과의원,서울,종로구,02-333-3334,http://niceclinic.co.kr/index.asp,접속 실패: net::ERR_NAME_NOT_RESOLVED at http://niceclinic.co.kr/index.asp,,,,,2026-08-06
X,뽀얀피부과의원,서울,종로구,02-2273-5118,http://www.poyan.co.kr/,접속 실패: net::ERR_NAME_NOT_RESOLVED at http://www.poyan.co.kr/,,,,,2026-08-06
X,종로비뇨기과의원,서울,종로구,02-745-9119,http://www.jruro.co.kr/,접속 실패: net::ERR_NAME_NOT_RESOLVED at http://www.jruro.co.kr/,,,,,2026-08-06
X,그랑메디의원,서울,중구,02-775-0885,http://www.mylamar.co.kr/,접속 실패: net::ERR_NAME_NOT_RESOLVED at http://www.mylamar.co.kr/,,,,,2026-08-06
X,나이스피부과의원,서울,중구,02-2232-2502,http://www.eniceskin.co.kr/,접속 실패: net::ERR_NAME_NOT_RESOLVED at http://www.eniceskin.co.kr/,,,,,2026-08-06
X,서울중앙의료의원,서울,중구,02-6450-5500,http://www.scc-health.com/,접속 실패: net::ERR_NAME_NOT_RESOLVED at http://www.scc-health.com/,,,,,2026-08-06
X,이윤수조성완비뇨기과의원,서울,중구,02-779-4500,http://www.penilee.co.kr/,접속 실패: net::ERR_NAME_NOT_RESOLVED at http://www.penilee.co.kr/,,,,,2026-08-06
X,한사랑의원,서울,중구,02-2277-4707,http://hsrclinic.net/,접속 실패: net::ERR_NAME_NOT_RESOLVED at http://hsrclinic.net/,,,,,2026-08-06
X,고려중앙의원,서울,중랑구,434-4556,http://www.krclinic.co.kr/,접속 실패: net::ERR_NAME_NOT_RESOLVED at http://www.krclinic.co.kr/,,,,,2026-08-06
X,리퓨어피부과의원,서울,중랑구,02-466-9033,http://www.repure.kr/2013/,접속 실패: net::ERR_NAME_NOT_RESOLVED at http://www.repure.kr/2013/,,,,,2026-08-06
X,면목성심외과의원,서울,중랑구,02-493-1940,http://mhang.co.kr/,접속 실패: net::ERR_NAME_NOT_RESOLVED at http://mhang.co.kr/,,,,,2026-08-06
X,아나파의원,서울,중랑구,02-496-7579,http://www.sooyoo.co.kr/,접속 실패: net::ERR_NAME_NOT_RESOLVED at http://www.sooyoo.co.kr/,,,,,2026-08-06
X,이희수소아청소년과의원,서울,중랑구,02-492-0577,http://www.rhsped.co.kr/,접속 실패: net::ERR_NAME_NOT_RESOLVED at http://www.rhsped.co.kr/,,,,,2026-08-06
