우선순위,결함수,템플릿,요양기관명,시도,시군구,홈페이지,전화,후크전체,발송문구,발송일,회신,다음액션
1,5,A,모리치피부과의원,서울,강남구,http://richhair.com/,02-518-6888,HTTPS 미설정(http로만 접속) / tel: 링크 없음 — 휴대폰에서 전화 연결 안 됨 / viewport 없음 — 모바일 미대응 / 개인정보처리방침 없음 / 푸터 카피라이트 2015 — 방치 인상,"안녕하세요. 환자 문의가 아니라, 홈페이지 관련해 알려드릴 것이 있어 남깁니다.

모리치피부과의원 홈페이지에 https:// 로 접속하면 보안 인증서 오류로 경고 화면이 뜨고, http:// 로만 정상 접속됩니다.

요즘 브라우저는 주소를 입력하면 https 부터 시도하기 때문에 환자분에 따라 경고 화면을 먼저 보게 됩니다. http 로 열려도 주소창에 ""안전하지 않음""이 표시됩니다.

무료 인증서로도 해결됩니다.

이 외에 휴대폰에서 전화번호를 눌러도 연결되지 않는 점도 함께 확인해 보시면 좋겠습니다.

관리 업체에 그대로 전달하시면 됩니다. 제게 회신하지 않으셔도 괜찮습니다.

웅쓰컴퍼니 / woongs.official@gmail.com",,,
1,5,A,서울맥마취통증의학과의원,서울,노원구,http://www.macpain.co.kr/,02-934-1119,HTTPS 미설정(http로만 접속) / tel: 링크 없음 — 휴대폰에서 전화 연결 안 됨 / viewport 없음 — 모바일 미대응 / 개인정보처리방침 없음 / 푸터 카피라이트 2015 — 방치 인상,"안녕하세요. 환자 문의가 아니라, 홈페이지 관련해 알려드릴 것이 있어 남깁니다.

서울맥마취통증의학과의원 홈페이지에 https:// 로 접속하면 보안 인증서 오류로 경고 화면이 뜨고, http:// 로만 정상 접속됩니다.

요즘 브라우저는 주소를 입력하면 https 부터 시도하기 때문에 환자분에 따라 경고 화면을 먼저 보게 됩니다. http 로 열려도 주소창에 ""안전하지 않음""이 표시됩니다.

무료 인증서로도 해결됩니다.

이 외에 휴대폰에서 전화번호를 눌러도 연결되지 않는 점도 함께 확인해 보시면 좋겠습니다.

관리 업체에 그대로 전달하시면 됩니다. 제게 회신하지 않으셔도 괜찮습니다.

웅쓰컴퍼니 / woongs.official@gmail.com",,,
1,5,A,오아로피부과의원,서울,동작구,http://www.oaro.co.kr/,02-6951-0370,HTTPS 미설정(http로만 접속) / tel: 링크 없음 — 휴대폰에서 전화 연결 안 됨 / 모바일 가로스크롤 발생 / 개인정보처리방침 없음 / 푸터 카피라이트 2017 — 방치 인상,"안녕하세요. 환자 문의가 아니라, 홈페이지 관련해 알려드릴 것이 있어 남깁니다.

오아로피부과의원 홈페이지에 https:// 로 접속하면 보안 인증서 오류로 경고 화면이 뜨고, http:// 로만 정상 접속됩니다.

요즘 브라우저는 주소를 입력하면 https 부터 시도하기 때문에 환자분에 따라 경고 화면을 먼저 보게 됩니다. http 로 열려도 주소창에 ""안전하지 않음""이 표시됩니다.

무료 인증서로도 해결됩니다.

이 외에 휴대폰에서 전화번호를 눌러도 연결되지 않는 점도 함께 확인해 보시면 좋겠습니다.

관리 업체에 그대로 전달하시면 됩니다. 제게 회신하지 않으셔도 괜찮습니다.

웅쓰컴퍼니 / woongs.official@gmail.com",,,
2,4,B,클린업피부과의원,경기,고양일산서구,http://www.upskin.co.kr/,031-921-1877,tel: 링크 없음 — 휴대폰에서 전화 연결 안 됨 / 모바일 가로스크롤 발생 / 개인정보처리방침 없음 / 푸터 카피라이트 2020 — 방치 인상,"안녕하세요. 환자 문의가 아니라, 홈페이지 관련해 알려드릴 것이 있어 남깁니다.

클린업피부과의원 홈페이지의 전화번호가 눌러서 전화를 걸 수 있는 형태가 아니라 글자로만 표시되어 있습니다.

휴대폰으로 보시는 분이 번호를 눌러도 아무 일이 일어나지 않아, 번호를 따로 옮겨 적어 전화 앱에 입력해야 합니다. 진료 문의가 대부분 전화로 들어오는 만큼 이 단계에서 이탈이 생깁니다.

간단한 수정으로 해결됩니다.

이 외에 휴대폰에서 화면이 좌우로 밀리는 점도 함께 확인해 보시면 좋겠습니다.

관리 업체에 그대로 전달하시면 됩니다. 제게 회신하지 않으셔도 괜찮습니다.

웅쓰컴퍼니 / woongs.official@gmail.com",,,
2,4,A,서울연합내과의원,경기,광명시,http://symedical.kr/,02-2615-8100,HTTPS 미설정(http로만 접속) / tel: 링크 없음 — 휴대폰에서 전화 연결 안 됨 / viewport 없음 — 모바일 미대응 / 개인정보처리방침 없음,"안녕하세요. 환자 문의가 아니라, 홈페이지 관련해 알려드릴 것이 있어 남깁니다.

서울연합내과의원 홈페이지에 https:// 로 접속하면 보안 인증서 오류로 경고 화면이 뜨고, http:// 로만 정상 접속됩니다.

요즘 브라우저는 주소를 입력하면 https 부터 시도하기 때문에 환자분에 따라 경고 화면을 먼저 보게 됩니다. http 로 열려도 주소창에 ""안전하지 않음""이 표시됩니다.

무료 인증서로도 해결됩니다.

이 외에 휴대폰에서 전화번호를 눌러도 연결되지 않는 점도 함께 확인해 보시면 좋겠습니다.

관리 업체에 그대로 전달하시면 됩니다. 제게 회신하지 않으셔도 괜찮습니다.

웅쓰컴퍼니 / woongs.official@gmail.com",,,
2,4,A,백외과의원,경기,구리시,http://www.baekhospital.com/,031-555-8920,HTTPS 미설정(http로만 접속) / tel: 링크 없음 — 휴대폰에서 전화 연결 안 됨 / viewport 없음 — 모바일 미대응 / 개인정보처리방침 없음,"안녕하세요. 환자 문의가 아니라, 홈페이지 관련해 알려드릴 것이 있어 남깁니다.

백외과의원 홈페이지에 https:// 로 접속하면 보안 인증서 오류로 경고 화면이 뜨고, http:// 로만 정상 접속됩니다.

요즘 브라우저는 주소를 입력하면 https 부터 시도하기 때문에 환자분에 따라 경고 화면을 먼저 보게 됩니다. http 로 열려도 주소창에 ""안전하지 않음""이 표시됩니다.

무료 인증서로도 해결됩니다.

이 외에 휴대폰에서 전화번호를 눌러도 연결되지 않는 점도 함께 확인해 보시면 좋겠습니다.

관리 업체에 그대로 전달하시면 됩니다. 제게 회신하지 않으셔도 괜찮습니다.

웅쓰컴퍼니 / woongs.official@gmail.com",,,
2,4,A,연세미피부과의원,경기,성남분당구,http://www.miskin.co.kr/,715-8188,HTTPS 미설정(http로만 접속) / tel: 링크 없음 — 휴대폰에서 전화 연결 안 됨 / 모바일 가로스크롤 발생 / 개인정보처리방침 없음,"안녕하세요. 환자 문의가 아니라, 홈페이지 관련해 알려드릴 것이 있어 남깁니다.

연세미피부과의원 홈페이지에 https:// 로 접속하면 보안 인증서 오류로 경고 화면이 뜨고, http:// 로만 정상 접속됩니다.

요즘 브라우저는 주소를 입력하면 https 부터 시도하기 때문에 환자분에 따라 경고 화면을 먼저 보게 됩니다. http 로 열려도 주소창에 ""안전하지 않음""이 표시됩니다.

무료 인증서로도 해결됩니다.

이 외에 휴대폰에서 전화번호를 눌러도 연결되지 않는 점도 함께 확인해 보시면 좋겠습니다.

관리 업체에 그대로 전달하시면 됩니다. 제게 회신하지 않으셔도 괜찮습니다.

웅쓰컴퍼니 / woongs.official@gmail.com",,,
2,4,A,정다운산부인과의원,경기,성남수정구,http://www.jkygo.co.kr/,031-747-9944,HTTPS 미설정(http로만 접속) / tel: 링크 없음 — 휴대폰에서 전화 연결 안 됨 / viewport 없음 — 모바일 미대응 / 푸터 카피라이트 2015 — 방치 인상,"안녕하세요. 환자 문의가 아니라, 홈페이지 관련해 알려드릴 것이 있어 남깁니다.

정다운산부인과의원 홈페이지에 https:// 로 접속하면 보안 인증서 오류로 경고 화면이 뜨고, http:// 로만 정상 접속됩니다.

요즘 브라우저는 주소를 입력하면 https 부터 시도하기 때문에 환자분에 따라 경고 화면을 먼저 보게 됩니다. http 로 열려도 주소창에 ""안전하지 않음""이 표시됩니다.

무료 인증서로도 해결됩니다.

이 외에 휴대폰에서 전화번호를 눌러도 연결되지 않는 점도 함께 확인해 보시면 좋겠습니다.

관리 업체에 그대로 전달하시면 됩니다. 제게 회신하지 않으셔도 괜찮습니다.

웅쓰컴퍼니 / woongs.official@gmail.com",,,
2,4,A,이화미의원,경기,성남중원구,http://ewhami.co.kr/,031-735-0100,HTTPS 미설정(http로만 접속) / tel: 링크 없음 — 휴대폰에서 전화 연결 안 됨 / viewport 없음 — 모바일 미대응 / 개인정보처리방침 없음,"안녕하세요. 환자 문의가 아니라, 홈페이지 관련해 알려드릴 것이 있어 남깁니다.

이화미의원 홈페이지에 https:// 로 접속하면 보안 인증서 오류로 경고 화면이 뜨고, http:// 로만 정상 접속됩니다.

요즘 브라우저는 주소를 입력하면 https 부터 시도하기 때문에 환자분에 따라 경고 화면을 먼저 보게 됩니다. http 로 열려도 주소창에 ""안전하지 않음""이 표시됩니다.

무료 인증서로도 해결됩니다.

이 외에 휴대폰에서 전화번호를 눌러도 연결되지 않는 점도 함께 확인해 보시면 좋겠습니다.

관리 업체에 그대로 전달하시면 됩니다. 제게 회신하지 않으셔도 괜찮습니다.

웅쓰컴퍼니 / woongs.official@gmail.com",,,
2,4,A,아산탑내과의원,경기,수원권선구,http://www.asantop.co.kr/,031-294-5400,HTTPS 미설정(http로만 접속) / tel: 링크 없음 — 휴대폰에서 전화 연결 안 됨 / viewport 없음 — 모바일 미대응 / 개인정보처리방침 없음,"안녕하세요. 환자 문의가 아니라, 홈페이지 관련해 알려드릴 것이 있어 남깁니다.

아산탑내과의원 홈페이지에 https:// 로 접속하면 보안 인증서 오류로 경고 화면이 뜨고, http:// 로만 정상 접속됩니다.

요즘 브라우저는 주소를 입력하면 https 부터 시도하기 때문에 환자분에 따라 경고 화면을 먼저 보게 됩니다. http 로 열려도 주소창에 ""안전하지 않음""이 표시됩니다.

무료 인증서로도 해결됩니다.

이 외에 휴대폰에서 전화번호를 눌러도 연결되지 않는 점도 함께 확인해 보시면 좋겠습니다.

관리 업체에 그대로 전달하시면 됩니다. 제게 회신하지 않으셔도 괜찮습니다.

웅쓰컴퍼니 / woongs.official@gmail.com",,,
2,4,A,김지훈피부과의원,경기,수원팔달구,http://www.skin7576.com/,031-222-7576,HTTPS 미설정(http로만 접속) / tel: 링크 없음 — 휴대폰에서 전화 연결 안 됨 / viewport 없음 — 모바일 미대응 / 개인정보처리방침 없음,"안녕하세요. 환자 문의가 아니라, 홈페이지 관련해 알려드릴 것이 있어 남깁니다.

김지훈피부과의원 홈페이지에 https:// 로 접속하면 보안 인증서 오류로 경고 화면이 뜨고, http:// 로만 정상 접속됩니다.

요즘 브라우저는 주소를 입력하면 https 부터 시도하기 때문에 환자분에 따라 경고 화면을 먼저 보게 됩니다. http 로 열려도 주소창에 ""안전하지 않음""이 표시됩니다.

무료 인증서로도 해결됩니다.

이 외에 휴대폰에서 전화번호를 눌러도 연결되지 않는 점도 함께 확인해 보시면 좋겠습니다.

관리 업체에 그대로 전달하시면 됩니다. 제게 회신하지 않으셔도 괜찮습니다.

웅쓰컴퍼니 / woongs.official@gmail.com",,,
2,4,A,도도의원,경기,수원팔달구,http://www.dodoclinic.com/,031-293-7575,HTTPS 미설정(http로만 접속) / 모바일 가로스크롤 발생 / 개인정보처리방침 없음 / 푸터 카피라이트 2018 — 방치 인상,"안녕하세요. 환자 문의가 아니라, 홈페이지 관련해 알려드릴 것이 있어 남깁니다.

도도의원 홈페이지에 https:// 로 접속하면 보안 인증서 오류로 경고 화면이 뜨고, http:// 로만 정상 접속됩니다.

요즘 브라우저는 주소를 입력하면 https 부터 시도하기 때문에 환자분에 따라 경고 화면을 먼저 보게 됩니다. http 로 열려도 주소창에 ""안전하지 않음""이 표시됩니다.

무료 인증서로도 해결됩니다.

이 외에 휴대폰에서 화면이 좌우로 밀리는 점도 함께 확인해 보시면 좋겠습니다.

관리 업체에 그대로 전달하시면 됩니다. 제게 회신하지 않으셔도 괜찮습니다.

웅쓰컴퍼니 / woongs.official@gmail.com",,,
2,4,A,스위스의원,경기,수원팔달구,http://www.swissbeauty.co.kr/,031-241-1175,HTTPS 미설정(http로만 접속) / tel: 링크 없음 — 휴대폰에서 전화 연결 안 됨 / 모바일 가로스크롤 발생 / 푸터 카피라이트 2018 — 방치 인상,"안녕하세요. 환자 문의가 아니라, 홈페이지 관련해 알려드릴 것이 있어 남깁니다.

스위스의원 홈페이지에 https:// 로 접속하면 보안 인증서 오류로 경고 화면이 뜨고, http:// 로만 정상 접속됩니다.

요즘 브라우저는 주소를 입력하면 https 부터 시도하기 때문에 환자분에 따라 경고 화면을 먼저 보게 됩니다. http 로 열려도 주소창에 ""안전하지 않음""이 표시됩니다.

무료 인증서로도 해결됩니다.

이 외에 휴대폰에서 전화번호를 눌러도 연결되지 않는 점도 함께 확인해 보시면 좋겠습니다.

관리 업체에 그대로 전달하시면 됩니다. 제게 회신하지 않으셔도 괜찮습니다.

웅쓰컴퍼니 / woongs.official@gmail.com",,,
2,4,A,김준범성형외과의원,경기,시흥시,http://www.facebeauty.co.kr/,031-488-9100,HTTPS 미설정(http로만 접속) / tel: 링크 없음 — 휴대폰에서 전화 연결 안 됨 / 모바일 가로스크롤 발생 / 푸터 카피라이트 2015 — 방치 인상,"안녕하세요. 환자 문의가 아니라, 홈페이지 관련해 알려드릴 것이 있어 남깁니다.

김준범성형외과의원 홈페이지에 https:// 로 접속하면 보안 인증서 오류로 경고 화면이 뜨고, http:// 로만 정상 접속됩니다.

요즘 브라우저는 주소를 입력하면 https 부터 시도하기 때문에 환자분에 따라 경고 화면을 먼저 보게 됩니다. http 로 열려도 주소창에 ""안전하지 않음""이 표시됩니다.

무료 인증서로도 해결됩니다.

이 외에 휴대폰에서 전화번호를 눌러도 연결되지 않는 점도 함께 확인해 보시면 좋겠습니다.

관리 업체에 그대로 전달하시면 됩니다. 제게 회신하지 않으셔도 괜찮습니다.

웅쓰컴퍼니 / woongs.official@gmail.com",,,
2,4,A,메이퀸이지은산부인과의원,경기,안산단원구,http://www.ilovewoman.co.kr/,031-401-7777,HTTPS 미설정(http로만 접속) / tel: 링크 없음 — 휴대폰에서 전화 연결 안 됨 / viewport 없음 — 모바일 미대응 / 개인정보처리방침 없음,"안녕하세요. 환자 문의가 아니라, 홈페이지 관련해 알려드릴 것이 있어 남깁니다.

메이퀸이지은산부인과의원 홈페이지에 https:// 로 접속하면 보안 인증서 오류로 경고 화면이 뜨고, http:// 로만 정상 접속됩니다.

요즘 브라우저는 주소를 입력하면 https 부터 시도하기 때문에 환자분에 따라 경고 화면을 먼저 보게 됩니다. http 로 열려도 주소창에 ""안전하지 않음""이 표시됩니다.

무료 인증서로도 해결됩니다.

이 외에 휴대폰에서 전화번호를 눌러도 연결되지 않는 점도 함께 확인해 보시면 좋겠습니다.

관리 업체에 그대로 전달하시면 됩니다. 제게 회신하지 않으셔도 괜찮습니다.

웅쓰컴퍼니 / woongs.official@gmail.com",,,
2,4,A,비에이성형외과의원,경기,안산단원구,http://bclinic.co.kr/main/main.php?,031-485-7575,HTTPS 미설정(http로만 접속) / tel: 링크 없음 — 휴대폰에서 전화 연결 안 됨 / viewport 없음 — 모바일 미대응 / 개인정보처리방침 없음,"안녕하세요. 환자 문의가 아니라, 홈페이지 관련해 알려드릴 것이 있어 남깁니다.

비에이성형외과의원 홈페이지에 https:// 로 접속하면 보안 인증서 오류로 경고 화면이 뜨고, http:// 로만 정상 접속됩니다.

요즘 브라우저는 주소를 입력하면 https 부터 시도하기 때문에 환자분에 따라 경고 화면을 먼저 보게 됩니다. http 로 열려도 주소창에 ""안전하지 않음""이 표시됩니다.

무료 인증서로도 해결됩니다.

이 외에 휴대폰에서 전화번호를 눌러도 연결되지 않는 점도 함께 확인해 보시면 좋겠습니다.

관리 업체에 그대로 전달하시면 됩니다. 제게 회신하지 않으셔도 괜찮습니다.

웅쓰컴퍼니 / woongs.official@gmail.com",,,
2,4,A,예플러스이비인후과의원,경기,안산단원구,http://www.yeent.com/,031-405-6780,HTTPS 미설정(http로만 접속) / tel: 링크 없음 — 휴대폰에서 전화 연결 안 됨 / viewport 없음 — 모바일 미대응 / 개인정보처리방침 없음,"안녕하세요. 환자 문의가 아니라, 홈페이지 관련해 알려드릴 것이 있어 남깁니다.

예플러스이비인후과의원 홈페이지에 https:// 로 접속하면 보안 인증서 오류로 경고 화면이 뜨고, http:// 로만 정상 접속됩니다.

요즘 브라우저는 주소를 입력하면 https 부터 시도하기 때문에 환자분에 따라 경고 화면을 먼저 보게 됩니다. http 로 열려도 주소창에 ""안전하지 않음""이 표시됩니다.

무료 인증서로도 해결됩니다.

이 외에 휴대폰에서 전화번호를 눌러도 연결되지 않는 점도 함께 확인해 보시면 좋겠습니다.

관리 업체에 그대로 전달하시면 됩니다. 제게 회신하지 않으셔도 괜찮습니다.

웅쓰컴퍼니 / woongs.official@gmail.com",,,
2,4,B,스페셜성형외과의원,경기,안양동안구,http://www.specialclinic.co.kr/,031-385-4450,tel: 링크 없음 — 휴대폰에서 전화 연결 안 됨 / 모바일 가로스크롤 발생 / 개인정보처리방침 없음 / 푸터 카피라이트 2021 — 방치 인상,"안녕하세요. 환자 문의가 아니라, 홈페이지 관련해 알려드릴 것이 있어 남깁니다.

스페셜성형외과의원 홈페이지의 전화번호가 눌러서 전화를 걸 수 있는 형태가 아니라 글자로만 표시되어 있습니다.

휴대폰으로 보시는 분이 번호를 눌러도 아무 일이 일어나지 않아, 번호를 따로 옮겨 적어 전화 앱에 입력해야 합니다. 진료 문의가 대부분 전화로 들어오는 만큼 이 단계에서 이탈이 생깁니다.

간단한 수정으로 해결됩니다.

이 외에 휴대폰에서 화면이 좌우로 밀리는 점도 함께 확인해 보시면 좋겠습니다.

관리 업체에 그대로 전달하시면 됩니다. 제게 회신하지 않으셔도 괜찮습니다.

웅쓰컴퍼니 / woongs.official@gmail.com",,,
2,4,A,손내과의원,경기,안양만안구,http://www.drson.co.kr/,031-446-2288,HTTPS 미설정(http로만 접속) / tel: 링크 없음 — 휴대폰에서 전화 연결 안 됨 / viewport 없음 — 모바일 미대응 / 개인정보처리방침 없음,"안녕하세요. 환자 문의가 아니라, 홈페이지 관련해 알려드릴 것이 있어 남깁니다.

손내과의원 홈페이지에 https:// 로 접속하면 보안 인증서 오류로 경고 화면이 뜨고, http:// 로만 정상 접속됩니다.

요즘 브라우저는 주소를 입력하면 https 부터 시도하기 때문에 환자분에 따라 경고 화면을 먼저 보게 됩니다. http 로 열려도 주소창에 ""안전하지 않음""이 표시됩니다.

무료 인증서로도 해결됩니다.

이 외에 휴대폰에서 전화번호를 눌러도 연결되지 않는 점도 함께 확인해 보시면 좋겠습니다.

관리 업체에 그대로 전달하시면 됩니다. 제게 회신하지 않으셔도 괜찮습니다.

웅쓰컴퍼니 / woongs.official@gmail.com",,,
2,4,A,길내과의원,경기,의정부시,http://www.medkil.com/index.asp,031-844-4667,HTTPS 미설정(http로만 접속) / tel: 링크 없음 — 휴대폰에서 전화 연결 안 됨 / viewport 없음 — 모바일 미대응 / 개인정보처리방침 없음,"안녕하세요. 환자 문의가 아니라, 홈페이지 관련해 알려드릴 것이 있어 남깁니다.

길내과의원 홈페이지에 https:// 로 접속하면 보안 인증서 오류로 경고 화면이 뜨고, http:// 로만 정상 접속됩니다.

요즘 브라우저는 주소를 입력하면 https 부터 시도하기 때문에 환자분에 따라 경고 화면을 먼저 보게 됩니다. http 로 열려도 주소창에 ""안전하지 않음""이 표시됩니다.

무료 인증서로도 해결됩니다.

이 외에 휴대폰에서 전화번호를 눌러도 연결되지 않는 점도 함께 확인해 보시면 좋겠습니다.

관리 업체에 그대로 전달하시면 됩니다. 제게 회신하지 않으셔도 괜찮습니다.

웅쓰컴퍼니 / woongs.official@gmail.com",,,
2,4,A,대영성형외과의원,서울,강남구,http://www.dyclinic.com/,3446-7788,HTTPS 미설정(http로만 접속) / tel: 링크 없음 — 휴대폰에서 전화 연결 안 됨 / 모바일 가로스크롤 발생 / 개인정보처리방침 없음,"안녕하세요. 환자 문의가 아니라, 홈페이지 관련해 알려드릴 것이 있어 남깁니다.

대영성형외과의원 홈페이지에 https:// 로 접속하면 보안 인증서 오류로 경고 화면이 뜨고, http:// 로만 정상 접속됩니다.

요즘 브라우저는 주소를 입력하면 https 부터 시도하기 때문에 환자분에 따라 경고 화면을 먼저 보게 됩니다. http 로 열려도 주소창에 ""안전하지 않음""이 표시됩니다.

무료 인증서로도 해결됩니다.

이 외에 휴대폰에서 전화번호를 눌러도 연결되지 않는 점도 함께 확인해 보시면 좋겠습니다.

관리 업체에 그대로 전달하시면 됩니다. 제게 회신하지 않으셔도 괜찮습니다.

웅쓰컴퍼니 / woongs.official@gmail.com",,,
2,4,A,마이디피부과의원,서울,강남구,http://www.mydskin.co.kr/,576-5033,HTTPS 미설정(http로만 접속) / tel: 링크 없음 — 휴대폰에서 전화 연결 안 됨 / 모바일 가로스크롤 발생 / 개인정보처리방침 없음,"안녕하세요. 환자 문의가 아니라, 홈페이지 관련해 알려드릴 것이 있어 남깁니다.

마이디피부과의원 홈페이지에 https:// 로 접속하면 보안 인증서 오류로 경고 화면이 뜨고, http:// 로만 정상 접속됩니다.

요즘 브라우저는 주소를 입력하면 https 부터 시도하기 때문에 환자분에 따라 경고 화면을 먼저 보게 됩니다. http 로 열려도 주소창에 ""안전하지 않음""이 표시됩니다.

무료 인증서로도 해결됩니다.

이 외에 휴대폰에서 전화번호를 눌러도 연결되지 않는 점도 함께 확인해 보시면 좋겠습니다.

관리 업체에 그대로 전달하시면 됩니다. 제게 회신하지 않으셔도 괜찮습니다.

웅쓰컴퍼니 / woongs.official@gmail.com",,,
2,4,A,벧엘피부과의원,서울,강남구,http://bethelskin.com/,02-532-3110,HTTPS 미설정(http로만 접속) / tel: 링크 없음 — 휴대폰에서 전화 연결 안 됨 / viewport 없음 — 모바일 미대응 / 푸터 카피라이트 2013 — 방치 인상,"안녕하세요. 환자 문의가 아니라, 홈페이지 관련해 알려드릴 것이 있어 남깁니다.

벧엘피부과의원 홈페이지에 https:// 로 접속하면 보안 인증서 오류로 경고 화면이 뜨고, http:// 로만 정상 접속됩니다.

요즘 브라우저는 주소를 입력하면 https 부터 시도하기 때문에 환자분에 따라 경고 화면을 먼저 보게 됩니다. http 로 열려도 주소창에 ""안전하지 않음""이 표시됩니다.

무료 인증서로도 해결됩니다.

이 외에 휴대폰에서 전화번호를 눌러도 연결되지 않는 점도 함께 확인해 보시면 좋겠습니다.

관리 업체에 그대로 전달하시면 됩니다. 제게 회신하지 않으셔도 괜찮습니다.

웅쓰컴퍼니 / woongs.official@gmail.com",,,
2,4,A,봉봉성형외과의원,서울,강남구,http://www.bongbongclinic.com/,02-542-3100,HTTPS 미설정(http로만 접속) / tel: 링크 없음 — 휴대폰에서 전화 연결 안 됨 / 모바일 가로스크롤 발생 / 개인정보처리방침 없음,"안녕하세요. 환자 문의가 아니라, 홈페이지 관련해 알려드릴 것이 있어 남깁니다.

봉봉성형외과의원 홈페이지에 https:// 로 접속하면 보안 인증서 오류로 경고 화면이 뜨고, http:// 로만 정상 접속됩니다.

요즘 브라우저는 주소를 입력하면 https 부터 시도하기 때문에 환자분에 따라 경고 화면을 먼저 보게 됩니다. http 로 열려도 주소창에 ""안전하지 않음""이 표시됩니다.

무료 인증서로도 해결됩니다.

이 외에 휴대폰에서 전화번호를 눌러도 연결되지 않는 점도 함께 확인해 보시면 좋겠습니다.

관리 업체에 그대로 전달하시면 됩니다. 제게 회신하지 않으셔도 괜찮습니다.

웅쓰컴퍼니 / woongs.official@gmail.com",,,
2,4,A,비아이오성형외과의원,서울,강남구,http://www.biops.kr/,02-535-9000,HTTPS 미설정(http로만 접속) / tel: 링크 없음 — 휴대폰에서 전화 연결 안 됨 / viewport 없음 — 모바일 미대응 / 푸터 카피라이트 2019 — 방치 인상,"안녕하세요. 환자 문의가 아니라, 홈페이지 관련해 알려드릴 것이 있어 남깁니다.

비아이오성형외과의원 홈페이지에 https:// 로 접속하면 보안 인증서 오류로 경고 화면이 뜨고, http:// 로만 정상 접속됩니다.

요즘 브라우저는 주소를 입력하면 https 부터 시도하기 때문에 환자분에 따라 경고 화면을 먼저 보게 됩니다. http 로 열려도 주소창에 ""안전하지 않음""이 표시됩니다.

무료 인증서로도 해결됩니다.

이 외에 휴대폰에서 전화번호를 눌러도 연결되지 않는 점도 함께 확인해 보시면 좋겠습니다.

관리 업체에 그대로 전달하시면 됩니다. 제게 회신하지 않으셔도 괜찮습니다.

웅쓰컴퍼니 / woongs.official@gmail.com",,,
2,4,A,서울배내과의원,서울,강남구,http://doctorbae.co.kr/,02-529-3002,HTTPS 미설정(http로만 접속) / tel: 링크 없음 — 휴대폰에서 전화 연결 안 됨 / 모바일 가로스크롤 발생 / 푸터 카피라이트 2018 — 방치 인상,"안녕하세요. 환자 문의가 아니라, 홈페이지 관련해 알려드릴 것이 있어 남깁니다.

서울배내과의원 홈페이지에 https:// 로 접속하면 보안 인증서 오류로 경고 화면이 뜨고, http:// 로만 정상 접속됩니다.

요즘 브라우저는 주소를 입력하면 https 부터 시도하기 때문에 환자분에 따라 경고 화면을 먼저 보게 됩니다. http 로 열려도 주소창에 ""안전하지 않음""이 표시됩니다.

무료 인증서로도 해결됩니다.

이 외에 휴대폰에서 전화번호를 눌러도 연결되지 않는 점도 함께 확인해 보시면 좋겠습니다.

관리 업체에 그대로 전달하시면 됩니다. 제게 회신하지 않으셔도 괜찮습니다.

웅쓰컴퍼니 / woongs.official@gmail.com",,,
2,4,A,스마트맨의원,서울,강남구,http://www.smartmc.co.kr/,586-5861,HTTPS 미설정(http로만 접속) / tel: 링크 없음 — 휴대폰에서 전화 연결 안 됨 / viewport 없음 — 모바일 미대응 / 개인정보처리방침 없음,"안녕하세요. 환자 문의가 아니라, 홈페이지 관련해 알려드릴 것이 있어 남깁니다.

스마트맨의원 홈페이지에 https:// 로 접속하면 보안 인증서 오류로 경고 화면이 뜨고, http:// 로만 정상 접속됩니다.

요즘 브라우저는 주소를 입력하면 https 부터 시도하기 때문에 환자분에 따라 경고 화면을 먼저 보게 됩니다. http 로 열려도 주소창에 ""안전하지 않음""이 표시됩니다.

무료 인증서로도 해결됩니다.

이 외에 휴대폰에서 전화번호를 눌러도 연결되지 않는 점도 함께 확인해 보시면 좋겠습니다.

관리 업체에 그대로 전달하시면 됩니다. 제게 회신하지 않으셔도 괜찮습니다.

웅쓰컴퍼니 / woongs.official@gmail.com",,,
2,4,A,아이라인성형외과의원,서울,강남구,http://www.ilines.co.kr/,02-540-8666,HTTPS 미설정(http로만 접속) / tel: 링크 없음 — 휴대폰에서 전화 연결 안 됨 / 모바일 가로스크롤 발생 / 푸터 카피라이트 2019 — 방치 인상,"안녕하세요. 환자 문의가 아니라, 홈페이지 관련해 알려드릴 것이 있어 남깁니다.

아이라인성형외과의원 홈페이지에 https:// 로 접속하면 보안 인증서 오류로 경고 화면이 뜨고, http:// 로만 정상 접속됩니다.

요즘 브라우저는 주소를 입력하면 https 부터 시도하기 때문에 환자분에 따라 경고 화면을 먼저 보게 됩니다. http 로 열려도 주소창에 ""안전하지 않음""이 표시됩니다.

무료 인증서로도 해결됩니다.

이 외에 휴대폰에서 전화번호를 눌러도 연결되지 않는 점도 함께 확인해 보시면 좋겠습니다.

관리 업체에 그대로 전달하시면 됩니다. 제게 회신하지 않으셔도 괜찮습니다.

웅쓰컴퍼니 / woongs.official@gmail.com",,,
2,4,A,아이앤지성형외과의원,서울,강남구,http://www.ingps.co.kr/,02-557-7004,HTTPS 미설정(http로만 접속) / tel: 링크 없음 — 휴대폰에서 전화 연결 안 됨 / 모바일 가로스크롤 발생 / 개인정보처리방침 없음,"안녕하세요. 환자 문의가 아니라, 홈페이지 관련해 알려드릴 것이 있어 남깁니다.

아이앤지성형외과의원 홈페이지에 https:// 로 접속하면 보안 인증서 오류로 경고 화면이 뜨고, http:// 로만 정상 접속됩니다.

요즘 브라우저는 주소를 입력하면 https 부터 시도하기 때문에 환자분에 따라 경고 화면을 먼저 보게 됩니다. http 로 열려도 주소창에 ""안전하지 않음""이 표시됩니다.

무료 인증서로도 해결됩니다.

이 외에 휴대폰에서 전화번호를 눌러도 연결되지 않는 점도 함께 확인해 보시면 좋겠습니다.

관리 업체에 그대로 전달하시면 됩니다. 제게 회신하지 않으셔도 괜찮습니다.

웅쓰컴퍼니 / woongs.official@gmail.com",,,
2,4,B,아이탑성형외과의원,서울,강남구,http://www.eyetop.co.kr/,02-555-3555,tel: 링크 없음 — 휴대폰에서 전화 연결 안 됨 / 모바일 가로스크롤 발생 / 개인정보처리방침 없음 / 푸터 카피라이트 2020 — 방치 인상,"안녕하세요. 환자 문의가 아니라, 홈페이지 관련해 알려드릴 것이 있어 남깁니다.

아이탑성형외과의원 홈페이지의 전화번호가 눌러서 전화를 걸 수 있는 형태가 아니라 글자로만 표시되어 있습니다.

휴대폰으로 보시는 분이 번호를 눌러도 아무 일이 일어나지 않아, 번호를 따로 옮겨 적어 전화 앱에 입력해야 합니다. 진료 문의가 대부분 전화로 들어오는 만큼 이 단계에서 이탈이 생깁니다.

간단한 수정으로 해결됩니다.

이 외에 휴대폰에서 화면이 좌우로 밀리는 점도 함께 확인해 보시면 좋겠습니다.

관리 업체에 그대로 전달하시면 됩니다. 제게 회신하지 않으셔도 괜찮습니다.

웅쓰컴퍼니 / woongs.official@gmail.com",,,
2,4,A,앤플러스의원,서울,강남구,http://www.nplusclinic.com/,511-6300,HTTPS 미설정(http로만 접속) / tel: 링크 없음 — 휴대폰에서 전화 연결 안 됨 / 모바일 가로스크롤 발생 / 푸터 카피라이트 2019 — 방치 인상,"안녕하세요. 환자 문의가 아니라, 홈페이지 관련해 알려드릴 것이 있어 남깁니다.

앤플러스의원 홈페이지에 https:// 로 접속하면 보안 인증서 오류로 경고 화면이 뜨고, http:// 로만 정상 접속됩니다.

요즘 브라우저는 주소를 입력하면 https 부터 시도하기 때문에 환자분에 따라 경고 화면을 먼저 보게 됩니다. http 로 열려도 주소창에 ""안전하지 않음""이 표시됩니다.

무료 인증서로도 해결됩니다.

이 외에 휴대폰에서 전화번호를 눌러도 연결되지 않는 점도 함께 확인해 보시면 좋겠습니다.

관리 업체에 그대로 전달하시면 됩니다. 제게 회신하지 않으셔도 괜찮습니다.

웅쓰컴퍼니 / woongs.official@gmail.com",,,
2,4,A,에스디피부과의원,서울,강남구,http://www.sdderm.co.kr/,02-549-7574,HTTPS 미설정(http로만 접속) / tel: 링크 없음 — 휴대폰에서 전화 연결 안 됨 / 개인정보처리방침 없음 / 푸터 카피라이트 2009 — 방치 인상,"안녕하세요. 환자 문의가 아니라, 홈페이지 관련해 알려드릴 것이 있어 남깁니다.

에스디피부과의원 홈페이지에 https:// 로 접속하면 보안 인증서 오류로 경고 화면이 뜨고, http:// 로만 정상 접속됩니다.

요즘 브라우저는 주소를 입력하면 https 부터 시도하기 때문에 환자분에 따라 경고 화면을 먼저 보게 됩니다. http 로 열려도 주소창에 ""안전하지 않음""이 표시됩니다.

무료 인증서로도 해결됩니다.

이 외에 휴대폰에서 전화번호를 눌러도 연결되지 않는 점도 함께 확인해 보시면 좋겠습니다.

관리 업체에 그대로 전달하시면 됩니다. 제게 회신하지 않으셔도 괜찮습니다.

웅쓰컴퍼니 / woongs.official@gmail.com",,,
2,4,A,오로라의원,서울,강남구,http://www.auroraclinic.co.kr/,1577-2968,HTTPS 미설정(http로만 접속) / tel: 링크 없음 — 휴대폰에서 전화 연결 안 됨 / 모바일 가로스크롤 발생 / 푸터 카피라이트 2022 — 방치 인상,"안녕하세요. 환자 문의가 아니라, 홈페이지 관련해 알려드릴 것이 있어 남깁니다.

오로라의원 홈페이지에 https:// 로 접속하면 보안 인증서 오류로 경고 화면이 뜨고, http:// 로만 정상 접속됩니다.

요즘 브라우저는 주소를 입력하면 https 부터 시도하기 때문에 환자분에 따라 경고 화면을 먼저 보게 됩니다. http 로 열려도 주소창에 ""안전하지 않음""이 표시됩니다.

무료 인증서로도 해결됩니다.

이 외에 휴대폰에서 전화번호를 눌러도 연결되지 않는 점도 함께 확인해 보시면 좋겠습니다.

관리 업체에 그대로 전달하시면 됩니다. 제게 회신하지 않으셔도 괜찮습니다.

웅쓰컴퍼니 / woongs.official@gmail.com",,,
2,4,B,클린업피부과의원,서울,강남구,http://www.upskin.co.kr/,512-7582,tel: 링크 없음 — 휴대폰에서 전화 연결 안 됨 / 모바일 가로스크롤 발생 / 개인정보처리방침 없음 / 푸터 카피라이트 2020 — 방치 인상,"안녕하세요. 환자 문의가 아니라, 홈페이지 관련해 알려드릴 것이 있어 남깁니다.

클린업피부과의원 홈페이지의 전화번호가 눌러서 전화를 걸 수 있는 형태가 아니라 글자로만 표시되어 있습니다.

휴대폰으로 보시는 분이 번호를 눌러도 아무 일이 일어나지 않아, 번호를 따로 옮겨 적어 전화 앱에 입력해야 합니다. 진료 문의가 대부분 전화로 들어오는 만큼 이 단계에서 이탈이 생깁니다.

간단한 수정으로 해결됩니다.

이 외에 휴대폰에서 화면이 좌우로 밀리는 점도 함께 확인해 보시면 좋겠습니다.

관리 업체에 그대로 전달하시면 됩니다. 제게 회신하지 않으셔도 괜찮습니다.

웅쓰컴퍼니 / woongs.official@gmail.com",,,
2,4,B,탱글성형외과의원,서울,강남구,https://www.tanggleps.com/,02-542-8427,tel: 링크 없음 — 휴대폰에서 전화 연결 안 됨 / viewport 없음 — 모바일 미대응 / 개인정보처리방침 없음 / 푸터 카피라이트 2022 — 방치 인상,"안녕하세요. 환자 문의가 아니라, 홈페이지 관련해 알려드릴 것이 있어 남깁니다.

탱글성형외과의원 홈페이지의 전화번호가 눌러서 전화를 걸 수 있는 형태가 아니라 글자로만 표시되어 있습니다.

휴대폰으로 보시는 분이 번호를 눌러도 아무 일이 일어나지 않아, 번호를 따로 옮겨 적어 전화 앱에 입력해야 합니다. 진료 문의가 대부분 전화로 들어오는 만큼 이 단계에서 이탈이 생깁니다.

간단한 수정으로 해결됩니다.

이 외에 휴대폰 화면에 맞춰지지 않는 점도 함께 확인해 보시면 좋겠습니다.

관리 업체에 그대로 전달하시면 됩니다. 제게 회신하지 않으셔도 괜찮습니다.

웅쓰컴퍼니 / woongs.official@gmail.com",,,
2,4,A,한희피부과의원,서울,강남구,http://www.hanhui.co.kr/,02-501-0210,HTTPS 미설정(http로만 접속) / tel: 링크 없음 — 휴대폰에서 전화 연결 안 됨 / viewport 없음 — 모바일 미대응 / 개인정보처리방침 없음,"안녕하세요. 환자 문의가 아니라, 홈페이지 관련해 알려드릴 것이 있어 남깁니다.

한희피부과의원 홈페이지에 https:// 로 접속하면 보안 인증서 오류로 경고 화면이 뜨고, http:// 로만 정상 접속됩니다.

요즘 브라우저는 주소를 입력하면 https 부터 시도하기 때문에 환자분에 따라 경고 화면을 먼저 보게 됩니다. http 로 열려도 주소창에 ""안전하지 않음""이 표시됩니다.

무료 인증서로도 해결됩니다.

이 외에 휴대폰에서 전화번호를 눌러도 연결되지 않는 점도 함께 확인해 보시면 좋겠습니다.

관리 업체에 그대로 전달하시면 됩니다. 제게 회신하지 않으셔도 괜찮습니다.

웅쓰컴퍼니 / woongs.official@gmail.com",,,
2,4,A,리앤안의원,서울,강동구,http://www.leeahnclinic.co.kr/,02-482-6622,HTTPS 미설정(http로만 접속) / tel: 링크 없음 — 휴대폰에서 전화 연결 안 됨 / viewport 없음 — 모바일 미대응 / 푸터 카피라이트 2019 — 방치 인상,"안녕하세요. 환자 문의가 아니라, 홈페이지 관련해 알려드릴 것이 있어 남깁니다.

리앤안의원 홈페이지에 https:// 로 접속하면 보안 인증서 오류로 경고 화면이 뜨고, http:// 로만 정상 접속됩니다.

요즘 브라우저는 주소를 입력하면 https 부터 시도하기 때문에 환자분에 따라 경고 화면을 먼저 보게 됩니다. http 로 열려도 주소창에 ""안전하지 않음""이 표시됩니다.

무료 인증서로도 해결됩니다.

이 외에 휴대폰에서 전화번호를 눌러도 연결되지 않는 점도 함께 확인해 보시면 좋겠습니다.

관리 업체에 그대로 전달하시면 됩니다. 제게 회신하지 않으셔도 괜찮습니다.

웅쓰컴퍼니 / woongs.official@gmail.com",,,
2,4,A,김의원,서울,관악구,http://dr-kiment.co.kr/,02-855-7541,HTTPS 미설정(http로만 접속) / tel: 링크 없음 — 휴대폰에서 전화 연결 안 됨 / 모바일 가로스크롤 발생 / 푸터 카피라이트 2016 — 방치 인상,"안녕하세요. 환자 문의가 아니라, 홈페이지 관련해 알려드릴 것이 있어 남깁니다.

김의원 홈페이지에 https:// 로 접속하면 보안 인증서 오류로 경고 화면이 뜨고, http:// 로만 정상 접속됩니다.

요즘 브라우저는 주소를 입력하면 https 부터 시도하기 때문에 환자분에 따라 경고 화면을 먼저 보게 됩니다. http 로 열려도 주소창에 ""안전하지 않음""이 표시됩니다.

무료 인증서로도 해결됩니다.

이 외에 휴대폰에서 전화번호를 눌러도 연결되지 않는 점도 함께 확인해 보시면 좋겠습니다.

관리 업체에 그대로 전달하시면 됩니다. 제게 회신하지 않으셔도 괜찮습니다.

웅쓰컴퍼니 / woongs.official@gmail.com",,,
2,4,A,라비아의원,서울,광진구,http://www.kd-lamarskin.com/,464-9500,HTTPS 미설정(http로만 접속) / tel: 링크 없음 — 휴대폰에서 전화 연결 안 됨 / viewport 없음 — 모바일 미대응 / 개인정보처리방침 없음,"안녕하세요. 환자 문의가 아니라, 홈페이지 관련해 알려드릴 것이 있어 남깁니다.

라비아의원 홈페이지에 https:// 로 접속하면 보안 인증서 오류로 경고 화면이 뜨고, http:// 로만 정상 접속됩니다.

요즘 브라우저는 주소를 입력하면 https 부터 시도하기 때문에 환자분에 따라 경고 화면을 먼저 보게 됩니다. http 로 열려도 주소창에 ""안전하지 않음""이 표시됩니다.

무료 인증서로도 해결됩니다.

이 외에 휴대폰에서 전화번호를 눌러도 연결되지 않는 점도 함께 확인해 보시면 좋겠습니다.

관리 업체에 그대로 전달하시면 됩니다. 제게 회신하지 않으셔도 괜찮습니다.

웅쓰컴퍼니 / woongs.official@gmail.com",,,
2,4,B,(재)이랜드재단 이랜드의원,서울,금천구,http://www.elandclinic.com/,2635-8668,tel: 링크 없음 — 휴대폰에서 전화 연결 안 됨 / viewport 없음 — 모바일 미대응 / 개인정보처리방침 없음 / 푸터 카피라이트 2011 — 방치 인상,"안녕하세요. 환자 문의가 아니라, 홈페이지 관련해 알려드릴 것이 있어 남깁니다.

(재)이랜드재단 이랜드의원 홈페이지의 전화번호가 눌러서 전화를 걸 수 있는 형태가 아니라 글자로만 표시되어 있습니다.

휴대폰으로 보시는 분이 번호를 눌러도 아무 일이 일어나지 않아, 번호를 따로 옮겨 적어 전화 앱에 입력해야 합니다. 진료 문의가 대부분 전화로 들어오는 만큼 이 단계에서 이탈이 생깁니다.

간단한 수정으로 해결됩니다.

이 외에 휴대폰 화면에 맞춰지지 않는 점도 함께 확인해 보시면 좋겠습니다.

관리 업체에 그대로 전달하시면 됩니다. 제게 회신하지 않으셔도 괜찮습니다.

웅쓰컴퍼니 / woongs.official@gmail.com",,,
2,4,A,닥터로피부과의원,서울,노원구,http://rhoskin.com/,02-937-0043,HTTPS 미설정(http로만 접속) / tel: 링크 없음 — 휴대폰에서 전화 연결 안 됨 / viewport 없음 — 모바일 미대응 / 개인정보처리방침 없음,"안녕하세요. 환자 문의가 아니라, 홈페이지 관련해 알려드릴 것이 있어 남깁니다.

닥터로피부과의원 홈페이지에 https:// 로 접속하면 보안 인증서 오류로 경고 화면이 뜨고, http:// 로만 정상 접속됩니다.

요즘 브라우저는 주소를 입력하면 https 부터 시도하기 때문에 환자분에 따라 경고 화면을 먼저 보게 됩니다. http 로 열려도 주소창에 ""안전하지 않음""이 표시됩니다.

무료 인증서로도 해결됩니다.

이 외에 휴대폰에서 전화번호를 눌러도 연결되지 않는 점도 함께 확인해 보시면 좋겠습니다.

관리 업체에 그대로 전달하시면 됩니다. 제게 회신하지 않으셔도 괜찮습니다.

웅쓰컴퍼니 / woongs.official@gmail.com",,,
2,4,A,미소앤유의원,서울,동작구,http://www.minuclinic.com/,02-523-3575,HTTPS 미설정(http로만 접속) / tel: 링크 없음 — 휴대폰에서 전화 연결 안 됨 / 모바일 가로스크롤 발생 / 개인정보처리방침 없음,"안녕하세요. 환자 문의가 아니라, 홈페이지 관련해 알려드릴 것이 있어 남깁니다.

미소앤유의원 홈페이지에 https:// 로 접속하면 보안 인증서 오류로 경고 화면이 뜨고, http:// 로만 정상 접속됩니다.

요즘 브라우저는 주소를 입력하면 https 부터 시도하기 때문에 환자분에 따라 경고 화면을 먼저 보게 됩니다. http 로 열려도 주소창에 ""안전하지 않음""이 표시됩니다.

무료 인증서로도 해결됩니다.

이 외에 휴대폰에서 전화번호를 눌러도 연결되지 않는 점도 함께 확인해 보시면 좋겠습니다.

관리 업체에 그대로 전달하시면 됩니다. 제게 회신하지 않으셔도 괜찮습니다.

웅쓰컴퍼니 / woongs.official@gmail.com",,,
2,4,A,코넬비뇨기과의원,서울,마포구,http://www.conel.co.kr/conel/guide/g03_8.htm,02-718-7575,HTTPS 미설정(http로만 접속) / tel: 링크 없음 — 휴대폰에서 전화 연결 안 됨 / viewport 없음 — 모바일 미대응 / 개인정보처리방침 없음,"안녕하세요. 환자 문의가 아니라, 홈페이지 관련해 알려드릴 것이 있어 남깁니다.

코넬비뇨기과의원 홈페이지에 https:// 로 접속하면 보안 인증서 오류로 경고 화면이 뜨고, http:// 로만 정상 접속됩니다.

요즘 브라우저는 주소를 입력하면 https 부터 시도하기 때문에 환자분에 따라 경고 화면을 먼저 보게 됩니다. http 로 열려도 주소창에 ""안전하지 않음""이 표시됩니다.

무료 인증서로도 해결됩니다.

이 외에 휴대폰에서 전화번호를 눌러도 연결되지 않는 점도 함께 확인해 보시면 좋겠습니다.

관리 업체에 그대로 전달하시면 됩니다. 제게 회신하지 않으셔도 괜찮습니다.

웅쓰컴퍼니 / woongs.official@gmail.com",,,
2,4,A,클린앤미피부과의원,서울,마포구,http://www.cleannmi.co.kr/,02-307-3375,HTTPS 미설정(http로만 접속) / tel: 링크 없음 — 휴대폰에서 전화 연결 안 됨 / viewport 없음 — 모바일 미대응 / 개인정보처리방침 없음,"안녕하세요. 환자 문의가 아니라, 홈페이지 관련해 알려드릴 것이 있어 남깁니다.

클린앤미피부과의원 홈페이지에 https:// 로 접속하면 보안 인증서 오류로 경고 화면이 뜨고, http:// 로만 정상 접속됩니다.

요즘 브라우저는 주소를 입력하면 https 부터 시도하기 때문에 환자분에 따라 경고 화면을 먼저 보게 됩니다. http 로 열려도 주소창에 ""안전하지 않음""이 표시됩니다.

무료 인증서로도 해결됩니다.

이 외에 휴대폰에서 전화번호를 눌러도 연결되지 않는 점도 함께 확인해 보시면 좋겠습니다.

관리 업체에 그대로 전달하시면 됩니다. 제게 회신하지 않으셔도 괜찮습니다.

웅쓰컴퍼니 / woongs.official@gmail.com",,,
2,4,A,라인피부과의원,서울,서초구,http://www.skinline.co.kr/,02-549-0043,HTTPS 미설정(http로만 접속) / tel: 링크 없음 — 휴대폰에서 전화 연결 안 됨 / viewport 없음 — 모바일 미대응 / 개인정보처리방침 없음,"안녕하세요. 환자 문의가 아니라, 홈페이지 관련해 알려드릴 것이 있어 남깁니다.

라인피부과의원 홈페이지에 https:// 로 접속하면 보안 인증서 오류로 경고 화면이 뜨고, http:// 로만 정상 접속됩니다.

요즘 브라우저는 주소를 입력하면 https 부터 시도하기 때문에 환자분에 따라 경고 화면을 먼저 보게 됩니다. http 로 열려도 주소창에 ""안전하지 않음""이 표시됩니다.

무료 인증서로도 해결됩니다.

이 외에 휴대폰에서 전화번호를 눌러도 연결되지 않는 점도 함께 확인해 보시면 좋겠습니다.

관리 업체에 그대로 전달하시면 됩니다. 제게 회신하지 않으셔도 괜찮습니다.

웅쓰컴퍼니 / woongs.official@gmail.com",,,
2,4,B,아우름의원,서울,서초구,http://www.aurumclinic.co.kr/,02-594-0080,tel: 링크 없음 — 휴대폰에서 전화 연결 안 됨 / viewport 없음 — 모바일 미대응 / 개인정보처리방침 없음 / 푸터 카피라이트 2014 — 방치 인상,"안녕하세요. 환자 문의가 아니라, 홈페이지 관련해 알려드릴 것이 있어 남깁니다.

아우름의원 홈페이지의 전화번호가 눌러서 전화를 걸 수 있는 형태가 아니라 글자로만 표시되어 있습니다.

휴대폰으로 보시는 분이 번호를 눌러도 아무 일이 일어나지 않아, 번호를 따로 옮겨 적어 전화 앱에 입력해야 합니다. 진료 문의가 대부분 전화로 들어오는 만큼 이 단계에서 이탈이 생깁니다.

간단한 수정으로 해결됩니다.

이 외에 휴대폰 화면에 맞춰지지 않는 점도 함께 확인해 보시면 좋겠습니다.

관리 업체에 그대로 전달하시면 됩니다. 제게 회신하지 않으셔도 괜찮습니다.

웅쓰컴퍼니 / woongs.official@gmail.com",,,
2,4,A,연세크라운비뇨의학과의원,서울,서초구,http://www.crownclinic.co.kr/,02-588-2119,HTTPS 미설정(http로만 접속) / tel: 링크 없음 — 휴대폰에서 전화 연결 안 됨 / viewport 없음 — 모바일 미대응 / 푸터 카피라이트 2021 — 방치 인상,"안녕하세요. 환자 문의가 아니라, 홈페이지 관련해 알려드릴 것이 있어 남깁니다.

연세크라운비뇨의학과의원 홈페이지에 https:// 로 접속하면 보안 인증서 오류로 경고 화면이 뜨고, http:// 로만 정상 접속됩니다.

요즘 브라우저는 주소를 입력하면 https 부터 시도하기 때문에 환자분에 따라 경고 화면을 먼저 보게 됩니다. http 로 열려도 주소창에 ""안전하지 않음""이 표시됩니다.

무료 인증서로도 해결됩니다.

이 외에 휴대폰에서 전화번호를 눌러도 연결되지 않는 점도 함께 확인해 보시면 좋겠습니다.

관리 업체에 그대로 전달하시면 됩니다. 제게 회신하지 않으셔도 괜찮습니다.

웅쓰컴퍼니 / woongs.official@gmail.com",,,
2,4,B,저스트성형외과의원,서울,서초구,http://justprs.com/,02-536-3700,tel: 링크 없음 — 휴대폰에서 전화 연결 안 됨 / viewport 없음 — 모바일 미대응 / 개인정보처리방침 없음 / 푸터 카피라이트 2022 — 방치 인상,"안녕하세요. 환자 문의가 아니라, 홈페이지 관련해 알려드릴 것이 있어 남깁니다.

저스트성형외과의원 홈페이지의 전화번호가 눌러서 전화를 걸 수 있는 형태가 아니라 글자로만 표시되어 있습니다.

휴대폰으로 보시는 분이 번호를 눌러도 아무 일이 일어나지 않아, 번호를 따로 옮겨 적어 전화 앱에 입력해야 합니다. 진료 문의가 대부분 전화로 들어오는 만큼 이 단계에서 이탈이 생깁니다.

간단한 수정으로 해결됩니다.

이 외에 휴대폰 화면에 맞춰지지 않는 점도 함께 확인해 보시면 좋겠습니다.

관리 업체에 그대로 전달하시면 됩니다. 제게 회신하지 않으셔도 괜찮습니다.

웅쓰컴퍼니 / woongs.official@gmail.com",,,
2,4,B,클린업피부과의원,서울,서초구,http://www.upskin.co.kr/,02-561-0007,tel: 링크 없음 — 휴대폰에서 전화 연결 안 됨 / 모바일 가로스크롤 발생 / 개인정보처리방침 없음 / 푸터 카피라이트 2020 — 방치 인상,"안녕하세요. 환자 문의가 아니라, 홈페이지 관련해 알려드릴 것이 있어 남깁니다.

클린업피부과의원 홈페이지의 전화번호가 눌러서 전화를 걸 수 있는 형태가 아니라 글자로만 표시되어 있습니다.

휴대폰으로 보시는 분이 번호를 눌러도 아무 일이 일어나지 않아, 번호를 따로 옮겨 적어 전화 앱에 입력해야 합니다. 진료 문의가 대부분 전화로 들어오는 만큼 이 단계에서 이탈이 생깁니다.

간단한 수정으로 해결됩니다.

이 외에 휴대폰에서 화면이 좌우로 밀리는 점도 함께 확인해 보시면 좋겠습니다.

관리 업체에 그대로 전달하시면 됩니다. 제게 회신하지 않으셔도 괜찮습니다.

웅쓰컴퍼니 / woongs.official@gmail.com",,,
2,4,A,플로체여성의원,서울,서초구,http://www.flocewoman.com/index.asp,02-514-1454,HTTPS 미설정(http로만 접속) / tel: 링크 없음 — 휴대폰에서 전화 연결 안 됨 / 모바일 가로스크롤 발생 / 푸터 카피라이트 2007 — 방치 인상,"안녕하세요. 환자 문의가 아니라, 홈페이지 관련해 알려드릴 것이 있어 남깁니다.

플로체여성의원 홈페이지에 https:// 로 접속하면 보안 인증서 오류로 경고 화면이 뜨고, http:// 로만 정상 접속됩니다.

요즘 브라우저는 주소를 입력하면 https 부터 시도하기 때문에 환자분에 따라 경고 화면을 먼저 보게 됩니다. http 로 열려도 주소창에 ""안전하지 않음""이 표시됩니다.

무료 인증서로도 해결됩니다.

이 외에 휴대폰에서 전화번호를 눌러도 연결되지 않는 점도 함께 확인해 보시면 좋겠습니다.

관리 업체에 그대로 전달하시면 됩니다. 제게 회신하지 않으셔도 괜찮습니다.

웅쓰컴퍼니 / woongs.official@gmail.com",,,
2,4,A,연세속편한의원,서울,성북구,http://www.ezsok.com/,02-967-3333,HTTPS 미설정(http로만 접속) / tel: 링크 없음 — 휴대폰에서 전화 연결 안 됨 / 모바일 가로스크롤 발생 / 개인정보처리방침 없음,"안녕하세요. 환자 문의가 아니라, 홈페이지 관련해 알려드릴 것이 있어 남깁니다.

연세속편한의원 홈페이지에 https:// 로 접속하면 보안 인증서 오류로 경고 화면이 뜨고, http:// 로만 정상 접속됩니다.

요즘 브라우저는 주소를 입력하면 https 부터 시도하기 때문에 환자분에 따라 경고 화면을 먼저 보게 됩니다. http 로 열려도 주소창에 ""안전하지 않음""이 표시됩니다.

무료 인증서로도 해결됩니다.

이 외에 휴대폰에서 전화번호를 눌러도 연결되지 않는 점도 함께 확인해 보시면 좋겠습니다.

관리 업체에 그대로 전달하시면 됩니다. 제게 회신하지 않으셔도 괜찮습니다.

웅쓰컴퍼니 / woongs.official@gmail.com",,,
2,4,A,사랑아이여성의원,서울,송파구,http://www.sarangi.co.kr/,02-419-7501,HTTPS 미설정(http로만 접속) / tel: 링크 없음 — 휴대폰에서 전화 연결 안 됨 / 모바일 가로스크롤 발생 / 푸터 카피라이트 2018 — 방치 인상,"안녕하세요. 환자 문의가 아니라, 홈페이지 관련해 알려드릴 것이 있어 남깁니다.

사랑아이여성의원 홈페이지에 https:// 로 접속하면 보안 인증서 오류로 경고 화면이 뜨고, http:// 로만 정상 접속됩니다.

요즘 브라우저는 주소를 입력하면 https 부터 시도하기 때문에 환자분에 따라 경고 화면을 먼저 보게 됩니다. http 로 열려도 주소창에 ""안전하지 않음""이 표시됩니다.

무료 인증서로도 해결됩니다.

이 외에 휴대폰에서 전화번호를 눌러도 연결되지 않는 점도 함께 확인해 보시면 좋겠습니다.

관리 업체에 그대로 전달하시면 됩니다. 제게 회신하지 않으셔도 괜찮습니다.

웅쓰컴퍼니 / woongs.official@gmail.com",,,
2,4,A,서아송피부과의원,서울,송파구,http://www.sasclinic.com/,02-425-3133,HTTPS 미설정(http로만 접속) / tel: 링크 없음 — 휴대폰에서 전화 연결 안 됨 / viewport 없음 — 모바일 미대응 / 푸터 카피라이트 2022 — 방치 인상,"안녕하세요. 환자 문의가 아니라, 홈페이지 관련해 알려드릴 것이 있어 남깁니다.

서아송피부과의원 홈페이지에 https:// 로 접속하면 보안 인증서 오류로 경고 화면이 뜨고, http:// 로만 정상 접속됩니다.

요즘 브라우저는 주소를 입력하면 https 부터 시도하기 때문에 환자분에 따라 경고 화면을 먼저 보게 됩니다. http 로 열려도 주소창에 ""안전하지 않음""이 표시됩니다.

무료 인증서로도 해결됩니다.

이 외에 휴대폰에서 전화번호를 눌러도 연결되지 않는 점도 함께 확인해 보시면 좋겠습니다.

관리 업체에 그대로 전달하시면 됩니다. 제게 회신하지 않으셔도 괜찮습니다.

웅쓰컴퍼니 / woongs.official@gmail.com",,,
2,4,A,서울삼성여성의원,서울,송파구,http://www.drkoo.co.kr/,02-2202-0230,HTTPS 미설정(http로만 접속) / tel: 링크 없음 — 휴대폰에서 전화 연결 안 됨 / 모바일 가로스크롤 발생 / 푸터 카피라이트 2020 — 방치 인상,"안녕하세요. 환자 문의가 아니라, 홈페이지 관련해 알려드릴 것이 있어 남깁니다.

서울삼성여성의원 홈페이지에 https:// 로 접속하면 보안 인증서 오류로 경고 화면이 뜨고, http:// 로만 정상 접속됩니다.

요즘 브라우저는 주소를 입력하면 https 부터 시도하기 때문에 환자분에 따라 경고 화면을 먼저 보게 됩니다. http 로 열려도 주소창에 ""안전하지 않음""이 표시됩니다.

무료 인증서로도 해결됩니다.

이 외에 휴대폰에서 전화번호를 눌러도 연결되지 않는 점도 함께 확인해 보시면 좋겠습니다.

관리 업체에 그대로 전달하시면 됩니다. 제게 회신하지 않으셔도 괜찮습니다.

웅쓰컴퍼니 / woongs.official@gmail.com",,,
2,4,A,클럽미즈라미체의원,서울,송파구,http://www.lamiche.co.kr/,02-422-9888,HTTPS 미설정(http로만 접속) / tel: 링크 없음 — 휴대폰에서 전화 연결 안 됨 / 모바일 가로스크롤 발생 / 푸터 카피라이트 2021 — 방치 인상,"안녕하세요. 환자 문의가 아니라, 홈페이지 관련해 알려드릴 것이 있어 남깁니다.

클럽미즈라미체의원 홈페이지에 https:// 로 접속하면 보안 인증서 오류로 경고 화면이 뜨고, http:// 로만 정상 접속됩니다.

요즘 브라우저는 주소를 입력하면 https 부터 시도하기 때문에 환자분에 따라 경고 화면을 먼저 보게 됩니다. http 로 열려도 주소창에 ""안전하지 않음""이 표시됩니다.

무료 인증서로도 해결됩니다.

이 외에 휴대폰에서 전화번호를 눌러도 연결되지 않는 점도 함께 확인해 보시면 좋겠습니다.

관리 업체에 그대로 전달하시면 됩니다. 제게 회신하지 않으셔도 괜찮습니다.

웅쓰컴퍼니 / woongs.official@gmail.com",,,
2,4,A,다미산부인과의원,서울,영등포구,http://www.damiwoman.com/,761-3072,HTTPS 미설정(http로만 접속) / tel: 링크 없음 — 휴대폰에서 전화 연결 안 됨 / viewport 없음 — 모바일 미대응 / 푸터 카피라이트 2016 — 방치 인상,"안녕하세요. 환자 문의가 아니라, 홈페이지 관련해 알려드릴 것이 있어 남깁니다.

다미산부인과의원 홈페이지에 https:// 로 접속하면 보안 인증서 오류로 경고 화면이 뜨고, http:// 로만 정상 접속됩니다.

요즘 브라우저는 주소를 입력하면 https 부터 시도하기 때문에 환자분에 따라 경고 화면을 먼저 보게 됩니다. http 로 열려도 주소창에 ""안전하지 않음""이 표시됩니다.

무료 인증서로도 해결됩니다.

이 외에 휴대폰에서 전화번호를 눌러도 연결되지 않는 점도 함께 확인해 보시면 좋겠습니다.

관리 업체에 그대로 전달하시면 됩니다. 제게 회신하지 않으셔도 괜찮습니다.

웅쓰컴퍼니 / woongs.official@gmail.com",,,
2,4,A,마이디피부과의원,서울,은평구,http://www.mydskin.co.kr/,02-355-5533,HTTPS 미설정(http로만 접속) / tel: 링크 없음 — 휴대폰에서 전화 연결 안 됨 / 모바일 가로스크롤 발생 / 개인정보처리방침 없음,"안녕하세요. 환자 문의가 아니라, 홈페이지 관련해 알려드릴 것이 있어 남깁니다.

마이디피부과의원 홈페이지에 https:// 로 접속하면 보안 인증서 오류로 경고 화면이 뜨고, http:// 로만 정상 접속됩니다.

요즘 브라우저는 주소를 입력하면 https 부터 시도하기 때문에 환자분에 따라 경고 화면을 먼저 보게 됩니다. http 로 열려도 주소창에 ""안전하지 않음""이 표시됩니다.

무료 인증서로도 해결됩니다.

이 외에 휴대폰에서 전화번호를 눌러도 연결되지 않는 점도 함께 확인해 보시면 좋겠습니다.

관리 업체에 그대로 전달하시면 됩니다. 제게 회신하지 않으셔도 괜찮습니다.

웅쓰컴퍼니 / woongs.official@gmail.com",,,
2,4,A,비앤비의원,서울,종로구,http://www.bnbclinic.co.kr/,02-762-7588,HTTPS 미설정(http로만 접속) / tel: 링크 없음 — 휴대폰에서 전화 연결 안 됨 / 모바일 가로스크롤 발생 / 푸터 카피라이트 2013 — 방치 인상,"안녕하세요. 환자 문의가 아니라, 홈페이지 관련해 알려드릴 것이 있어 남깁니다.

비앤비의원 홈페이지에 https:// 로 접속하면 보안 인증서 오류로 경고 화면이 뜨고, http:// 로만 정상 접속됩니다.

요즘 브라우저는 주소를 입력하면 https 부터 시도하기 때문에 환자분에 따라 경고 화면을 먼저 보게 됩니다. http 로 열려도 주소창에 ""안전하지 않음""이 표시됩니다.

무료 인증서로도 해결됩니다.

이 외에 휴대폰에서 전화번호를 눌러도 연결되지 않는 점도 함께 확인해 보시면 좋겠습니다.

관리 업체에 그대로 전달하시면 됩니다. 제게 회신하지 않으셔도 괜찮습니다.

웅쓰컴퍼니 / woongs.official@gmail.com",,,
2,4,B,유앤영피부과의원,서울,중구,http://www.upskin.co.kr/index.php,02-318-7533,tel: 링크 없음 — 휴대폰에서 전화 연결 안 됨 / 모바일 가로스크롤 발생 / 개인정보처리방침 없음 / 푸터 카피라이트 2020 — 방치 인상,"안녕하세요. 환자 문의가 아니라, 홈페이지 관련해 알려드릴 것이 있어 남깁니다.

유앤영피부과의원 홈페이지의 전화번호가 눌러서 전화를 걸 수 있는 형태가 아니라 글자로만 표시되어 있습니다.

휴대폰으로 보시는 분이 번호를 눌러도 아무 일이 일어나지 않아, 번호를 따로 옮겨 적어 전화 앱에 입력해야 합니다. 진료 문의가 대부분 전화로 들어오는 만큼 이 단계에서 이탈이 생깁니다.

간단한 수정으로 해결됩니다.

이 외에 휴대폰에서 화면이 좌우로 밀리는 점도 함께 확인해 보시면 좋겠습니다.

관리 업체에 그대로 전달하시면 됩니다. 제게 회신하지 않으셔도 괜찮습니다.

웅쓰컴퍼니 / woongs.official@gmail.com",,,
3,3,A,스타필의원,경기,고양덕양구,http://www.starfeel.kr/,031-965-2255,HTTPS 미설정(http로만 접속) / tel: 링크 없음 — 휴대폰에서 전화 연결 안 됨 / 개인정보처리방침 없음,"안녕하세요. 환자 문의가 아니라, 홈페이지 관련해 알려드릴 것이 있어 남깁니다.

스타필의원 홈페이지에 https:// 로 접속하면 보안 인증서 오류로 경고 화면이 뜨고, http:// 로만 정상 접속됩니다.

요즘 브라우저는 주소를 입력하면 https 부터 시도하기 때문에 환자분에 따라 경고 화면을 먼저 보게 됩니다. http 로 열려도 주소창에 ""안전하지 않음""이 표시됩니다.

무료 인증서로도 해결됩니다.

이 외에 휴대폰에서 전화번호를 눌러도 연결되지 않는 점도 함께 확인해 보시면 좋겠습니다.

관리 업체에 그대로 전달하시면 됩니다. 제게 회신하지 않으셔도 괜찮습니다.

웅쓰컴퍼니 / woongs.official@gmail.com",,,
3,3,A,강의원,경기,고양일산동구,http://www.drkang4u.com/,031-919-2568,HTTPS 미설정(http로만 접속) / 개인정보처리방침 없음 / 푸터 카피라이트 2019 — 방치 인상,"안녕하세요. 환자 문의가 아니라, 홈페이지 관련해 알려드릴 것이 있어 남깁니다.

강의원 홈페이지에 https:// 로 접속하면 보안 인증서 오류로 경고 화면이 뜨고, http:// 로만 정상 접속됩니다.

요즘 브라우저는 주소를 입력하면 https 부터 시도하기 때문에 환자분에 따라 경고 화면을 먼저 보게 됩니다. http 로 열려도 주소창에 ""안전하지 않음""이 표시됩니다.

무료 인증서로도 해결됩니다.

이 외에 개인정보처리방침 페이지가 없는 점도 함께 확인해 보시면 좋겠습니다.

관리 업체에 그대로 전달하시면 됩니다. 제게 회신하지 않으셔도 괜찮습니다.

웅쓰컴퍼니 / woongs.official@gmail.com",,,
3,3,A,한사랑피부과의원,경기,고양일산서구,http://www.pibucenter.co.kr/,031-918-3290,HTTPS 미설정(http로만 접속) / tel: 링크 없음 — 휴대폰에서 전화 연결 안 됨 / viewport 없음 — 모바일 미대응,"안녕하세요. 환자 문의가 아니라, 홈페이지 관련해 알려드릴 것이 있어 남깁니다.

한사랑피부과의원 홈페이지에 https:// 로 접속하면 보안 인증서 오류로 경고 화면이 뜨고, http:// 로만 정상 접속됩니다.

요즘 브라우저는 주소를 입력하면 https 부터 시도하기 때문에 환자분에 따라 경고 화면을 먼저 보게 됩니다. http 로 열려도 주소창에 ""안전하지 않음""이 표시됩니다.

무료 인증서로도 해결됩니다.

이 외에 휴대폰에서 전화번호를 눌러도 연결되지 않는 점도 함께 확인해 보시면 좋겠습니다.

관리 업체에 그대로 전달하시면 됩니다. 제게 회신하지 않으셔도 괜찮습니다.

웅쓰컴퍼니 / woongs.official@gmail.com",,,
3,3,A,새하얀 피부과의원,경기,광명시,http://www.whitskin.com/index.php,02-2684-2552,HTTPS 미설정(http로만 접속) / tel: 링크 없음 — 휴대폰에서 전화 연결 안 됨 / 모바일 가로스크롤 발생,"안녕하세요. 환자 문의가 아니라, 홈페이지 관련해 알려드릴 것이 있어 남깁니다.

새하얀 피부과의원 홈페이지에 https:// 로 접속하면 보안 인증서 오류로 경고 화면이 뜨고, http:// 로만 정상 접속됩니다.

요즘 브라우저는 주소를 입력하면 https 부터 시도하기 때문에 환자분에 따라 경고 화면을 먼저 보게 됩니다. http 로 열려도 주소창에 ""안전하지 않음""이 표시됩니다.

무료 인증서로도 해결됩니다.

이 외에 휴대폰에서 전화번호를 눌러도 연결되지 않는 점도 함께 확인해 보시면 좋겠습니다.

관리 업체에 그대로 전달하시면 됩니다. 제게 회신하지 않으셔도 괜찮습니다.

웅쓰컴퍼니 / woongs.official@gmail.com",,,
3,3,A,코코이비인후과의원,경기,광명시,http://www.cocoent.com/,02-2611-0790,HTTPS 미설정(http로만 접속) / tel: 링크 없음 — 휴대폰에서 전화 연결 안 됨 / viewport 없음 — 모바일 미대응,"안녕하세요. 환자 문의가 아니라, 홈페이지 관련해 알려드릴 것이 있어 남깁니다.

코코이비인후과의원 홈페이지에 https:// 로 접속하면 보안 인증서 오류로 경고 화면이 뜨고, http:// 로만 정상 접속됩니다.

요즘 브라우저는 주소를 입력하면 https 부터 시도하기 때문에 환자분에 따라 경고 화면을 먼저 보게 됩니다. http 로 열려도 주소창에 ""안전하지 않음""이 표시됩니다.

무료 인증서로도 해결됩니다.

이 외에 휴대폰에서 전화번호를 눌러도 연결되지 않는 점도 함께 확인해 보시면 좋겠습니다.

관리 업체에 그대로 전달하시면 됩니다. 제게 회신하지 않으셔도 괜찮습니다.

웅쓰컴퍼니 / woongs.official@gmail.com",,,
3,3,B,블리비의원,경기,김포시,http://www.velyb.kr/,1833-7886,tel: 링크 없음 — 휴대폰에서 전화 연결 안 됨 / 모바일 가로스크롤 발생 / 푸터 카피라이트 2018 — 방치 인상,"안녕하세요. 환자 문의가 아니라, 홈페이지 관련해 알려드릴 것이 있어 남깁니다.

블리비의원 홈페이지의 전화번호가 눌러서 전화를 걸 수 있는 형태가 아니라 글자로만 표시되어 있습니다.

휴대폰으로 보시는 분이 번호를 눌러도 아무 일이 일어나지 않아, 번호를 따로 옮겨 적어 전화 앱에 입력해야 합니다. 진료 문의가 대부분 전화로 들어오는 만큼 이 단계에서 이탈이 생깁니다.

간단한 수정으로 해결됩니다.

이 외에 휴대폰에서 화면이 좌우로 밀리는 점도 함께 확인해 보시면 좋겠습니다.

관리 업체에 그대로 전달하시면 됩니다. 제게 회신하지 않으셔도 괜찮습니다.

웅쓰컴퍼니 / woongs.official@gmail.com",,,
3,3,B,해성산부인과의원,경기,동두천시,http://www.hsclinic.net/,031-868-0868,tel: 링크 없음 — 휴대폰에서 전화 연결 안 됨 / viewport 없음 — 모바일 미대응 / 푸터 카피라이트 2017 — 방치 인상,"안녕하세요. 환자 문의가 아니라, 홈페이지 관련해 알려드릴 것이 있어 남깁니다.

해성산부인과의원 홈페이지의 전화번호가 눌러서 전화를 걸 수 있는 형태가 아니라 글자로만 표시되어 있습니다.

휴대폰으로 보시는 분이 번호를 눌러도 아무 일이 일어나지 않아, 번호를 따로 옮겨 적어 전화 앱에 입력해야 합니다. 진료 문의가 대부분 전화로 들어오는 만큼 이 단계에서 이탈이 생깁니다.

간단한 수정으로 해결됩니다.

이 외에 휴대폰 화면에 맞춰지지 않는 점도 함께 확인해 보시면 좋겠습니다.

관리 업체에 그대로 전달하시면 됩니다. 제게 회신하지 않으셔도 괜찮습니다.

웅쓰컴퍼니 / woongs.official@gmail.com",,,
3,3,A,탑비뇨기과의원,경기,부천원미구,http://www.top75.co.kr/,032-324-9696,HTTPS 미설정(http로만 접속) / tel: 링크 없음 — 휴대폰에서 전화 연결 안 됨 / 모바일 가로스크롤 발생,"안녕하세요. 환자 문의가 아니라, 홈페이지 관련해 알려드릴 것이 있어 남깁니다.

탑비뇨기과의원 홈페이지에 https:// 로 접속하면 보안 인증서 오류로 경고 화면이 뜨고, http:// 로만 정상 접속됩니다.

요즘 브라우저는 주소를 입력하면 https 부터 시도하기 때문에 환자분에 따라 경고 화면을 먼저 보게 됩니다. http 로 열려도 주소창에 ""안전하지 않음""이 표시됩니다.

무료 인증서로도 해결됩니다.

이 외에 휴대폰에서 전화번호를 눌러도 연결되지 않는 점도 함께 확인해 보시면 좋겠습니다.

관리 업체에 그대로 전달하시면 됩니다. 제게 회신하지 않으셔도 괜찮습니다.

웅쓰컴퍼니 / woongs.official@gmail.com",,,
3,3,A,베스탑비뇨기과의원,경기,성남분당구,http://www.bestopclinic.com/,031-782-4333,HTTPS 미설정(http로만 접속) / 모바일 가로스크롤 발생 / 푸터 카피라이트 2019 — 방치 인상,"안녕하세요. 환자 문의가 아니라, 홈페이지 관련해 알려드릴 것이 있어 남깁니다.

베스탑비뇨기과의원 홈페이지에 https:// 로 접속하면 보안 인증서 오류로 경고 화면이 뜨고, http:// 로만 정상 접속됩니다.

요즘 브라우저는 주소를 입력하면 https 부터 시도하기 때문에 환자분에 따라 경고 화면을 먼저 보게 됩니다. http 로 열려도 주소창에 ""안전하지 않음""이 표시됩니다.

무료 인증서로도 해결됩니다.

이 외에 휴대폰에서 화면이 좌우로 밀리는 점도 함께 확인해 보시면 좋겠습니다.

관리 업체에 그대로 전달하시면 됩니다. 제게 회신하지 않으셔도 괜찮습니다.

웅쓰컴퍼니 / woongs.official@gmail.com",,,
3,3,B,분당예쁨주의쁨의원,경기,성남분당구,https://www.ppeum10.com/new/main/main.php?,031-703-3010,tel: 링크 없음 — 휴대폰에서 전화 연결 안 됨 / 모바일 가로스크롤 발생 / 푸터 카피라이트 2018 — 방치 인상,"안녕하세요. 환자 문의가 아니라, 홈페이지 관련해 알려드릴 것이 있어 남깁니다.

분당예쁨주의쁨의원 홈페이지의 전화번호가 눌러서 전화를 걸 수 있는 형태가 아니라 글자로만 표시되어 있습니다.

휴대폰으로 보시는 분이 번호를 눌러도 아무 일이 일어나지 않아, 번호를 따로 옮겨 적어 전화 앱에 입력해야 합니다. 진료 문의가 대부분 전화로 들어오는 만큼 이 단계에서 이탈이 생깁니다.

간단한 수정으로 해결됩니다.

이 외에 휴대폰에서 화면이 좌우로 밀리는 점도 함께 확인해 보시면 좋겠습니다.

관리 업체에 그대로 전달하시면 됩니다. 제게 회신하지 않으셔도 괜찮습니다.

웅쓰컴퍼니 / woongs.official@gmail.com",,,
3,3,A,비타민의원,경기,성남분당구,http://www.vitaminclinic.kr/,031-8017-0281,HTTPS 미설정(http로만 접속) / tel: 링크 없음 — 휴대폰에서 전화 연결 안 됨 / 모바일 가로스크롤 발생,"안녕하세요. 환자 문의가 아니라, 홈페이지 관련해 알려드릴 것이 있어 남깁니다.

비타민의원 홈페이지에 https:// 로 접속하면 보안 인증서 오류로 경고 화면이 뜨고, http:// 로만 정상 접속됩니다.

요즘 브라우저는 주소를 입력하면 https 부터 시도하기 때문에 환자분에 따라 경고 화면을 먼저 보게 됩니다. http 로 열려도 주소창에 ""안전하지 않음""이 표시됩니다.

무료 인증서로도 해결됩니다.

이 외에 휴대폰에서 전화번호를 눌러도 연결되지 않는 점도 함께 확인해 보시면 좋겠습니다.

관리 업체에 그대로 전달하시면 됩니다. 제게 회신하지 않으셔도 괜찮습니다.

웅쓰컴퍼니 / woongs.official@gmail.com",,,
3,3,A,연세두리소아청소년과의원,경기,성남분당구,http://www.ysdoory.com/,031-714-5775,HTTPS 미설정(http로만 접속) / tel: 링크 없음 — 휴대폰에서 전화 연결 안 됨 / viewport 없음 — 모바일 미대응,"안녕하세요. 환자 문의가 아니라, 홈페이지 관련해 알려드릴 것이 있어 남깁니다.

연세두리소아청소년과의원 홈페이지에 https:// 로 접속하면 보안 인증서 오류로 경고 화면이 뜨고, http:// 로만 정상 접속됩니다.

요즘 브라우저는 주소를 입력하면 https 부터 시도하기 때문에 환자분에 따라 경고 화면을 먼저 보게 됩니다. http 로 열려도 주소창에 ""안전하지 않음""이 표시됩니다.

무료 인증서로도 해결됩니다.

이 외에 휴대폰에서 전화번호를 눌러도 연결되지 않는 점도 함께 확인해 보시면 좋겠습니다.

관리 업체에 그대로 전달하시면 됩니다. 제게 회신하지 않으셔도 괜찮습니다.

웅쓰컴퍼니 / woongs.official@gmail.com",,,
3,3,A,연세피부사랑의원,경기,성남수정구,http://www.bodynskin.kr/,031-733-3433,HTTPS 미설정(http로만 접속) / tel: 링크 없음 — 휴대폰에서 전화 연결 안 됨 / viewport 없음 — 모바일 미대응,"안녕하세요. 환자 문의가 아니라, 홈페이지 관련해 알려드릴 것이 있어 남깁니다.

연세피부사랑의원 홈페이지에 https:// 로 접속하면 보안 인증서 오류로 경고 화면이 뜨고, http:// 로만 정상 접속됩니다.

요즘 브라우저는 주소를 입력하면 https 부터 시도하기 때문에 환자분에 따라 경고 화면을 먼저 보게 됩니다. http 로 열려도 주소창에 ""안전하지 않음""이 표시됩니다.

무료 인증서로도 해결됩니다.

이 외에 휴대폰에서 전화번호를 눌러도 연결되지 않는 점도 함께 확인해 보시면 좋겠습니다.

관리 업체에 그대로 전달하시면 됩니다. 제게 회신하지 않으셔도 괜찮습니다.

웅쓰컴퍼니 / woongs.official@gmail.com",,,
3,3,A,엘에스정형외과의원,경기,성남중원구,http://www.lsclinic.co.kr/,031-740-9119,HTTPS 미설정(http로만 접속) / 모바일 가로스크롤 발생 / 푸터 카피라이트 2017 — 방치 인상,"안녕하세요. 환자 문의가 아니라, 홈페이지 관련해 알려드릴 것이 있어 남깁니다.

엘에스정형외과의원 홈페이지에 https:// 로 접속하면 보안 인증서 오류로 경고 화면이 뜨고, http:// 로만 정상 접속됩니다.

요즘 브라우저는 주소를 입력하면 https 부터 시도하기 때문에 환자분에 따라 경고 화면을 먼저 보게 됩니다. http 로 열려도 주소창에 ""안전하지 않음""이 표시됩니다.

무료 인증서로도 해결됩니다.

이 외에 휴대폰에서 화면이 좌우로 밀리는 점도 함께 확인해 보시면 좋겠습니다.

관리 업체에 그대로 전달하시면 됩니다. 제게 회신하지 않으셔도 괜찮습니다.

웅쓰컴퍼니 / woongs.official@gmail.com",,,
3,3,A,베스탑비뇨기과의원,경기,수원영통구,http://www.bestopclinic.com/,031-213-0035,HTTPS 미설정(http로만 접속) / 모바일 가로스크롤 발생 / 푸터 카피라이트 2019 — 방치 인상,"안녕하세요. 환자 문의가 아니라, 홈페이지 관련해 알려드릴 것이 있어 남깁니다.

베스탑비뇨기과의원 홈페이지에 https:// 로 접속하면 보안 인증서 오류로 경고 화면이 뜨고, http:// 로만 정상 접속됩니다.

요즘 브라우저는 주소를 입력하면 https 부터 시도하기 때문에 환자분에 따라 경고 화면을 먼저 보게 됩니다. http 로 열려도 주소창에 ""안전하지 않음""이 표시됩니다.

무료 인증서로도 해결됩니다.

이 외에 휴대폰에서 화면이 좌우로 밀리는 점도 함께 확인해 보시면 좋겠습니다.

관리 업체에 그대로 전달하시면 됩니다. 제게 회신하지 않으셔도 괜찮습니다.

웅쓰컴퍼니 / woongs.official@gmail.com",,,
3,3,A,강남신경과의원,경기,수원팔달구,http://kangnamclinic.kr/,031-251-3111,HTTPS 미설정(http로만 접속) / tel: 링크 없음 — 휴대폰에서 전화 연결 안 됨 / viewport 없음 — 모바일 미대응,"안녕하세요. 환자 문의가 아니라, 홈페이지 관련해 알려드릴 것이 있어 남깁니다.

강남신경과의원 홈페이지에 https:// 로 접속하면 보안 인증서 오류로 경고 화면이 뜨고, http:// 로만 정상 접속됩니다.

요즘 브라우저는 주소를 입력하면 https 부터 시도하기 때문에 환자분에 따라 경고 화면을 먼저 보게 됩니다. http 로 열려도 주소창에 ""안전하지 않음""이 표시됩니다.

무료 인증서로도 해결됩니다.

이 외에 휴대폰에서 전화번호를 눌러도 연결되지 않는 점도 함께 확인해 보시면 좋겠습니다.

관리 업체에 그대로 전달하시면 됩니다. 제게 회신하지 않으셔도 괜찮습니다.

웅쓰컴퍼니 / woongs.official@gmail.com",,,
3,3,A,조은내과의원,경기,시흥시,http://www.goodmedical.net/index.asp,031-434-9700,HTTPS 미설정(http로만 접속) / tel: 링크 없음 — 휴대폰에서 전화 연결 안 됨 / viewport 없음 — 모바일 미대응,"안녕하세요. 환자 문의가 아니라, 홈페이지 관련해 알려드릴 것이 있어 남깁니다.

조은내과의원 홈페이지에 https:// 로 접속하면 보안 인증서 오류로 경고 화면이 뜨고, http:// 로만 정상 접속됩니다.

요즘 브라우저는 주소를 입력하면 https 부터 시도하기 때문에 환자분에 따라 경고 화면을 먼저 보게 됩니다. http 로 열려도 주소창에 ""안전하지 않음""이 표시됩니다.

무료 인증서로도 해결됩니다.

이 외에 휴대폰에서 전화번호를 눌러도 연결되지 않는 점도 함께 확인해 보시면 좋겠습니다.

관리 업체에 그대로 전달하시면 됩니다. 제게 회신하지 않으셔도 괜찮습니다.

웅쓰컴퍼니 / woongs.official@gmail.com",,,
3,3,A,미드림의원,경기,안산단원구,http://www.mi-dream.co.kr/,031-410-5700,HTTPS 미설정(http로만 접속) / 모바일 가로스크롤 발생 / 푸터 카피라이트 2019 — 방치 인상,"안녕하세요. 환자 문의가 아니라, 홈페이지 관련해 알려드릴 것이 있어 남깁니다.

미드림의원 홈페이지에 https:// 로 접속하면 보안 인증서 오류로 경고 화면이 뜨고, http:// 로만 정상 접속됩니다.

요즘 브라우저는 주소를 입력하면 https 부터 시도하기 때문에 환자분에 따라 경고 화면을 먼저 보게 됩니다. http 로 열려도 주소창에 ""안전하지 않음""이 표시됩니다.

무료 인증서로도 해결됩니다.

이 외에 휴대폰에서 화면이 좌우로 밀리는 점도 함께 확인해 보시면 좋겠습니다.

관리 업체에 그대로 전달하시면 됩니다. 제게 회신하지 않으셔도 괜찮습니다.

웅쓰컴퍼니 / woongs.official@gmail.com",,,
3,3,B,리라의원,경기,안양동안구,https://www.liraclinic.co.kr/,031-360-7545,tel: 링크 없음 — 휴대폰에서 전화 연결 안 됨 / 모바일 가로스크롤 발생 / 개인정보처리방침 없음,"안녕하세요. 환자 문의가 아니라, 홈페이지 관련해 알려드릴 것이 있어 남깁니다.

리라의원 홈페이지의 전화번호가 눌러서 전화를 걸 수 있는 형태가 아니라 글자로만 표시되어 있습니다.

휴대폰으로 보시는 분이 번호를 눌러도 아무 일이 일어나지 않아, 번호를 따로 옮겨 적어 전화 앱에 입력해야 합니다. 진료 문의가 대부분 전화로 들어오는 만큼 이 단계에서 이탈이 생깁니다.

간단한 수정으로 해결됩니다.

이 외에 휴대폰에서 화면이 좌우로 밀리는 점도 함께 확인해 보시면 좋겠습니다.

관리 업체에 그대로 전달하시면 됩니다. 제게 회신하지 않으셔도 괜찮습니다.

웅쓰컴퍼니 / woongs.official@gmail.com",,,
3,3,A,강남성형외과의원,경기,오산시,http://www.osknps.co.kr/,031-377-7575,HTTPS 미설정(http로만 접속) / tel: 링크 없음 — 휴대폰에서 전화 연결 안 됨 / 푸터 카피라이트 2014 — 방치 인상,"안녕하세요. 환자 문의가 아니라, 홈페이지 관련해 알려드릴 것이 있어 남깁니다.

강남성형외과의원 홈페이지에 https:// 로 접속하면 보안 인증서 오류로 경고 화면이 뜨고, http:// 로만 정상 접속됩니다.

요즘 브라우저는 주소를 입력하면 https 부터 시도하기 때문에 환자분에 따라 경고 화면을 먼저 보게 됩니다. http 로 열려도 주소창에 ""안전하지 않음""이 표시됩니다.

무료 인증서로도 해결됩니다.

이 외에 휴대폰에서 전화번호를 눌러도 연결되지 않는 점도 함께 확인해 보시면 좋겠습니다.

관리 업체에 그대로 전달하시면 됩니다. 제게 회신하지 않으셔도 괜찮습니다.

웅쓰컴퍼니 / woongs.official@gmail.com",,,
3,3,A,나음내과의원,경기,의정부시,http://naumclinic.kr/,031-928-5628,HTTPS 미설정(http로만 접속) / tel: 링크 없음 — 휴대폰에서 전화 연결 안 됨 / viewport 없음 — 모바일 미대응,"안녕하세요. 환자 문의가 아니라, 홈페이지 관련해 알려드릴 것이 있어 남깁니다.

나음내과의원 홈페이지에 https:// 로 접속하면 보안 인증서 오류로 경고 화면이 뜨고, http:// 로만 정상 접속됩니다.

요즘 브라우저는 주소를 입력하면 https 부터 시도하기 때문에 환자분에 따라 경고 화면을 먼저 보게 됩니다. http 로 열려도 주소창에 ""안전하지 않음""이 표시됩니다.

무료 인증서로도 해결됩니다.

이 외에 휴대폰에서 전화번호를 눌러도 연결되지 않는 점도 함께 확인해 보시면 좋겠습니다.

관리 업체에 그대로 전달하시면 됩니다. 제게 회신하지 않으셔도 괜찮습니다.

웅쓰컴퍼니 / woongs.official@gmail.com",,,
3,3,B,강남조은눈안과의원,서울,강남구,http://www.visionclinic.co.kr/,02-535-8001,tel: 링크 없음 — 휴대폰에서 전화 연결 안 됨 / 모바일 가로스크롤 발생 / 푸터 카피라이트 2021 — 방치 인상,"안녕하세요. 환자 문의가 아니라, 홈페이지 관련해 알려드릴 것이 있어 남깁니다.

강남조은눈안과의원 홈페이지의 전화번호가 눌러서 전화를 걸 수 있는 형태가 아니라 글자로만 표시되어 있습니다.

휴대폰으로 보시는 분이 번호를 눌러도 아무 일이 일어나지 않아, 번호를 따로 옮겨 적어 전화 앱에 입력해야 합니다. 진료 문의가 대부분 전화로 들어오는 만큼 이 단계에서 이탈이 생깁니다.

간단한 수정으로 해결됩니다.

이 외에 휴대폰에서 화면이 좌우로 밀리는 점도 함께 확인해 보시면 좋겠습니다.

관리 업체에 그대로 전달하시면 됩니다. 제게 회신하지 않으셔도 괜찮습니다.

웅쓰컴퍼니 / woongs.official@gmail.com",,,
3,3,B,닥터베이직의원,서울,강남구,http://www.drbasic.co.kr/,02-3448-0090,tel: 링크 없음 — 휴대폰에서 전화 연결 안 됨 / 모바일 가로스크롤 발생 / 푸터 카피라이트 2018 — 방치 인상,"안녕하세요. 환자 문의가 아니라, 홈페이지 관련해 알려드릴 것이 있어 남깁니다.

닥터베이직의원 홈페이지의 전화번호가 눌러서 전화를 걸 수 있는 형태가 아니라 글자로만 표시되어 있습니다.

휴대폰으로 보시는 분이 번호를 눌러도 아무 일이 일어나지 않아, 번호를 따로 옮겨 적어 전화 앱에 입력해야 합니다. 진료 문의가 대부분 전화로 들어오는 만큼 이 단계에서 이탈이 생깁니다.

간단한 수정으로 해결됩니다.

이 외에 휴대폰에서 화면이 좌우로 밀리는 점도 함께 확인해 보시면 좋겠습니다.

관리 업체에 그대로 전달하시면 됩니다. 제게 회신하지 않으셔도 괜찮습니다.

웅쓰컴퍼니 / woongs.official@gmail.com",,,
3,3,A,닥터웰니스의원,서울,강남구,http://www.drwellness.co.kr/,02-3447-3101,HTTPS 미설정(http로만 접속) / tel: 링크 없음 — 휴대폰에서 전화 연결 안 됨 / 모바일 가로스크롤 발생,"안녕하세요. 환자 문의가 아니라, 홈페이지 관련해 알려드릴 것이 있어 남깁니다.

닥터웰니스의원 홈페이지에 https:// 로 접속하면 보안 인증서 오류로 경고 화면이 뜨고, http:// 로만 정상 접속됩니다.

요즘 브라우저는 주소를 입력하면 https 부터 시도하기 때문에 환자분에 따라 경고 화면을 먼저 보게 됩니다. http 로 열려도 주소창에 ""안전하지 않음""이 표시됩니다.

무료 인증서로도 해결됩니다.

이 외에 휴대폰에서 전화번호를 눌러도 연결되지 않는 점도 함께 확인해 보시면 좋겠습니다.

관리 업체에 그대로 전달하시면 됩니다. 제게 회신하지 않으셔도 괜찮습니다.

웅쓰컴퍼니 / woongs.official@gmail.com",,,
3,3,B,더블유성형외과의원,서울,강남구,http://www.gangnamw.co.kr/,02-535-7433,tel: 링크 없음 — 휴대폰에서 전화 연결 안 됨 / 모바일 가로스크롤 발생 / 개인정보처리방침 없음,"안녕하세요. 환자 문의가 아니라, 홈페이지 관련해 알려드릴 것이 있어 남깁니다.

더블유성형외과의원 홈페이지의 전화번호가 눌러서 전화를 걸 수 있는 형태가 아니라 글자로만 표시되어 있습니다.

휴대폰으로 보시는 분이 번호를 눌러도 아무 일이 일어나지 않아, 번호를 따로 옮겨 적어 전화 앱에 입력해야 합니다. 진료 문의가 대부분 전화로 들어오는 만큼 이 단계에서 이탈이 생깁니다.

간단한 수정으로 해결됩니다.

이 외에 휴대폰에서 화면이 좌우로 밀리는 점도 함께 확인해 보시면 좋겠습니다.

관리 업체에 그대로 전달하시면 됩니다. 제게 회신하지 않으셔도 괜찮습니다.

웅쓰컴퍼니 / woongs.official@gmail.com",,,
3,3,A,리본성형외과의원,서울,강남구,http://www.rebornps.com/,02-543-3355,HTTPS 미설정(http로만 접속) / tel: 링크 없음 — 휴대폰에서 전화 연결 안 됨 / 모바일 가로스크롤 발생,"안녕하세요. 환자 문의가 아니라, 홈페이지 관련해 알려드릴 것이 있어 남깁니다.

리본성형외과의원 홈페이지에 https:// 로 접속하면 보안 인증서 오류로 경고 화면이 뜨고, http:// 로만 정상 접속됩니다.

요즘 브라우저는 주소를 입력하면 https 부터 시도하기 때문에 환자분에 따라 경고 화면을 먼저 보게 됩니다. http 로 열려도 주소창에 ""안전하지 않음""이 표시됩니다.

무료 인증서로도 해결됩니다.

이 외에 휴대폰에서 전화번호를 눌러도 연결되지 않는 점도 함께 확인해 보시면 좋겠습니다.

관리 업체에 그대로 전달하시면 됩니다. 제게 회신하지 않으셔도 괜찮습니다.

웅쓰컴퍼니 / woongs.official@gmail.com",,,
3,3,A,린의원,서울,강남구,http://www.lyhnclinic.com/,02-3448-3003,HTTPS 미설정(http로만 접속) / tel: 링크 없음 — 휴대폰에서 전화 연결 안 됨 / viewport 없음 — 모바일 미대응,"안녕하세요. 환자 문의가 아니라, 홈페이지 관련해 알려드릴 것이 있어 남깁니다.

린의원 홈페이지에 https:// 로 접속하면 보안 인증서 오류로 경고 화면이 뜨고, http:// 로만 정상 접속됩니다.

요즘 브라우저는 주소를 입력하면 https 부터 시도하기 때문에 환자분에 따라 경고 화면을 먼저 보게 됩니다. http 로 열려도 주소창에 ""안전하지 않음""이 표시됩니다.

무료 인증서로도 해결됩니다.

이 외에 휴대폰에서 전화번호를 눌러도 연결되지 않는 점도 함께 확인해 보시면 좋겠습니다.

관리 업체에 그대로 전달하시면 됩니다. 제게 회신하지 않으셔도 괜찮습니다.

웅쓰컴퍼니 / woongs.official@gmail.com",,,
3,3,A,미큐의원,서울,강남구,http://www.miqclinic.com/,313-4566,HTTPS 미설정(http로만 접속) / tel: 링크 없음 — 휴대폰에서 전화 연결 안 됨 / 모바일 가로스크롤 발생,"안녕하세요. 환자 문의가 아니라, 홈페이지 관련해 알려드릴 것이 있어 남깁니다.

미큐의원 홈페이지에 https:// 로 접속하면 보안 인증서 오류로 경고 화면이 뜨고, http:// 로만 정상 접속됩니다.

요즘 브라우저는 주소를 입력하면 https 부터 시도하기 때문에 환자분에 따라 경고 화면을 먼저 보게 됩니다. http 로 열려도 주소창에 ""안전하지 않음""이 표시됩니다.

무료 인증서로도 해결됩니다.

이 외에 휴대폰에서 전화번호를 눌러도 연결되지 않는 점도 함께 확인해 보시면 좋겠습니다.

관리 업체에 그대로 전달하시면 됩니다. 제게 회신하지 않으셔도 괜찮습니다.

웅쓰컴퍼니 / woongs.official@gmail.com",,,
3,3,B,바탕성형외과의원,서울,강남구,https://www.batangps.com/,02-517-5953,tel: 링크 없음 — 휴대폰에서 전화 연결 안 됨 / 모바일 가로스크롤 발생 / 푸터 카피라이트 2020 — 방치 인상,"안녕하세요. 환자 문의가 아니라, 홈페이지 관련해 알려드릴 것이 있어 남깁니다.

바탕성형외과의원 홈페이지의 전화번호가 눌러서 전화를 걸 수 있는 형태가 아니라 글자로만 표시되어 있습니다.

휴대폰으로 보시는 분이 번호를 눌러도 아무 일이 일어나지 않아, 번호를 따로 옮겨 적어 전화 앱에 입력해야 합니다. 진료 문의가 대부분 전화로 들어오는 만큼 이 단계에서 이탈이 생깁니다.

간단한 수정으로 해결됩니다.

이 외에 휴대폰에서 화면이 좌우로 밀리는 점도 함께 확인해 보시면 좋겠습니다.

관리 업체에 그대로 전달하시면 됩니다. 제게 회신하지 않으셔도 괜찮습니다.

웅쓰컴퍼니 / woongs.official@gmail.com",,,
3,3,A,셀리에의원,서울,강남구,https://cellierclinic.com/,02-6358-0123,HTTPS 미설정(http로만 접속) / tel: 링크 없음 — 휴대폰에서 전화 연결 안 됨 / 모바일 가로스크롤 발생,"안녕하세요. 환자 문의가 아니라, 홈페이지 관련해 알려드릴 것이 있어 남깁니다.

셀리에의원 홈페이지에 https:// 로 접속하면 보안 인증서 오류로 경고 화면이 뜨고, http:// 로만 정상 접속됩니다.

요즘 브라우저는 주소를 입력하면 https 부터 시도하기 때문에 환자분에 따라 경고 화면을 먼저 보게 됩니다. http 로 열려도 주소창에 ""안전하지 않음""이 표시됩니다.

무료 인증서로도 해결됩니다.

이 외에 휴대폰에서 전화번호를 눌러도 연결되지 않는 점도 함께 확인해 보시면 좋겠습니다.

관리 업체에 그대로 전달하시면 됩니다. 제게 회신하지 않으셔도 괜찮습니다.

웅쓰컴퍼니 / woongs.official@gmail.com",,,
3,3,B,신논현톡스앤필의원,서울,강남구,https://www.toxnfill9.com/,02-6951-4882,tel: 링크 없음 — 휴대폰에서 전화 연결 안 됨 / 모바일 가로스크롤 발생 / 푸터 카피라이트 2021 — 방치 인상,"안녕하세요. 환자 문의가 아니라, 홈페이지 관련해 알려드릴 것이 있어 남깁니다.

신논현톡스앤필의원 홈페이지의 전화번호가 눌러서 전화를 걸 수 있는 형태가 아니라 글자로만 표시되어 있습니다.

휴대폰으로 보시는 분이 번호를 눌러도 아무 일이 일어나지 않아, 번호를 따로 옮겨 적어 전화 앱에 입력해야 합니다. 진료 문의가 대부분 전화로 들어오는 만큼 이 단계에서 이탈이 생깁니다.

간단한 수정으로 해결됩니다.

이 외에 휴대폰에서 화면이 좌우로 밀리는 점도 함께 확인해 보시면 좋겠습니다.

관리 업체에 그대로 전달하시면 됩니다. 제게 회신하지 않으셔도 괜찮습니다.

웅쓰컴퍼니 / woongs.official@gmail.com",,,
3,3,A,신학철피부과의원,서울,강남구,http://www.doctorlaser.co.kr/,02-501-7575,HTTPS 미설정(http로만 접속) / tel: 링크 없음 — 휴대폰에서 전화 연결 안 됨 / 개인정보처리방침 없음,"안녕하세요. 환자 문의가 아니라, 홈페이지 관련해 알려드릴 것이 있어 남깁니다.

신학철피부과의원 홈페이지에 https:// 로 접속하면 보안 인증서 오류로 경고 화면이 뜨고, http:// 로만 정상 접속됩니다.

요즘 브라우저는 주소를 입력하면 https 부터 시도하기 때문에 환자분에 따라 경고 화면을 먼저 보게 됩니다. http 로 열려도 주소창에 ""안전하지 않음""이 표시됩니다.

무료 인증서로도 해결됩니다.

이 외에 휴대폰에서 전화번호를 눌러도 연결되지 않는 점도 함께 확인해 보시면 좋겠습니다.

관리 업체에 그대로 전달하시면 됩니다. 제게 회신하지 않으셔도 괜찮습니다.

웅쓰컴퍼니 / woongs.official@gmail.com",,,
3,3,B,아이유의원,서울,강남구,http://www.i-you.co.kr/,02-517-7539,tel: 링크 없음 — 휴대폰에서 전화 연결 안 됨 / viewport 없음 — 모바일 미대응 / 개인정보처리방침 없음,"안녕하세요. 환자 문의가 아니라, 홈페이지 관련해 알려드릴 것이 있어 남깁니다.

아이유의원 홈페이지의 전화번호가 눌러서 전화를 걸 수 있는 형태가 아니라 글자로만 표시되어 있습니다.

휴대폰으로 보시는 분이 번호를 눌러도 아무 일이 일어나지 않아, 번호를 따로 옮겨 적어 전화 앱에 입력해야 합니다. 진료 문의가 대부분 전화로 들어오는 만큼 이 단계에서 이탈이 생깁니다.

간단한 수정으로 해결됩니다.

이 외에 휴대폰 화면에 맞춰지지 않는 점도 함께 확인해 보시면 좋겠습니다.

관리 업체에 그대로 전달하시면 됩니다. 제게 회신하지 않으셔도 괜찮습니다.

웅쓰컴퍼니 / woongs.official@gmail.com",,,
3,3,A,안성열성형외과피부과의원,서울,강남구,http://www.pscliahn.com/,512-2627,HTTPS 미설정(http로만 접속) / tel: 링크 없음 — 휴대폰에서 전화 연결 안 됨 / viewport 없음 — 모바일 미대응,"안녕하세요. 환자 문의가 아니라, 홈페이지 관련해 알려드릴 것이 있어 남깁니다.

안성열성형외과피부과의원 홈페이지에 https:// 로 접속하면 보안 인증서 오류로 경고 화면이 뜨고, http:// 로만 정상 접속됩니다.

요즘 브라우저는 주소를 입력하면 https 부터 시도하기 때문에 환자분에 따라 경고 화면을 먼저 보게 됩니다. http 로 열려도 주소창에 ""안전하지 않음""이 표시됩니다.

무료 인증서로도 해결됩니다.

이 외에 휴대폰에서 전화번호를 눌러도 연결되지 않는 점도 함께 확인해 보시면 좋겠습니다.

관리 업체에 그대로 전달하시면 됩니다. 제게 회신하지 않으셔도 괜찮습니다.

웅쓰컴퍼니 / woongs.official@gmail.com",,,
3,3,A,압구정바로보기안과의원,서울,강남구,http://www.barobogi.com/,02-548-3133,HTTPS 미설정(http로만 접속) / tel: 링크 없음 — 휴대폰에서 전화 연결 안 됨 / viewport 없음 — 모바일 미대응,"안녕하세요. 환자 문의가 아니라, 홈페이지 관련해 알려드릴 것이 있어 남깁니다.

압구정바로보기안과의원 홈페이지에 https:// 로 접속하면 보안 인증서 오류로 경고 화면이 뜨고, http:// 로만 정상 접속됩니다.

요즘 브라우저는 주소를 입력하면 https 부터 시도하기 때문에 환자분에 따라 경고 화면을 먼저 보게 됩니다. http 로 열려도 주소창에 ""안전하지 않음""이 표시됩니다.

무료 인증서로도 해결됩니다.

이 외에 휴대폰에서 전화번호를 눌러도 연결되지 않는 점도 함께 확인해 보시면 좋겠습니다.

관리 업체에 그대로 전달하시면 됩니다. 제게 회신하지 않으셔도 괜찮습니다.

웅쓰컴퍼니 / woongs.official@gmail.com",,,
3,3,B,압구정페이스라인성형외과의원,서울,강남구,http://www.face-line.co.kr/,02-541-8668,tel: 링크 없음 — 휴대폰에서 전화 연결 안 됨 / viewport 없음 — 모바일 미대응 / 푸터 카피라이트 2015 — 방치 인상,"안녕하세요. 환자 문의가 아니라, 홈페이지 관련해 알려드릴 것이 있어 남깁니다.

압구정페이스라인성형외과의원 홈페이지의 전화번호가 눌러서 전화를 걸 수 있는 형태가 아니라 글자로만 표시되어 있습니다.

휴대폰으로 보시는 분이 번호를 눌러도 아무 일이 일어나지 않아, 번호를 따로 옮겨 적어 전화 앱에 입력해야 합니다. 진료 문의가 대부분 전화로 들어오는 만큼 이 단계에서 이탈이 생깁니다.

간단한 수정으로 해결됩니다.

이 외에 휴대폰 화면에 맞춰지지 않는 점도 함께 확인해 보시면 좋겠습니다.

관리 업체에 그대로 전달하시면 됩니다. 제게 회신하지 않으셔도 괜찮습니다.

웅쓰컴퍼니 / woongs.official@gmail.com",,,
3,3,A,에이치투오의원,서울,강남구,http://www.htoaging.com/,02-593-5670,HTTPS 미설정(http로만 접속) / tel: 링크 없음 — 휴대폰에서 전화 연결 안 됨 / 개인정보처리방침 없음,"안녕하세요. 환자 문의가 아니라, 홈페이지 관련해 알려드릴 것이 있어 남깁니다.

에이치투오의원 홈페이지에 https:// 로 접속하면 보안 인증서 오류로 경고 화면이 뜨고, http:// 로만 정상 접속됩니다.

요즘 브라우저는 주소를 입력하면 https 부터 시도하기 때문에 환자분에 따라 경고 화면을 먼저 보게 됩니다. http 로 열려도 주소창에 ""안전하지 않음""이 표시됩니다.

무료 인증서로도 해결됩니다.

이 외에 휴대폰에서 전화번호를 눌러도 연결되지 않는 점도 함께 확인해 보시면 좋겠습니다.

관리 업체에 그대로 전달하시면 됩니다. 제게 회신하지 않으셔도 괜찮습니다.

웅쓰컴퍼니 / woongs.official@gmail.com",,,
3,3,A,연세라인업의원,서울,강남구,http://www.xn--oi2bp8p5vd3em9e.kr/,02-553-8070,HTTPS 미설정(http로만 접속) / tel: 링크 없음 — 휴대폰에서 전화 연결 안 됨 / viewport 없음 — 모바일 미대응,"안녕하세요. 환자 문의가 아니라, 홈페이지 관련해 알려드릴 것이 있어 남깁니다.

연세라인업의원 홈페이지에 https:// 로 접속하면 보안 인증서 오류로 경고 화면이 뜨고, http:// 로만 정상 접속됩니다.

요즘 브라우저는 주소를 입력하면 https 부터 시도하기 때문에 환자분에 따라 경고 화면을 먼저 보게 됩니다. http 로 열려도 주소창에 ""안전하지 않음""이 표시됩니다.

무료 인증서로도 해결됩니다.

이 외에 휴대폰에서 전화번호를 눌러도 연결되지 않는 점도 함께 확인해 보시면 좋겠습니다.

관리 업체에 그대로 전달하시면 됩니다. 제게 회신하지 않으셔도 괜찮습니다.

웅쓰컴퍼니 / woongs.official@gmail.com",,,
3,3,B,유니크성형외과의원,서울,강남구,http://www.uniqueps.co.kr/,02-561-2255,tel: 링크 없음 — 휴대폰에서 전화 연결 안 됨 / 모바일 가로스크롤 발생 / 푸터 카피라이트 2013 — 방치 인상,"안녕하세요. 환자 문의가 아니라, 홈페이지 관련해 알려드릴 것이 있어 남깁니다.

유니크성형외과의원 홈페이지의 전화번호가 눌러서 전화를 걸 수 있는 형태가 아니라 글자로만 표시되어 있습니다.

휴대폰으로 보시는 분이 번호를 눌러도 아무 일이 일어나지 않아, 번호를 따로 옮겨 적어 전화 앱에 입력해야 합니다. 진료 문의가 대부분 전화로 들어오는 만큼 이 단계에서 이탈이 생깁니다.

간단한 수정으로 해결됩니다.

이 외에 휴대폰에서 화면이 좌우로 밀리는 점도 함께 확인해 보시면 좋겠습니다.

관리 업체에 그대로 전달하시면 됩니다. 제게 회신하지 않으셔도 괜찮습니다.

웅쓰컴퍼니 / woongs.official@gmail.com",,,
3,3,A,이규호모아름의원,서울,강남구,http://www.moarm.com/,3443-5826,HTTPS 미설정(http로만 접속) / 모바일 가로스크롤 발생 / 개인정보처리방침 없음,"안녕하세요. 환자 문의가 아니라, 홈페이지 관련해 알려드릴 것이 있어 남깁니다.

이규호모아름의원 홈페이지에 https:// 로 접속하면 보안 인증서 오류로 경고 화면이 뜨고, http:// 로만 정상 접속됩니다.

요즘 브라우저는 주소를 입력하면 https 부터 시도하기 때문에 환자분에 따라 경고 화면을 먼저 보게 됩니다. http 로 열려도 주소창에 ""안전하지 않음""이 표시됩니다.

무료 인증서로도 해결됩니다.

이 외에 휴대폰에서 화면이 좌우로 밀리는 점도 함께 확인해 보시면 좋겠습니다.

관리 업체에 그대로 전달하시면 됩니다. 제게 회신하지 않으셔도 괜찮습니다.

웅쓰컴퍼니 / woongs.official@gmail.com",,,
3,3,A,이혜미산부인과의원,서울,강남구,http://www.hemi.co.kr/,508-4693,HTTPS 미설정(http로만 접속) / tel: 링크 없음 — 휴대폰에서 전화 연결 안 됨 / viewport 없음 — 모바일 미대응,"안녕하세요. 환자 문의가 아니라, 홈페이지 관련해 알려드릴 것이 있어 남깁니다.

이혜미산부인과의원 홈페이지에 https:// 로 접속하면 보안 인증서 오류로 경고 화면이 뜨고, http:// 로만 정상 접속됩니다.

요즘 브라우저는 주소를 입력하면 https 부터 시도하기 때문에 환자분에 따라 경고 화면을 먼저 보게 됩니다. http 로 열려도 주소창에 ""안전하지 않음""이 표시됩니다.

무료 인증서로도 해결됩니다.

이 외에 휴대폰에서 전화번호를 눌러도 연결되지 않는 점도 함께 확인해 보시면 좋겠습니다.

관리 업체에 그대로 전달하시면 됩니다. 제게 회신하지 않으셔도 괜찮습니다.

웅쓰컴퍼니 / woongs.official@gmail.com",,,
3,3,A,퓨어피부과의원,서울,강남구,http://www.pureclinic.kr/,02-3443-1222,HTTPS 미설정(http로만 접속) / 모바일 가로스크롤 발생 / 푸터 카피라이트 2018 — 방치 인상,"안녕하세요. 환자 문의가 아니라, 홈페이지 관련해 알려드릴 것이 있어 남깁니다.

퓨어피부과의원 홈페이지에 https:// 로 접속하면 보안 인증서 오류로 경고 화면이 뜨고, http:// 로만 정상 접속됩니다.

요즘 브라우저는 주소를 입력하면 https 부터 시도하기 때문에 환자분에 따라 경고 화면을 먼저 보게 됩니다. http 로 열려도 주소창에 ""안전하지 않음""이 표시됩니다.

무료 인증서로도 해결됩니다.

이 외에 휴대폰에서 화면이 좌우로 밀리는 점도 함께 확인해 보시면 좋겠습니다.

관리 업체에 그대로 전달하시면 됩니다. 제게 회신하지 않으셔도 괜찮습니다.

웅쓰컴퍼니 / woongs.official@gmail.com",,,
3,3,B,연세신효선성형외과의원,서울,강북구,http://www.yonseiclinic.net/,02-905-0690,tel: 링크 없음 — 휴대폰에서 전화 연결 안 됨 / 개인정보처리방침 없음 / 푸터 카피라이트 2002 — 방치 인상,"안녕하세요. 환자 문의가 아니라, 홈페이지 관련해 알려드릴 것이 있어 남깁니다.

연세신효선성형외과의원 홈페이지의 전화번호가 눌러서 전화를 걸 수 있는 형태가 아니라 글자로만 표시되어 있습니다.

휴대폰으로 보시는 분이 번호를 눌러도 아무 일이 일어나지 않아, 번호를 따로 옮겨 적어 전화 앱에 입력해야 합니다. 진료 문의가 대부분 전화로 들어오는 만큼 이 단계에서 이탈이 생깁니다.

간단한 수정으로 해결됩니다.

이 외에 개인정보처리방침 페이지가 없는 점도 함께 확인해 보시면 좋겠습니다.

관리 업체에 그대로 전달하시면 됩니다. 제게 회신하지 않으셔도 괜찮습니다.

웅쓰컴퍼니 / woongs.official@gmail.com",,,
3,3,A,우리맑은의원,서울,강북구,http://www.wooriskin.com/,02-987-7711,HTTPS 미설정(http로만 접속) / tel: 링크 없음 — 휴대폰에서 전화 연결 안 됨 / viewport 없음 — 모바일 미대응,"안녕하세요. 환자 문의가 아니라, 홈페이지 관련해 알려드릴 것이 있어 남깁니다.

우리맑은의원 홈페이지에 https:// 로 접속하면 보안 인증서 오류로 경고 화면이 뜨고, http:// 로만 정상 접속됩니다.

요즘 브라우저는 주소를 입력하면 https 부터 시도하기 때문에 환자분에 따라 경고 화면을 먼저 보게 됩니다. http 로 열려도 주소창에 ""안전하지 않음""이 표시됩니다.

무료 인증서로도 해결됩니다.

이 외에 휴대폰에서 전화번호를 눌러도 연결되지 않는 점도 함께 확인해 보시면 좋겠습니다.

관리 업체에 그대로 전달하시면 됩니다. 제게 회신하지 않으셔도 괜찮습니다.

웅쓰컴퍼니 / woongs.official@gmail.com",,,
3,3,B,강남준성형외과의원,서울,강서구,http://www.juneclinic.co.kr/,533-0285,tel: 링크 없음 — 휴대폰에서 전화 연결 안 됨 / 모바일 가로스크롤 발생 / 개인정보처리방침 없음,"안녕하세요. 환자 문의가 아니라, 홈페이지 관련해 알려드릴 것이 있어 남깁니다.

강남준성형외과의원 홈페이지의 전화번호가 눌러서 전화를 걸 수 있는 형태가 아니라 글자로만 표시되어 있습니다.

휴대폰으로 보시는 분이 번호를 눌러도 아무 일이 일어나지 않아, 번호를 따로 옮겨 적어 전화 앱에 입력해야 합니다. 진료 문의가 대부분 전화로 들어오는 만큼 이 단계에서 이탈이 생깁니다.

간단한 수정으로 해결됩니다.

이 외에 휴대폰에서 화면이 좌우로 밀리는 점도 함께 확인해 보시면 좋겠습니다.

관리 업체에 그대로 전달하시면 됩니다. 제게 회신하지 않으셔도 괜찮습니다.

웅쓰컴퍼니 / woongs.official@gmail.com",,,
3,3,A,우리정형외과의원,서울,강서구,http://www.woorios.co.kr/,02-2644-0114,HTTPS 미설정(http로만 접속) / tel: 링크 없음 — 휴대폰에서 전화 연결 안 됨 / viewport 없음 — 모바일 미대응,"안녕하세요. 환자 문의가 아니라, 홈페이지 관련해 알려드릴 것이 있어 남깁니다.

우리정형외과의원 홈페이지에 https:// 로 접속하면 보안 인증서 오류로 경고 화면이 뜨고, http:// 로만 정상 접속됩니다.

요즘 브라우저는 주소를 입력하면 https 부터 시도하기 때문에 환자분에 따라 경고 화면을 먼저 보게 됩니다. http 로 열려도 주소창에 ""안전하지 않음""이 표시됩니다.

무료 인증서로도 해결됩니다.

이 외에 휴대폰에서 전화번호를 눌러도 연결되지 않는 점도 함께 확인해 보시면 좋겠습니다.

관리 업체에 그대로 전달하시면 됩니다. 제게 회신하지 않으셔도 괜찮습니다.

웅쓰컴퍼니 / woongs.official@gmail.com",,,
3,3,B,서울비뇨기과의원,서울,노원구,http://www.uronowon.com/,02-951-4336,tel: 링크 없음 — 휴대폰에서 전화 연결 안 됨 / viewport 없음 — 모바일 미대응 / 개인정보처리방침 없음,"안녕하세요. 환자 문의가 아니라, 홈페이지 관련해 알려드릴 것이 있어 남깁니다.

서울비뇨기과의원 홈페이지의 전화번호가 눌러서 전화를 걸 수 있는 형태가 아니라 글자로만 표시되어 있습니다.

휴대폰으로 보시는 분이 번호를 눌러도 아무 일이 일어나지 않아, 번호를 따로 옮겨 적어 전화 앱에 입력해야 합니다. 진료 문의가 대부분 전화로 들어오는 만큼 이 단계에서 이탈이 생깁니다.

간단한 수정으로 해결됩니다.

이 외에 휴대폰 화면에 맞춰지지 않는 점도 함께 확인해 보시면 좋겠습니다.

관리 업체에 그대로 전달하시면 됩니다. 제게 회신하지 않으셔도 괜찮습니다.

웅쓰컴퍼니 / woongs.official@gmail.com",,,
3,3,B,리버스의원,서울,마포구,http://www.reverseclinic.com/,02-1544-0890,tel: 링크 없음 — 휴대폰에서 전화 연결 안 됨 / 모바일 가로스크롤 발생 / 푸터 카피라이트 2020 — 방치 인상,"안녕하세요. 환자 문의가 아니라, 홈페이지 관련해 알려드릴 것이 있어 남깁니다.

리버스의원 홈페이지의 전화번호가 눌러서 전화를 걸 수 있는 형태가 아니라 글자로만 표시되어 있습니다.

휴대폰으로 보시는 분이 번호를 눌러도 아무 일이 일어나지 않아, 번호를 따로 옮겨 적어 전화 앱에 입력해야 합니다. 진료 문의가 대부분 전화로 들어오는 만큼 이 단계에서 이탈이 생깁니다.

간단한 수정으로 해결됩니다.

이 외에 휴대폰에서 화면이 좌우로 밀리는 점도 함께 확인해 보시면 좋겠습니다.

관리 업체에 그대로 전달하시면 됩니다. 제게 회신하지 않으셔도 괜찮습니다.

웅쓰컴퍼니 / woongs.official@gmail.com",,,
3,3,B,블리비의원,서울,마포구,http://www.velyb.kr/,1833-2141,tel: 링크 없음 — 휴대폰에서 전화 연결 안 됨 / 모바일 가로스크롤 발생 / 푸터 카피라이트 2018 — 방치 인상,"안녕하세요. 환자 문의가 아니라, 홈페이지 관련해 알려드릴 것이 있어 남깁니다.

블리비의원 홈페이지의 전화번호가 눌러서 전화를 걸 수 있는 형태가 아니라 글자로만 표시되어 있습니다.

휴대폰으로 보시는 분이 번호를 눌러도 아무 일이 일어나지 않아, 번호를 따로 옮겨 적어 전화 앱에 입력해야 합니다. 진료 문의가 대부분 전화로 들어오는 만큼 이 단계에서 이탈이 생깁니다.

간단한 수정으로 해결됩니다.

이 외에 휴대폰에서 화면이 좌우로 밀리는 점도 함께 확인해 보시면 좋겠습니다.

관리 업체에 그대로 전달하시면 됩니다. 제게 회신하지 않으셔도 괜찮습니다.

웅쓰컴퍼니 / woongs.official@gmail.com",,,
3,3,B,홍대톡스앤필의원,서울,마포구,https://www.toxnfill50.com/,02-332-4842,tel: 링크 없음 — 휴대폰에서 전화 연결 안 됨 / 모바일 가로스크롤 발생 / 푸터 카피라이트 2021 — 방치 인상,"안녕하세요. 환자 문의가 아니라, 홈페이지 관련해 알려드릴 것이 있어 남깁니다.

홍대톡스앤필의원 홈페이지의 전화번호가 눌러서 전화를 걸 수 있는 형태가 아니라 글자로만 표시되어 있습니다.

휴대폰으로 보시는 분이 번호를 눌러도 아무 일이 일어나지 않아, 번호를 따로 옮겨 적어 전화 앱에 입력해야 합니다. 진료 문의가 대부분 전화로 들어오는 만큼 이 단계에서 이탈이 생깁니다.

간단한 수정으로 해결됩니다.

이 외에 휴대폰에서 화면이 좌우로 밀리는 점도 함께 확인해 보시면 좋겠습니다.

관리 업체에 그대로 전달하시면 됩니다. 제게 회신하지 않으셔도 괜찮습니다.

웅쓰컴퍼니 / woongs.official@gmail.com",,,
3,3,A,리턴의원,서울,서초구,http://www.returnclinic.com/,02-515-8875,HTTPS 미설정(http로만 접속) / 개인정보처리방침 없음 / 푸터 카피라이트 2021 — 방치 인상,"안녕하세요. 환자 문의가 아니라, 홈페이지 관련해 알려드릴 것이 있어 남깁니다.

리턴의원 홈페이지에 https:// 로 접속하면 보안 인증서 오류로 경고 화면이 뜨고, http:// 로만 정상 접속됩니다.

요즘 브라우저는 주소를 입력하면 https 부터 시도하기 때문에 환자분에 따라 경고 화면을 먼저 보게 됩니다. http 로 열려도 주소창에 ""안전하지 않음""이 표시됩니다.

무료 인증서로도 해결됩니다.

이 외에 개인정보처리방침 페이지가 없는 점도 함께 확인해 보시면 좋겠습니다.

관리 업체에 그대로 전달하시면 됩니다. 제게 회신하지 않으셔도 괜찮습니다.

웅쓰컴퍼니 / woongs.official@gmail.com",,,
3,3,A,미즈러브여성비뇨의학과의원,서울,서초구,http://www.mizlove.com/,02-3447-6363,HTTPS 미설정(http로만 접속) / tel: 링크 없음 — 휴대폰에서 전화 연결 안 됨 / 모바일 가로스크롤 발생,"안녕하세요. 환자 문의가 아니라, 홈페이지 관련해 알려드릴 것이 있어 남깁니다.

미즈러브여성비뇨의학과의원 홈페이지에 https:// 로 접속하면 보안 인증서 오류로 경고 화면이 뜨고, http:// 로만 정상 접속됩니다.

요즘 브라우저는 주소를 입력하면 https 부터 시도하기 때문에 환자분에 따라 경고 화면을 먼저 보게 됩니다. http 로 열려도 주소창에 ""안전하지 않음""이 표시됩니다.

무료 인증서로도 해결됩니다.

이 외에 휴대폰에서 전화번호를 눌러도 연결되지 않는 점도 함께 확인해 보시면 좋겠습니다.

관리 업체에 그대로 전달하시면 됩니다. 제게 회신하지 않으셔도 괜찮습니다.

웅쓰컴퍼니 / woongs.official@gmail.com",,,
3,3,A,새하얀피부과의원,서울,서초구,http://www.whitskin.com/,02-583-2500,HTTPS 미설정(http로만 접속) / tel: 링크 없음 — 휴대폰에서 전화 연결 안 됨 / 모바일 가로스크롤 발생,"안녕하세요. 환자 문의가 아니라, 홈페이지 관련해 알려드릴 것이 있어 남깁니다.

새하얀피부과의원 홈페이지에 https:// 로 접속하면 보안 인증서 오류로 경고 화면이 뜨고, http:// 로만 정상 접속됩니다.

요즘 브라우저는 주소를 입력하면 https 부터 시도하기 때문에 환자분에 따라 경고 화면을 먼저 보게 됩니다. http 로 열려도 주소창에 ""안전하지 않음""이 표시됩니다.

무료 인증서로도 해결됩니다.

이 외에 휴대폰에서 전화번호를 눌러도 연결되지 않는 점도 함께 확인해 보시면 좋겠습니다.

관리 업체에 그대로 전달하시면 됩니다. 제게 회신하지 않으셔도 괜찮습니다.

웅쓰컴퍼니 / woongs.official@gmail.com",,,
3,3,A,에이치성형외과의원,서울,서초구,http://www.ys100ps.co.kr/,02-3447-0100,HTTPS 미설정(http로만 접속) / tel: 링크 없음 — 휴대폰에서 전화 연결 안 됨 / 모바일 가로스크롤 발생,"안녕하세요. 환자 문의가 아니라, 홈페이지 관련해 알려드릴 것이 있어 남깁니다.

에이치성형외과의원 홈페이지에 https:// 로 접속하면 보안 인증서 오류로 경고 화면이 뜨고, http:// 로만 정상 접속됩니다.

요즘 브라우저는 주소를 입력하면 https 부터 시도하기 때문에 환자분에 따라 경고 화면을 먼저 보게 됩니다. http 로 열려도 주소창에 ""안전하지 않음""이 표시됩니다.

무료 인증서로도 해결됩니다.

이 외에 휴대폰에서 전화번호를 눌러도 연결되지 않는 점도 함께 확인해 보시면 좋겠습니다.

관리 업체에 그대로 전달하시면 됩니다. 제게 회신하지 않으셔도 괜찮습니다.

웅쓰컴퍼니 / woongs.official@gmail.com",,,
3,3,A,연세탑뷰티의원,서울,서초구,http://www.sbclinic.kr/,02-533-4287,HTTPS 미설정(http로만 접속) / tel: 링크 없음 — 휴대폰에서 전화 연결 안 됨 / viewport 없음 — 모바일 미대응,"안녕하세요. 환자 문의가 아니라, 홈페이지 관련해 알려드릴 것이 있어 남깁니다.

연세탑뷰티의원 홈페이지에 https:// 로 접속하면 보안 인증서 오류로 경고 화면이 뜨고, http:// 로만 정상 접속됩니다.

요즘 브라우저는 주소를 입력하면 https 부터 시도하기 때문에 환자분에 따라 경고 화면을 먼저 보게 됩니다. http 로 열려도 주소창에 ""안전하지 않음""이 표시됩니다.

무료 인증서로도 해결됩니다.

이 외에 휴대폰에서 전화번호를 눌러도 연결되지 않는 점도 함께 확인해 보시면 좋겠습니다.

관리 업체에 그대로 전달하시면 됩니다. 제게 회신하지 않으셔도 괜찮습니다.

웅쓰컴퍼니 / woongs.official@gmail.com",,,
3,3,B,윌성형외과의원,서울,서초구,http://www.willps.co.kr/,02-532-8874,tel: 링크 없음 — 휴대폰에서 전화 연결 안 됨 / viewport 없음 — 모바일 미대응 / 개인정보처리방침 없음,"안녕하세요. 환자 문의가 아니라, 홈페이지 관련해 알려드릴 것이 있어 남깁니다.

윌성형외과의원 홈페이지의 전화번호가 눌러서 전화를 걸 수 있는 형태가 아니라 글자로만 표시되어 있습니다.

휴대폰으로 보시는 분이 번호를 눌러도 아무 일이 일어나지 않아, 번호를 따로 옮겨 적어 전화 앱에 입력해야 합니다. 진료 문의가 대부분 전화로 들어오는 만큼 이 단계에서 이탈이 생깁니다.

간단한 수정으로 해결됩니다.

이 외에 휴대폰 화면에 맞춰지지 않는 점도 함께 확인해 보시면 좋겠습니다.

관리 업체에 그대로 전달하시면 됩니다. 제게 회신하지 않으셔도 괜찮습니다.

웅쓰컴퍼니 / woongs.official@gmail.com",,,
3,3,B,임이석테마피부과의원,서울,서초구,http://www.beautyskin.kr/,3446-1110,tel: 링크 없음 — 휴대폰에서 전화 연결 안 됨 / 모바일 가로스크롤 발생 / 푸터 카피라이트 2019 — 방치 인상,"안녕하세요. 환자 문의가 아니라, 홈페이지 관련해 알려드릴 것이 있어 남깁니다.

임이석테마피부과의원 홈페이지의 전화번호가 눌러서 전화를 걸 수 있는 형태가 아니라 글자로만 표시되어 있습니다.

휴대폰으로 보시는 분이 번호를 눌러도 아무 일이 일어나지 않아, 번호를 따로 옮겨 적어 전화 앱에 입력해야 합니다. 진료 문의가 대부분 전화로 들어오는 만큼 이 단계에서 이탈이 생깁니다.

간단한 수정으로 해결됩니다.

이 외에 휴대폰에서 화면이 좌우로 밀리는 점도 함께 확인해 보시면 좋겠습니다.

관리 업체에 그대로 전달하시면 됩니다. 제게 회신하지 않으셔도 괜찮습니다.

웅쓰컴퍼니 / woongs.official@gmail.com",,,
3,3,A,베르니포레의원,서울,성동구,http://www.verniclinic.co.kr/,02-355-0117,HTTPS 미설정(http로만 접속) / tel: 링크 없음 — 휴대폰에서 전화 연결 안 됨 / 개인정보처리방침 없음,"안녕하세요. 환자 문의가 아니라, 홈페이지 관련해 알려드릴 것이 있어 남깁니다.

베르니포레의원 홈페이지에 https:// 로 접속하면 보안 인증서 오류로 경고 화면이 뜨고, http:// 로만 정상 접속됩니다.

요즘 브라우저는 주소를 입력하면 https 부터 시도하기 때문에 환자분에 따라 경고 화면을 먼저 보게 됩니다. http 로 열려도 주소창에 ""안전하지 않음""이 표시됩니다.

무료 인증서로도 해결됩니다.

이 외에 휴대폰에서 전화번호를 눌러도 연결되지 않는 점도 함께 확인해 보시면 좋겠습니다.

관리 업체에 그대로 전달하시면 됩니다. 제게 회신하지 않으셔도 괜찮습니다.

웅쓰컴퍼니 / woongs.official@gmail.com",,,
3,3,B,지인산부인과의원,서울,성북구,http://www.huu.kr/,02-923-8888,tel: 링크 없음 — 휴대폰에서 전화 연결 안 됨 / viewport 없음 — 모바일 미대응 / 푸터 카피라이트 2011 — 방치 인상,"안녕하세요. 환자 문의가 아니라, 홈페이지 관련해 알려드릴 것이 있어 남깁니다.

지인산부인과의원 홈페이지의 전화번호가 눌러서 전화를 걸 수 있는 형태가 아니라 글자로만 표시되어 있습니다.

휴대폰으로 보시는 분이 번호를 눌러도 아무 일이 일어나지 않아, 번호를 따로 옮겨 적어 전화 앱에 입력해야 합니다. 진료 문의가 대부분 전화로 들어오는 만큼 이 단계에서 이탈이 생깁니다.

간단한 수정으로 해결됩니다.

이 외에 휴대폰 화면에 맞춰지지 않는 점도 함께 확인해 보시면 좋겠습니다.

관리 업체에 그대로 전달하시면 됩니다. 제게 회신하지 않으셔도 괜찮습니다.

웅쓰컴퍼니 / woongs.official@gmail.com",,,
3,3,A,베스탑비뇨기과의원,서울,송파구,http://www.bestopclinic.com/,02-416-4747,HTTPS 미설정(http로만 접속) / 모바일 가로스크롤 발생 / 푸터 카피라이트 2019 — 방치 인상,"안녕하세요. 환자 문의가 아니라, 홈페이지 관련해 알려드릴 것이 있어 남깁니다.

베스탑비뇨기과의원 홈페이지에 https:// 로 접속하면 보안 인증서 오류로 경고 화면이 뜨고, http:// 로만 정상 접속됩니다.

요즘 브라우저는 주소를 입력하면 https 부터 시도하기 때문에 환자분에 따라 경고 화면을 먼저 보게 됩니다. http 로 열려도 주소창에 ""안전하지 않음""이 표시됩니다.

무료 인증서로도 해결됩니다.

이 외에 휴대폰에서 화면이 좌우로 밀리는 점도 함께 확인해 보시면 좋겠습니다.

관리 업체에 그대로 전달하시면 됩니다. 제게 회신하지 않으셔도 괜찮습니다.

웅쓰컴퍼니 / woongs.official@gmail.com",,,
3,3,A,시원한비뇨기과의원,서울,양천구,http://www.cooluro.co.kr/,02-2062-7510,HTTPS 미설정(http로만 접속) / tel: 링크 없음 — 휴대폰에서 전화 연결 안 됨 / viewport 없음 — 모바일 미대응,"안녕하세요. 환자 문의가 아니라, 홈페이지 관련해 알려드릴 것이 있어 남깁니다.

시원한비뇨기과의원 홈페이지에 https:// 로 접속하면 보안 인증서 오류로 경고 화면이 뜨고, http:// 로만 정상 접속됩니다.

요즘 브라우저는 주소를 입력하면 https 부터 시도하기 때문에 환자분에 따라 경고 화면을 먼저 보게 됩니다. http 로 열려도 주소창에 ""안전하지 않음""이 표시됩니다.

무료 인증서로도 해결됩니다.

이 외에 휴대폰에서 전화번호를 눌러도 연결되지 않는 점도 함께 확인해 보시면 좋겠습니다.

관리 업체에 그대로 전달하시면 됩니다. 제게 회신하지 않으셔도 괜찮습니다.

웅쓰컴퍼니 / woongs.official@gmail.com",,,
3,3,A,로뎀나무내과의원,서울,영등포구,http://www.rodemclinic.co.kr/,02-2678-7482,HTTPS 미설정(http로만 접속) / tel: 링크 없음 — 휴대폰에서 전화 연결 안 됨 / viewport 없음 — 모바일 미대응,"안녕하세요. 환자 문의가 아니라, 홈페이지 관련해 알려드릴 것이 있어 남깁니다.

로뎀나무내과의원 홈페이지에 https:// 로 접속하면 보안 인증서 오류로 경고 화면이 뜨고, http:// 로만 정상 접속됩니다.

요즘 브라우저는 주소를 입력하면 https 부터 시도하기 때문에 환자분에 따라 경고 화면을 먼저 보게 됩니다. http 로 열려도 주소창에 ""안전하지 않음""이 표시됩니다.

무료 인증서로도 해결됩니다.

이 외에 휴대폰에서 전화번호를 눌러도 연결되지 않는 점도 함께 확인해 보시면 좋겠습니다.

관리 업체에 그대로 전달하시면 됩니다. 제게 회신하지 않으셔도 괜찮습니다.

웅쓰컴퍼니 / woongs.official@gmail.com",,,
3,3,A,베스탑비뇨기과의원,서울,영등포구,http://www.bestopclinic.com/,02-2678-7070,HTTPS 미설정(http로만 접속) / 모바일 가로스크롤 발생 / 푸터 카피라이트 2019 — 방치 인상,"안녕하세요. 환자 문의가 아니라, 홈페이지 관련해 알려드릴 것이 있어 남깁니다.

베스탑비뇨기과의원 홈페이지에 https:// 로 접속하면 보안 인증서 오류로 경고 화면이 뜨고, http:// 로만 정상 접속됩니다.

요즘 브라우저는 주소를 입력하면 https 부터 시도하기 때문에 환자분에 따라 경고 화면을 먼저 보게 됩니다. http 로 열려도 주소창에 ""안전하지 않음""이 표시됩니다.

무료 인증서로도 해결됩니다.

이 외에 휴대폰에서 화면이 좌우로 밀리는 점도 함께 확인해 보시면 좋겠습니다.

관리 업체에 그대로 전달하시면 됩니다. 제게 회신하지 않으셔도 괜찮습니다.

웅쓰컴퍼니 / woongs.official@gmail.com",,,
3,3,A,성모속튼튼내과의원,서울,영등포구,http://sokgood.com/,02-2671-5656,HTTPS 미설정(http로만 접속) / 모바일 가로스크롤 발생 / 푸터 카피라이트 2021 — 방치 인상,"안녕하세요. 환자 문의가 아니라, 홈페이지 관련해 알려드릴 것이 있어 남깁니다.

성모속튼튼내과의원 홈페이지에 https:// 로 접속하면 보안 인증서 오류로 경고 화면이 뜨고, http:// 로만 정상 접속됩니다.

요즘 브라우저는 주소를 입력하면 https 부터 시도하기 때문에 환자분에 따라 경고 화면을 먼저 보게 됩니다. http 로 열려도 주소창에 ""안전하지 않음""이 표시됩니다.

무료 인증서로도 해결됩니다.

이 외에 휴대폰에서 화면이 좌우로 밀리는 점도 함께 확인해 보시면 좋겠습니다.

관리 업체에 그대로 전달하시면 됩니다. 제게 회신하지 않으셔도 괜찮습니다.

웅쓰컴퍼니 / woongs.official@gmail.com",,,
3,3,B,가톨릭정형외과의원,서울,은평구,http://cafe.naver.com/catholicos,02-354-9800,tel: 링크 없음 — 휴대폰에서 전화 연결 안 됨 / viewport 없음 — 모바일 미대응 / 개인정보처리방침 없음,"안녕하세요. 환자 문의가 아니라, 홈페이지 관련해 알려드릴 것이 있어 남깁니다.

가톨릭정형외과의원 홈페이지의 전화번호가 눌러서 전화를 걸 수 있는 형태가 아니라 글자로만 표시되어 있습니다.

휴대폰으로 보시는 분이 번호를 눌러도 아무 일이 일어나지 않아, 번호를 따로 옮겨 적어 전화 앱에 입력해야 합니다. 진료 문의가 대부분 전화로 들어오는 만큼 이 단계에서 이탈이 생깁니다.

간단한 수정으로 해결됩니다.

이 외에 휴대폰 화면에 맞춰지지 않는 점도 함께 확인해 보시면 좋겠습니다.

관리 업체에 그대로 전달하시면 됩니다. 제게 회신하지 않으셔도 괜찮습니다.

웅쓰컴퍼니 / woongs.official@gmail.com",,,
3,3,A,강창원내과의원,서울,은평구,http://www.med2000.co.kr/,02-389-2043,HTTPS 미설정(http로만 접속) / tel: 링크 없음 — 휴대폰에서 전화 연결 안 됨 / viewport 없음 — 모바일 미대응,"안녕하세요. 환자 문의가 아니라, 홈페이지 관련해 알려드릴 것이 있어 남깁니다.

강창원내과의원 홈페이지에 https:// 로 접속하면 보안 인증서 오류로 경고 화면이 뜨고, http:// 로만 정상 접속됩니다.

요즘 브라우저는 주소를 입력하면 https 부터 시도하기 때문에 환자분에 따라 경고 화면을 먼저 보게 됩니다. http 로 열려도 주소창에 ""안전하지 않음""이 표시됩니다.

무료 인증서로도 해결됩니다.

이 외에 휴대폰에서 전화번호를 눌러도 연결되지 않는 점도 함께 확인해 보시면 좋겠습니다.

관리 업체에 그대로 전달하시면 됩니다. 제게 회신하지 않으셔도 괜찮습니다.

웅쓰컴퍼니 / woongs.official@gmail.com",,,
3,3,A,로쉬여성의원,서울,은평구,http://www.miaeroyp.com/,02-303-9313,HTTPS 미설정(http로만 접속) / tel: 링크 없음 — 휴대폰에서 전화 연결 안 됨 / viewport 없음 — 모바일 미대응,"안녕하세요. 환자 문의가 아니라, 홈페이지 관련해 알려드릴 것이 있어 남깁니다.

로쉬여성의원 홈페이지에 https:// 로 접속하면 보안 인증서 오류로 경고 화면이 뜨고, http:// 로만 정상 접속됩니다.

요즘 브라우저는 주소를 입력하면 https 부터 시도하기 때문에 환자분에 따라 경고 화면을 먼저 보게 됩니다. http 로 열려도 주소창에 ""안전하지 않음""이 표시됩니다.

무료 인증서로도 해결됩니다.

이 외에 휴대폰에서 전화번호를 눌러도 연결되지 않는 점도 함께 확인해 보시면 좋겠습니다.

관리 업체에 그대로 전달하시면 됩니다. 제게 회신하지 않으셔도 괜찮습니다.

웅쓰컴퍼니 / woongs.official@gmail.com",,,
3,3,A,새하얀피부과의원,서울,은평구,http://www.whitskin.com/,02-353-5600,HTTPS 미설정(http로만 접속) / tel: 링크 없음 — 휴대폰에서 전화 연결 안 됨 / 모바일 가로스크롤 발생,"안녕하세요. 환자 문의가 아니라, 홈페이지 관련해 알려드릴 것이 있어 남깁니다.

새하얀피부과의원 홈페이지에 https:// 로 접속하면 보안 인증서 오류로 경고 화면이 뜨고, http:// 로만 정상 접속됩니다.

요즘 브라우저는 주소를 입력하면 https 부터 시도하기 때문에 환자분에 따라 경고 화면을 먼저 보게 됩니다. http 로 열려도 주소창에 ""안전하지 않음""이 표시됩니다.

무료 인증서로도 해결됩니다.

이 외에 휴대폰에서 전화번호를 눌러도 연결되지 않는 점도 함께 확인해 보시면 좋겠습니다.

관리 업체에 그대로 전달하시면 됩니다. 제게 회신하지 않으셔도 괜찮습니다.

웅쓰컴퍼니 / woongs.official@gmail.com",,,
3,3,A,활기찬정형외과의원,서울,은평구,http://bone119.co.kr/,02-385-8875,HTTPS 미설정(http로만 접속) / 모바일 가로스크롤 발생 / 푸터 카피라이트 2021 — 방치 인상,"안녕하세요. 환자 문의가 아니라, 홈페이지 관련해 알려드릴 것이 있어 남깁니다.

활기찬정형외과의원 홈페이지에 https:// 로 접속하면 보안 인증서 오류로 경고 화면이 뜨고, http:// 로만 정상 접속됩니다.

요즘 브라우저는 주소를 입력하면 https 부터 시도하기 때문에 환자분에 따라 경고 화면을 먼저 보게 됩니다. http 로 열려도 주소창에 ""안전하지 않음""이 표시됩니다.

무료 인증서로도 해결됩니다.

이 외에 휴대폰에서 화면이 좌우로 밀리는 점도 함께 확인해 보시면 좋겠습니다.

관리 업체에 그대로 전달하시면 됩니다. 제게 회신하지 않으셔도 괜찮습니다.

웅쓰컴퍼니 / woongs.official@gmail.com",,,
3,3,A,경희궁비뇨의학과의원,서울,종로구,http://www.bestopclinic.com/,02-722-7550,HTTPS 미설정(http로만 접속) / 모바일 가로스크롤 발생 / 푸터 카피라이트 2019 — 방치 인상,"안녕하세요. 환자 문의가 아니라, 홈페이지 관련해 알려드릴 것이 있어 남깁니다.

경희궁비뇨의학과의원 홈페이지에 https:// 로 접속하면 보안 인증서 오류로 경고 화면이 뜨고, http:// 로만 정상 접속됩니다.

요즘 브라우저는 주소를 입력하면 https 부터 시도하기 때문에 환자분에 따라 경고 화면을 먼저 보게 됩니다. http 로 열려도 주소창에 ""안전하지 않음""이 표시됩니다.

무료 인증서로도 해결됩니다.

이 외에 휴대폰에서 화면이 좌우로 밀리는 점도 함께 확인해 보시면 좋겠습니다.

관리 업체에 그대로 전달하시면 됩니다. 제게 회신하지 않으셔도 괜찮습니다.

웅쓰컴퍼니 / woongs.official@gmail.com",,,
3,3,B,의료법인하나로의료재단하나로의원,서울,종로구,http://www.hanaromf.com/,02-732-3030,tel: 링크 없음 — 휴대폰에서 전화 연결 안 됨 / viewport 없음 — 모바일 미대응 / 푸터 카피라이트 2018 — 방치 인상,"안녕하세요. 환자 문의가 아니라, 홈페이지 관련해 알려드릴 것이 있어 남깁니다.

의료법인하나로의료재단하나로의원 홈페이지의 전화번호가 눌러서 전화를 걸 수 있는 형태가 아니라 글자로만 표시되어 있습니다.

휴대폰으로 보시는 분이 번호를 눌러도 아무 일이 일어나지 않아, 번호를 따로 옮겨 적어 전화 앱에 입력해야 합니다. 진료 문의가 대부분 전화로 들어오는 만큼 이 단계에서 이탈이 생깁니다.

간단한 수정으로 해결됩니다.

이 외에 휴대폰 화면에 맞춰지지 않는 점도 함께 확인해 보시면 좋겠습니다.

관리 업체에 그대로 전달하시면 됩니다. 제게 회신하지 않으셔도 괜찮습니다.

웅쓰컴퍼니 / woongs.official@gmail.com",,,
3,3,A,위즈앤미의원,서울,중구,http://www.wiznmi.com/,02-777-0900,HTTPS 미설정(http로만 접속) / tel: 링크 없음 — 휴대폰에서 전화 연결 안 됨 / viewport 없음 — 모바일 미대응,"안녕하세요. 환자 문의가 아니라, 홈페이지 관련해 알려드릴 것이 있어 남깁니다.

위즈앤미의원 홈페이지에 https:// 로 접속하면 보안 인증서 오류로 경고 화면이 뜨고, http:// 로만 정상 접속됩니다.

요즘 브라우저는 주소를 입력하면 https 부터 시도하기 때문에 환자분에 따라 경고 화면을 먼저 보게 됩니다. http 로 열려도 주소창에 ""안전하지 않음""이 표시됩니다.

무료 인증서로도 해결됩니다.

이 외에 휴대폰에서 전화번호를 눌러도 연결되지 않는 점도 함께 확인해 보시면 좋겠습니다.

관리 업체에 그대로 전달하시면 됩니다. 제게 회신하지 않으셔도 괜찮습니다.

웅쓰컴퍼니 / woongs.official@gmail.com",,,
3,3,A,대한민국의원,서울,중랑구,http://www.antipain.co.kr/,02-436-0111,HTTPS 미설정(http로만 접속) / tel: 링크 없음 — 휴대폰에서 전화 연결 안 됨 / 개인정보처리방침 없음,"안녕하세요. 환자 문의가 아니라, 홈페이지 관련해 알려드릴 것이 있어 남깁니다.

대한민국의원 홈페이지에 https:// 로 접속하면 보안 인증서 오류로 경고 화면이 뜨고, http:// 로만 정상 접속됩니다.

요즘 브라우저는 주소를 입력하면 https 부터 시도하기 때문에 환자분에 따라 경고 화면을 먼저 보게 됩니다. http 로 열려도 주소창에 ""안전하지 않음""이 표시됩니다.

무료 인증서로도 해결됩니다.

이 외에 휴대폰에서 전화번호를 눌러도 연결되지 않는 점도 함께 확인해 보시면 좋겠습니다.

관리 업체에 그대로 전달하시면 됩니다. 제게 회신하지 않으셔도 괜찮습니다.

웅쓰컴퍼니 / woongs.official@gmail.com",,,
4,2,A,하얀나라피부과의원,경기,고양덕양구,http://www.white365.co.kr/,031-972-4333,HTTPS 미설정(http로만 접속) / 개인정보처리방침 없음,"안녕하세요. 환자 문의가 아니라, 홈페이지 관련해 알려드릴 것이 있어 남깁니다.

하얀나라피부과의원 홈페이지에 https:// 로 접속하면 보안 인증서 오류로 경고 화면이 뜨고, http:// 로만 정상 접속됩니다.

요즘 브라우저는 주소를 입력하면 https 부터 시도하기 때문에 환자분에 따라 경고 화면을 먼저 보게 됩니다. http 로 열려도 주소창에 ""안전하지 않음""이 표시됩니다.

무료 인증서로도 해결됩니다.

이 외에 개인정보처리방침 페이지가 없는 점도 함께 확인해 보시면 좋겠습니다.

관리 업체에 그대로 전달하시면 됩니다. 제게 회신하지 않으셔도 괜찮습니다.

웅쓰컴퍼니 / woongs.official@gmail.com",,,
4,2,B,일산차앤박피부과의원,경기,고양일산서구,http://www.cnpskin.com/,031-911-7571,tel: 링크 없음 — 휴대폰에서 전화 연결 안 됨 / 모바일 가로스크롤 발생,"안녕하세요. 환자 문의가 아니라, 홈페이지 관련해 알려드릴 것이 있어 남깁니다.

일산차앤박피부과의원 홈페이지의 전화번호가 눌러서 전화를 걸 수 있는 형태가 아니라 글자로만 표시되어 있습니다.

휴대폰으로 보시는 분이 번호를 눌러도 아무 일이 일어나지 않아, 번호를 따로 옮겨 적어 전화 앱에 입력해야 합니다. 진료 문의가 대부분 전화로 들어오는 만큼 이 단계에서 이탈이 생깁니다.

간단한 수정으로 해결됩니다.

이 외에 휴대폰에서 화면이 좌우로 밀리는 점도 함께 확인해 보시면 좋겠습니다.

관리 업체에 그대로 전달하시면 됩니다. 제게 회신하지 않으셔도 괜찮습니다.

웅쓰컴퍼니 / woongs.official@gmail.com",,,
4,2,A,하얀나라김피부과의원,경기,고양일산서구,http://www.laser2u.com/,031-917-7588,HTTPS 미설정(http로만 접속) / 개인정보처리방침 없음,"안녕하세요. 환자 문의가 아니라, 홈페이지 관련해 알려드릴 것이 있어 남깁니다.

하얀나라김피부과의원 홈페이지에 https:// 로 접속하면 보안 인증서 오류로 경고 화면이 뜨고, http:// 로만 정상 접속됩니다.

요즘 브라우저는 주소를 입력하면 https 부터 시도하기 때문에 환자분에 따라 경고 화면을 먼저 보게 됩니다. http 로 열려도 주소창에 ""안전하지 않음""이 표시됩니다.

무료 인증서로도 해결됩니다.

이 외에 개인정보처리방침 페이지가 없는 점도 함께 확인해 보시면 좋겠습니다.

관리 업체에 그대로 전달하시면 됩니다. 제게 회신하지 않으셔도 괜찮습니다.

웅쓰컴퍼니 / woongs.official@gmail.com",,,
4,2,A,별이비인후과의원,경기,광명시,http://www.star1004.net/,02-898-3651,HTTPS 미설정(http로만 접속) / tel: 링크 없음 — 휴대폰에서 전화 연결 안 됨,"안녕하세요. 환자 문의가 아니라, 홈페이지 관련해 알려드릴 것이 있어 남깁니다.

별이비인후과의원 홈페이지에 https:// 로 접속하면 보안 인증서 오류로 경고 화면이 뜨고, http:// 로만 정상 접속됩니다.

요즘 브라우저는 주소를 입력하면 https 부터 시도하기 때문에 환자분에 따라 경고 화면을 먼저 보게 됩니다. http 로 열려도 주소창에 ""안전하지 않음""이 표시됩니다.

무료 인증서로도 해결됩니다.

이 외에 휴대폰에서 전화번호를 눌러도 연결되지 않는 점도 함께 확인해 보시면 좋겠습니다.

관리 업체에 그대로 전달하시면 됩니다. 제게 회신하지 않으셔도 괜찮습니다.

웅쓰컴퍼니 / woongs.official@gmail.com",,,
4,2,A,삼성닥터스원비뇨기과의원,경기,광명시,http://www.samsungdoctors.com/,2682-5555,HTTPS 미설정(http로만 접속) / 모바일 가로스크롤 발생,"안녕하세요. 환자 문의가 아니라, 홈페이지 관련해 알려드릴 것이 있어 남깁니다.

삼성닥터스원비뇨기과의원 홈페이지에 https:// 로 접속하면 보안 인증서 오류로 경고 화면이 뜨고, http:// 로만 정상 접속됩니다.

요즘 브라우저는 주소를 입력하면 https 부터 시도하기 때문에 환자분에 따라 경고 화면을 먼저 보게 됩니다. http 로 열려도 주소창에 ""안전하지 않음""이 표시됩니다.

무료 인증서로도 해결됩니다.

이 외에 휴대폰에서 화면이 좌우로 밀리는 점도 함께 확인해 보시면 좋겠습니다.

관리 업체에 그대로 전달하시면 됩니다. 제게 회신하지 않으셔도 괜찮습니다.

웅쓰컴퍼니 / woongs.official@gmail.com",,,
4,2,A,건강드림내과영상의학과의원,경기,군포시,http://www.healthdream75.com/,031-340-7897,HTTPS 미설정(http로만 접속) / 모바일 가로스크롤 발생,"안녕하세요. 환자 문의가 아니라, 홈페이지 관련해 알려드릴 것이 있어 남깁니다.

건강드림내과영상의학과의원 홈페이지에 https:// 로 접속하면 보안 인증서 오류로 경고 화면이 뜨고, http:// 로만 정상 접속됩니다.

요즘 브라우저는 주소를 입력하면 https 부터 시도하기 때문에 환자분에 따라 경고 화면을 먼저 보게 됩니다. http 로 열려도 주소창에 ""안전하지 않음""이 표시됩니다.

무료 인증서로도 해결됩니다.

이 외에 휴대폰에서 화면이 좌우로 밀리는 점도 함께 확인해 보시면 좋겠습니다.

관리 업체에 그대로 전달하시면 됩니다. 제게 회신하지 않으셔도 괜찮습니다.

웅쓰컴퍼니 / woongs.official@gmail.com",,,
4,2,B,별내초록내과의원,경기,남양주시,https://choroknephro.mycafe24.com/,557-5588,tel: 링크 없음 — 휴대폰에서 전화 연결 안 됨 / 개인정보처리방침 없음,"안녕하세요. 환자 문의가 아니라, 홈페이지 관련해 알려드릴 것이 있어 남깁니다.

별내초록내과의원 홈페이지의 전화번호가 눌러서 전화를 걸 수 있는 형태가 아니라 글자로만 표시되어 있습니다.

휴대폰으로 보시는 분이 번호를 눌러도 아무 일이 일어나지 않아, 번호를 따로 옮겨 적어 전화 앱에 입력해야 합니다. 진료 문의가 대부분 전화로 들어오는 만큼 이 단계에서 이탈이 생깁니다.

간단한 수정으로 해결됩니다.

이 외에 개인정보처리방침 페이지가 없는 점도 함께 확인해 보시면 좋겠습니다.

관리 업체에 그대로 전달하시면 됩니다. 제게 회신하지 않으셔도 괜찮습니다.

웅쓰컴퍼니 / woongs.official@gmail.com",,,
4,2,A,하얀미의원,경기,부천소사구,http://www.whitemi.co.kr/,032-342-7553,HTTPS 미설정(http로만 접속) / 개인정보처리방침 없음,"안녕하세요. 환자 문의가 아니라, 홈페이지 관련해 알려드릴 것이 있어 남깁니다.

하얀미의원 홈페이지에 https:// 로 접속하면 보안 인증서 오류로 경고 화면이 뜨고, http:// 로만 정상 접속됩니다.

요즘 브라우저는 주소를 입력하면 https 부터 시도하기 때문에 환자분에 따라 경고 화면을 먼저 보게 됩니다. http 로 열려도 주소창에 ""안전하지 않음""이 표시됩니다.

무료 인증서로도 해결됩니다.

이 외에 개인정보처리방침 페이지가 없는 점도 함께 확인해 보시면 좋겠습니다.

관리 업체에 그대로 전달하시면 됩니다. 제게 회신하지 않으셔도 괜찮습니다.

웅쓰컴퍼니 / woongs.official@gmail.com",,,
4,2,C,부천아이스피부과의원,경기,부천원미구,http://www.wellsclinic.co.kr/,032-323-0567,viewport 없음 — 모바일 미대응 / 푸터 카피라이트 2020 — 방치 인상,"안녕하세요. 환자 문의가 아니라, 홈페이지 관련해 알려드릴 것이 있어 남깁니다.

부천아이스피부과의원 홈페이지를 휴대폰으로 열면 화면이 좌우로 밀리고 글씨가 작아서 확대해야 읽힙니다. 화면 크기 설정(viewport)이 없어 휴대폰이 PC 화면을 그대로 축소해 보여주는 상태입니다.

병원 홈페이지 방문자는 대부분 휴대폰입니다.

관리 업체에 그대로 전달하시면 됩니다. 제게 회신하지 않으셔도 괜찮습니다.

웅쓰컴퍼니 / woongs.official@gmail.com",,,
4,2,B,비너스의원,경기,부천원미구,http://myvenus.co.kr/,032-322-4845,tel: 링크 없음 — 휴대폰에서 전화 연결 안 됨 / 푸터 카피라이트 2008 — 방치 인상,"안녕하세요. 환자 문의가 아니라, 홈페이지 관련해 알려드릴 것이 있어 남깁니다.

비너스의원 홈페이지의 전화번호가 눌러서 전화를 걸 수 있는 형태가 아니라 글자로만 표시되어 있습니다.

휴대폰으로 보시는 분이 번호를 눌러도 아무 일이 일어나지 않아, 번호를 따로 옮겨 적어 전화 앱에 입력해야 합니다. 진료 문의가 대부분 전화로 들어오는 만큼 이 단계에서 이탈이 생깁니다.

간단한 수정으로 해결됩니다.

관리 업체에 그대로 전달하시면 됩니다. 제게 회신하지 않으셔도 괜찮습니다.

웅쓰컴퍼니 / woongs.official@gmail.com",,,
4,2,B,차앤박피부과의원,경기,부천원미구,http://www.cnpskin.com/,032-325-7733,tel: 링크 없음 — 휴대폰에서 전화 연결 안 됨 / 모바일 가로스크롤 발생,"안녕하세요. 환자 문의가 아니라, 홈페이지 관련해 알려드릴 것이 있어 남깁니다.

차앤박피부과의원 홈페이지의 전화번호가 눌러서 전화를 걸 수 있는 형태가 아니라 글자로만 표시되어 있습니다.

휴대폰으로 보시는 분이 번호를 눌러도 아무 일이 일어나지 않아, 번호를 따로 옮겨 적어 전화 앱에 입력해야 합니다. 진료 문의가 대부분 전화로 들어오는 만큼 이 단계에서 이탈이 생깁니다.

간단한 수정으로 해결됩니다.

이 외에 휴대폰에서 화면이 좌우로 밀리는 점도 함께 확인해 보시면 좋겠습니다.

관리 업체에 그대로 전달하시면 됩니다. 제게 회신하지 않으셔도 괜찮습니다.

웅쓰컴퍼니 / woongs.official@gmail.com",,,
4,2,A,하얀나라피부과의원,경기,부천원미구,http://www.hanacli.co.kr/,032-324-5577,HTTPS 미설정(http로만 접속) / 개인정보처리방침 없음,"안녕하세요. 환자 문의가 아니라, 홈페이지 관련해 알려드릴 것이 있어 남깁니다.

하얀나라피부과의원 홈페이지에 https:// 로 접속하면 보안 인증서 오류로 경고 화면이 뜨고, http:// 로만 정상 접속됩니다.

요즘 브라우저는 주소를 입력하면 https 부터 시도하기 때문에 환자분에 따라 경고 화면을 먼저 보게 됩니다. http 로 열려도 주소창에 ""안전하지 않음""이 표시됩니다.

무료 인증서로도 해결됩니다.

이 외에 개인정보처리방침 페이지가 없는 점도 함께 확인해 보시면 좋겠습니다.

관리 업체에 그대로 전달하시면 됩니다. 제게 회신하지 않으셔도 괜찮습니다.

웅쓰컴퍼니 / woongs.official@gmail.com",,,
4,2,A,노블정형외과의원,경기,성남분당구,http://www.nobleos.com/,031-896-7575,HTTPS 미설정(http로만 접속) / 모바일 가로스크롤 발생,"안녕하세요. 환자 문의가 아니라, 홈페이지 관련해 알려드릴 것이 있어 남깁니다.

노블정형외과의원 홈페이지에 https:// 로 접속하면 보안 인증서 오류로 경고 화면이 뜨고, http:// 로만 정상 접속됩니다.

요즘 브라우저는 주소를 입력하면 https 부터 시도하기 때문에 환자분에 따라 경고 화면을 먼저 보게 됩니다. http 로 열려도 주소창에 ""안전하지 않음""이 표시됩니다.

무료 인증서로도 해결됩니다.

이 외에 휴대폰에서 화면이 좌우로 밀리는 점도 함께 확인해 보시면 좋겠습니다.

관리 업체에 그대로 전달하시면 됩니다. 제게 회신하지 않으셔도 괜찮습니다.

웅쓰컴퍼니 / woongs.official@gmail.com",,,
4,2,B,씨앤피차앤박피부과의원,경기,성남분당구,http://www.cnpskin.com/,031-709-7229,tel: 링크 없음 — 휴대폰에서 전화 연결 안 됨 / 모바일 가로스크롤 발생,"안녕하세요. 환자 문의가 아니라, 홈페이지 관련해 알려드릴 것이 있어 남깁니다.

씨앤피차앤박피부과의원 홈페이지의 전화번호가 눌러서 전화를 걸 수 있는 형태가 아니라 글자로만 표시되어 있습니다.

휴대폰으로 보시는 분이 번호를 눌러도 아무 일이 일어나지 않아, 번호를 따로 옮겨 적어 전화 앱에 입력해야 합니다. 진료 문의가 대부분 전화로 들어오는 만큼 이 단계에서 이탈이 생깁니다.

간단한 수정으로 해결됩니다.

이 외에 휴대폰에서 화면이 좌우로 밀리는 점도 함께 확인해 보시면 좋겠습니다.

관리 업체에 그대로 전달하시면 됩니다. 제게 회신하지 않으셔도 괜찮습니다.

웅쓰컴퍼니 / woongs.official@gmail.com",,,
4,2,B,정자씨앤피차앤박피부과의원,경기,성남분당구,http://www.cnpskin.com/,031-715-0061,tel: 링크 없음 — 휴대폰에서 전화 연결 안 됨 / 모바일 가로스크롤 발생,"안녕하세요. 환자 문의가 아니라, 홈페이지 관련해 알려드릴 것이 있어 남깁니다.

정자씨앤피차앤박피부과의원 홈페이지의 전화번호가 눌러서 전화를 걸 수 있는 형태가 아니라 글자로만 표시되어 있습니다.

휴대폰으로 보시는 분이 번호를 눌러도 아무 일이 일어나지 않아, 번호를 따로 옮겨 적어 전화 앱에 입력해야 합니다. 진료 문의가 대부분 전화로 들어오는 만큼 이 단계에서 이탈이 생깁니다.

간단한 수정으로 해결됩니다.

이 외에 휴대폰에서 화면이 좌우로 밀리는 점도 함께 확인해 보시면 좋겠습니다.

관리 업체에 그대로 전달하시면 됩니다. 제게 회신하지 않으셔도 괜찮습니다.

웅쓰컴퍼니 / woongs.official@gmail.com",,,
4,2,A,유앤미피부과의원,경기,수원영통구,http://www.youbeauty.co.kr/,031-206-8275,HTTPS 미설정(http로만 접속) / viewport 없음 — 모바일 미대응,"안녕하세요. 환자 문의가 아니라, 홈페이지 관련해 알려드릴 것이 있어 남깁니다.

유앤미피부과의원 홈페이지에 https:// 로 접속하면 보안 인증서 오류로 경고 화면이 뜨고, http:// 로만 정상 접속됩니다.

요즘 브라우저는 주소를 입력하면 https 부터 시도하기 때문에 환자분에 따라 경고 화면을 먼저 보게 됩니다. http 로 열려도 주소창에 ""안전하지 않음""이 표시됩니다.

무료 인증서로도 해결됩니다.

이 외에 휴대폰 화면에 맞춰지지 않는 점도 함께 확인해 보시면 좋겠습니다.

관리 업체에 그대로 전달하시면 됩니다. 제게 회신하지 않으셔도 괜찮습니다.

웅쓰컴퍼니 / woongs.official@gmail.com",,,
4,2,A,강한피부과의원,경기,수원팔달구,http://www.kangskin.co.kr/,031-221-9007,HTTPS 미설정(http로만 접속) / 개인정보처리방침 없음,"안녕하세요. 환자 문의가 아니라, 홈페이지 관련해 알려드릴 것이 있어 남깁니다.

강한피부과의원 홈페이지에 https:// 로 접속하면 보안 인증서 오류로 경고 화면이 뜨고, http:// 로만 정상 접속됩니다.

요즘 브라우저는 주소를 입력하면 https 부터 시도하기 때문에 환자분에 따라 경고 화면을 먼저 보게 됩니다. http 로 열려도 주소창에 ""안전하지 않음""이 표시됩니다.

무료 인증서로도 해결됩니다.

이 외에 개인정보처리방침 페이지가 없는 점도 함께 확인해 보시면 좋겠습니다.

관리 업체에 그대로 전달하시면 됩니다. 제게 회신하지 않으셔도 괜찮습니다.

웅쓰컴퍼니 / woongs.official@gmail.com",,,
4,2,A,미앤미의원,경기,수원팔달구,http://www.mipretty.co.kr/,031-246-1131,HTTPS 미설정(http로만 접속) / viewport 없음 — 모바일 미대응,"안녕하세요. 환자 문의가 아니라, 홈페이지 관련해 알려드릴 것이 있어 남깁니다.

미앤미의원 홈페이지에 https:// 로 접속하면 보안 인증서 오류로 경고 화면이 뜨고, http:// 로만 정상 접속됩니다.

요즘 브라우저는 주소를 입력하면 https 부터 시도하기 때문에 환자분에 따라 경고 화면을 먼저 보게 됩니다. http 로 열려도 주소창에 ""안전하지 않음""이 표시됩니다.

무료 인증서로도 해결됩니다.

이 외에 휴대폰 화면에 맞춰지지 않는 점도 함께 확인해 보시면 좋겠습니다.

관리 업체에 그대로 전달하시면 됩니다. 제게 회신하지 않으셔도 괜찮습니다.

웅쓰컴퍼니 / woongs.official@gmail.com",,,
4,2,B,차앤박피부과의원,경기,수원팔달구,http://www.cnpskin.com/hos/main.php?groupid=cnpskin16,031-241-3663,tel: 링크 없음 — 휴대폰에서 전화 연결 안 됨 / 모바일 가로스크롤 발생,"안녕하세요. 환자 문의가 아니라, 홈페이지 관련해 알려드릴 것이 있어 남깁니다.

차앤박피부과의원 홈페이지의 전화번호가 눌러서 전화를 걸 수 있는 형태가 아니라 글자로만 표시되어 있습니다.

휴대폰으로 보시는 분이 번호를 눌러도 아무 일이 일어나지 않아, 번호를 따로 옮겨 적어 전화 앱에 입력해야 합니다. 진료 문의가 대부분 전화로 들어오는 만큼 이 단계에서 이탈이 생깁니다.

간단한 수정으로 해결됩니다.

이 외에 휴대폰에서 화면이 좌우로 밀리는 점도 함께 확인해 보시면 좋겠습니다.

관리 업체에 그대로 전달하시면 됩니다. 제게 회신하지 않으셔도 괜찮습니다.

웅쓰컴퍼니 / woongs.official@gmail.com",,,
4,2,A,청담스타성형외과의원,경기,수원팔달구,http://www.cdstar.co.kr/,031-255-7080,HTTPS 미설정(http로만 접속) / tel: 링크 없음 — 휴대폰에서 전화 연결 안 됨,"안녕하세요. 환자 문의가 아니라, 홈페이지 관련해 알려드릴 것이 있어 남깁니다.

청담스타성형외과의원 홈페이지에 https:// 로 접속하면 보안 인증서 오류로 경고 화면이 뜨고, http:// 로만 정상 접속됩니다.

요즘 브라우저는 주소를 입력하면 https 부터 시도하기 때문에 환자분에 따라 경고 화면을 먼저 보게 됩니다. http 로 열려도 주소창에 ""안전하지 않음""이 표시됩니다.

무료 인증서로도 해결됩니다.

이 외에 휴대폰에서 전화번호를 눌러도 연결되지 않는 점도 함께 확인해 보시면 좋겠습니다.

관리 업체에 그대로 전달하시면 됩니다. 제게 회신하지 않으셔도 괜찮습니다.

웅쓰컴퍼니 / woongs.official@gmail.com",,,
4,2,A,서울참피부과의원,경기,안산단원구,http://charmskin.net/,031-414-0075,HTTPS 미설정(http로만 접속) / 개인정보처리방침 없음,"안녕하세요. 환자 문의가 아니라, 홈페이지 관련해 알려드릴 것이 있어 남깁니다.

서울참피부과의원 홈페이지에 https:// 로 접속하면 보안 인증서 오류로 경고 화면이 뜨고, http:// 로만 정상 접속됩니다.

요즘 브라우저는 주소를 입력하면 https 부터 시도하기 때문에 환자분에 따라 경고 화면을 먼저 보게 됩니다. http 로 열려도 주소창에 ""안전하지 않음""이 표시됩니다.

무료 인증서로도 해결됩니다.

이 외에 개인정보처리방침 페이지가 없는 점도 함께 확인해 보시면 좋겠습니다.

관리 업체에 그대로 전달하시면 됩니다. 제게 회신하지 않으셔도 괜찮습니다.

웅쓰컴퍼니 / woongs.official@gmail.com",,,
4,2,B,차앤박피부과의원,경기,안산단원구,http://www.cnpskin.com/,031-405-7878,tel: 링크 없음 — 휴대폰에서 전화 연결 안 됨 / 모바일 가로스크롤 발생,"안녕하세요. 환자 문의가 아니라, 홈페이지 관련해 알려드릴 것이 있어 남깁니다.

차앤박피부과의원 홈페이지의 전화번호가 눌러서 전화를 걸 수 있는 형태가 아니라 글자로만 표시되어 있습니다.

휴대폰으로 보시는 분이 번호를 눌러도 아무 일이 일어나지 않아, 번호를 따로 옮겨 적어 전화 앱에 입력해야 합니다. 진료 문의가 대부분 전화로 들어오는 만큼 이 단계에서 이탈이 생깁니다.

간단한 수정으로 해결됩니다.

이 외에 휴대폰에서 화면이 좌우로 밀리는 점도 함께 확인해 보시면 좋겠습니다.

관리 업체에 그대로 전달하시면 됩니다. 제게 회신하지 않으셔도 괜찮습니다.

웅쓰컴퍼니 / woongs.official@gmail.com",,,
4,2,A,프로포즈성형외과의원,경기,안산단원구,http://propose-ps.co.kr/,031-485-8275,HTTPS 미설정(http로만 접속) / 모바일 가로스크롤 발생,"안녕하세요. 환자 문의가 아니라, 홈페이지 관련해 알려드릴 것이 있어 남깁니다.

프로포즈성형외과의원 홈페이지에 https:// 로 접속하면 보안 인증서 오류로 경고 화면이 뜨고, http:// 로만 정상 접속됩니다.

요즘 브라우저는 주소를 입력하면 https 부터 시도하기 때문에 환자분에 따라 경고 화면을 먼저 보게 됩니다. http 로 열려도 주소창에 ""안전하지 않음""이 표시됩니다.

무료 인증서로도 해결됩니다.

이 외에 휴대폰에서 화면이 좌우로 밀리는 점도 함께 확인해 보시면 좋겠습니다.

관리 업체에 그대로 전달하시면 됩니다. 제게 회신하지 않으셔도 괜찮습니다.

웅쓰컴퍼니 / woongs.official@gmail.com",,,
4,2,B,삼성본오의원,경기,안산상록구,http://www.sbono.co.kr/,031-418-0567,tel: 링크 없음 — 휴대폰에서 전화 연결 안 됨 / 모바일 가로스크롤 발생,"안녕하세요. 환자 문의가 아니라, 홈페이지 관련해 알려드릴 것이 있어 남깁니다.

삼성본오의원 홈페이지의 전화번호가 눌러서 전화를 걸 수 있는 형태가 아니라 글자로만 표시되어 있습니다.

휴대폰으로 보시는 분이 번호를 눌러도 아무 일이 일어나지 않아, 번호를 따로 옮겨 적어 전화 앱에 입력해야 합니다. 진료 문의가 대부분 전화로 들어오는 만큼 이 단계에서 이탈이 생깁니다.

간단한 수정으로 해결됩니다.

이 외에 휴대폰에서 화면이 좌우로 밀리는 점도 함께 확인해 보시면 좋겠습니다.

관리 업체에 그대로 전달하시면 됩니다. 제게 회신하지 않으셔도 괜찮습니다.

웅쓰컴퍼니 / woongs.official@gmail.com",,,
4,2,A,청담산부인과의원,경기,안양동안구,http://www.echungdam.com/,031-383-3703,HTTPS 미설정(http로만 접속) / 개인정보처리방침 없음,"안녕하세요. 환자 문의가 아니라, 홈페이지 관련해 알려드릴 것이 있어 남깁니다.

청담산부인과의원 홈페이지에 https:// 로 접속하면 보안 인증서 오류로 경고 화면이 뜨고, http:// 로만 정상 접속됩니다.

요즘 브라우저는 주소를 입력하면 https 부터 시도하기 때문에 환자분에 따라 경고 화면을 먼저 보게 됩니다. http 로 열려도 주소창에 ""안전하지 않음""이 표시됩니다.

무료 인증서로도 해결됩니다.

이 외에 개인정보처리방침 페이지가 없는 점도 함께 확인해 보시면 좋겠습니다.

관리 업체에 그대로 전달하시면 됩니다. 제게 회신하지 않으셔도 괜찮습니다.

웅쓰컴퍼니 / woongs.official@gmail.com",,,
4,2,A,연세신통외과의원,경기,안양만안구,http://www.shintong.com/,031-444-8275,HTTPS 미설정(http로만 접속) / 개인정보처리방침 없음,"안녕하세요. 환자 문의가 아니라, 홈페이지 관련해 알려드릴 것이 있어 남깁니다.

연세신통외과의원 홈페이지에 https:// 로 접속하면 보안 인증서 오류로 경고 화면이 뜨고, http:// 로만 정상 접속됩니다.

요즘 브라우저는 주소를 입력하면 https 부터 시도하기 때문에 환자분에 따라 경고 화면을 먼저 보게 됩니다. http 로 열려도 주소창에 ""안전하지 않음""이 표시됩니다.

무료 인증서로도 해결됩니다.

이 외에 개인정보처리방침 페이지가 없는 점도 함께 확인해 보시면 좋겠습니다.

관리 업체에 그대로 전달하시면 됩니다. 제게 회신하지 않으셔도 괜찮습니다.

웅쓰컴퍼니 / woongs.official@gmail.com",,,
4,2,B,베르나르의원,경기,용인기흥구,http://www.bernard.co.kr/,031-8005-6633,tel: 링크 없음 — 휴대폰에서 전화 연결 안 됨 / 모바일 가로스크롤 발생,"안녕하세요. 환자 문의가 아니라, 홈페이지 관련해 알려드릴 것이 있어 남깁니다.

베르나르의원 홈페이지의 전화번호가 눌러서 전화를 걸 수 있는 형태가 아니라 글자로만 표시되어 있습니다.

휴대폰으로 보시는 분이 번호를 눌러도 아무 일이 일어나지 않아, 번호를 따로 옮겨 적어 전화 앱에 입력해야 합니다. 진료 문의가 대부분 전화로 들어오는 만큼 이 단계에서 이탈이 생깁니다.

간단한 수정으로 해결됩니다.

이 외에 휴대폰에서 화면이 좌우로 밀리는 점도 함께 확인해 보시면 좋겠습니다.

관리 업체에 그대로 전달하시면 됩니다. 제게 회신하지 않으셔도 괜찮습니다.

웅쓰컴퍼니 / woongs.official@gmail.com",,,
4,2,B,차앤박피부과의원,경기,의정부시,http://www.cnpskin.com/,031-856-5353,tel: 링크 없음 — 휴대폰에서 전화 연결 안 됨 / 모바일 가로스크롤 발생,"안녕하세요. 환자 문의가 아니라, 홈페이지 관련해 알려드릴 것이 있어 남깁니다.

차앤박피부과의원 홈페이지의 전화번호가 눌러서 전화를 걸 수 있는 형태가 아니라 글자로만 표시되어 있습니다.

휴대폰으로 보시는 분이 번호를 눌러도 아무 일이 일어나지 않아, 번호를 따로 옮겨 적어 전화 앱에 입력해야 합니다. 진료 문의가 대부분 전화로 들어오는 만큼 이 단계에서 이탈이 생깁니다.

간단한 수정으로 해결됩니다.

이 외에 휴대폰에서 화면이 좌우로 밀리는 점도 함께 확인해 보시면 좋겠습니다.

관리 업체에 그대로 전달하시면 됩니다. 제게 회신하지 않으셔도 괜찮습니다.

웅쓰컴퍼니 / woongs.official@gmail.com",,,
4,2,B,차앤박피부과의원,경기,평택시,http://www.cnpskin.com/,031-651-9200,tel: 링크 없음 — 휴대폰에서 전화 연결 안 됨 / 모바일 가로스크롤 발생,"안녕하세요. 환자 문의가 아니라, 홈페이지 관련해 알려드릴 것이 있어 남깁니다.

차앤박피부과의원 홈페이지의 전화번호가 눌러서 전화를 걸 수 있는 형태가 아니라 글자로만 표시되어 있습니다.

휴대폰으로 보시는 분이 번호를 눌러도 아무 일이 일어나지 않아, 번호를 따로 옮겨 적어 전화 앱에 입력해야 합니다. 진료 문의가 대부분 전화로 들어오는 만큼 이 단계에서 이탈이 생깁니다.

간단한 수정으로 해결됩니다.

이 외에 휴대폰에서 화면이 좌우로 밀리는 점도 함께 확인해 보시면 좋겠습니다.

관리 업체에 그대로 전달하시면 됩니다. 제게 회신하지 않으셔도 괜찮습니다.

웅쓰컴퍼니 / woongs.official@gmail.com",,,
4,2,A,미뉴얼의원,경기,화성동탄구,http://dt.menewal.co.kr/,031-373-0317,HTTPS 미설정(http로만 접속) / viewport 없음 — 모바일 미대응,"안녕하세요. 환자 문의가 아니라, 홈페이지 관련해 알려드릴 것이 있어 남깁니다.

미뉴얼의원 홈페이지에 https:// 로 접속하면 보안 인증서 오류로 경고 화면이 뜨고, http:// 로만 정상 접속됩니다.

요즘 브라우저는 주소를 입력하면 https 부터 시도하기 때문에 환자분에 따라 경고 화면을 먼저 보게 됩니다. http 로 열려도 주소창에 ""안전하지 않음""이 표시됩니다.

무료 인증서로도 해결됩니다.

이 외에 휴대폰 화면에 맞춰지지 않는 점도 함께 확인해 보시면 좋겠습니다.

관리 업체에 그대로 전달하시면 됩니다. 제게 회신하지 않으셔도 괜찮습니다.

웅쓰컴퍼니 / woongs.official@gmail.com",,,
4,2,B,10년전당신의오늘의원,서울,강남구,http://www.chps.co.kr/,02-541-0333,tel: 링크 없음 — 휴대폰에서 전화 연결 안 됨 / viewport 없음 — 모바일 미대응,"안녕하세요. 환자 문의가 아니라, 홈페이지 관련해 알려드릴 것이 있어 남깁니다.

10년전당신의오늘의원 홈페이지의 전화번호가 눌러서 전화를 걸 수 있는 형태가 아니라 글자로만 표시되어 있습니다.

휴대폰으로 보시는 분이 번호를 눌러도 아무 일이 일어나지 않아, 번호를 따로 옮겨 적어 전화 앱에 입력해야 합니다. 진료 문의가 대부분 전화로 들어오는 만큼 이 단계에서 이탈이 생깁니다.

간단한 수정으로 해결됩니다.

이 외에 휴대폰 화면에 맞춰지지 않는 점도 함께 확인해 보시면 좋겠습니다.

관리 업체에 그대로 전달하시면 됩니다. 제게 회신하지 않으셔도 괜찮습니다.

웅쓰컴퍼니 / woongs.official@gmail.com",,,
4,2,B,강남비엘에스의원,서울,강남구,https://www.blsclinic8.com/,02-6677-2777,tel: 링크 없음 — 휴대폰에서 전화 연결 안 됨 / 모바일 가로스크롤 발생,"안녕하세요. 환자 문의가 아니라, 홈페이지 관련해 알려드릴 것이 있어 남깁니다.

강남비엘에스의원 홈페이지의 전화번호가 눌러서 전화를 걸 수 있는 형태가 아니라 글자로만 표시되어 있습니다.

휴대폰으로 보시는 분이 번호를 눌러도 아무 일이 일어나지 않아, 번호를 따로 옮겨 적어 전화 앱에 입력해야 합니다. 진료 문의가 대부분 전화로 들어오는 만큼 이 단계에서 이탈이 생깁니다.

간단한 수정으로 해결됩니다.

이 외에 휴대폰에서 화면이 좌우로 밀리는 점도 함께 확인해 보시면 좋겠습니다.

관리 업체에 그대로 전달하시면 됩니다. 제게 회신하지 않으셔도 괜찮습니다.

웅쓰컴퍼니 / woongs.official@gmail.com",,,
4,2,B,뉴엘의원,서울,강남구,http://www.nuelclinic.com/,02-515-9998,tel: 링크 없음 — 휴대폰에서 전화 연결 안 됨 / viewport 없음 — 모바일 미대응,"안녕하세요. 환자 문의가 아니라, 홈페이지 관련해 알려드릴 것이 있어 남깁니다.

뉴엘의원 홈페이지의 전화번호가 눌러서 전화를 걸 수 있는 형태가 아니라 글자로만 표시되어 있습니다.

휴대폰으로 보시는 분이 번호를 눌러도 아무 일이 일어나지 않아, 번호를 따로 옮겨 적어 전화 앱에 입력해야 합니다. 진료 문의가 대부분 전화로 들어오는 만큼 이 단계에서 이탈이 생깁니다.

간단한 수정으로 해결됩니다.

이 외에 휴대폰 화면에 맞춰지지 않는 점도 함께 확인해 보시면 좋겠습니다.

관리 업체에 그대로 전달하시면 됩니다. 제게 회신하지 않으셔도 괜찮습니다.

웅쓰컴퍼니 / woongs.official@gmail.com",,,
4,2,B,도곡리더스피부과의원,서울,강남구,http://www.beautyleader.co.kr/,02-575-2300,tel: 링크 없음 — 휴대폰에서 전화 연결 안 됨 / viewport 없음 — 모바일 미대응,"안녕하세요. 환자 문의가 아니라, 홈페이지 관련해 알려드릴 것이 있어 남깁니다.

도곡리더스피부과의원 홈페이지의 전화번호가 눌러서 전화를 걸 수 있는 형태가 아니라 글자로만 표시되어 있습니다.

휴대폰으로 보시는 분이 번호를 눌러도 아무 일이 일어나지 않아, 번호를 따로 옮겨 적어 전화 앱에 입력해야 합니다. 진료 문의가 대부분 전화로 들어오는 만큼 이 단계에서 이탈이 생깁니다.

간단한 수정으로 해결됩니다.

이 외에 휴대폰 화면에 맞춰지지 않는 점도 함께 확인해 보시면 좋겠습니다.

관리 업체에 그대로 전달하시면 됩니다. 제게 회신하지 않으셔도 괜찮습니다.

웅쓰컴퍼니 / woongs.official@gmail.com",,,
4,2,D,라움성형외과의원,서울,강남구,http://www.raumps.com/,02-549-7788,개인정보처리방침 없음 / 푸터 카피라이트 2013 — 방치 인상,"안녕하세요. 환자 문의가 아니라, 홈페이지 관련해 알려드릴 것이 있어 남깁니다.

라움성형외과의원 홈페이지에서 온라인 문의를 받고 계신데, 개인정보처리방침 페이지가 확인되지 않습니다.

문의 과정에서 이름이나 연락처를 받으시면 개인정보를 수집하는 것이 되고, 개인정보보호법에 처리방침을 정해 공개하도록 규정되어 있습니다. 병원 홈페이지에서 흔히 빠져 있는 부분입니다.

표준 양식으로 정리하시면 됩니다.

관리 업체에 그대로 전달하시면 됩니다. 제게 회신하지 않으셔도 괜찮습니다.

웅쓰컴퍼니 / woongs.official@gmail.com",,,
4,2,B,라프린의원,서울,강남구,http://laprinps.com/,517-7811,tel: 링크 없음 — 휴대폰에서 전화 연결 안 됨 / 모바일 가로스크롤 발생,"안녕하세요. 환자 문의가 아니라, 홈페이지 관련해 알려드릴 것이 있어 남깁니다.

라프린의원 홈페이지의 전화번호가 눌러서 전화를 걸 수 있는 형태가 아니라 글자로만 표시되어 있습니다.

휴대폰으로 보시는 분이 번호를 눌러도 아무 일이 일어나지 않아, 번호를 따로 옮겨 적어 전화 앱에 입력해야 합니다. 진료 문의가 대부분 전화로 들어오는 만큼 이 단계에서 이탈이 생깁니다.

간단한 수정으로 해결됩니다.

이 외에 휴대폰에서 화면이 좌우로 밀리는 점도 함께 확인해 보시면 좋겠습니다.

관리 업체에 그대로 전달하시면 됩니다. 제게 회신하지 않으셔도 괜찮습니다.

웅쓰컴퍼니 / woongs.official@gmail.com",,,
4,2,B,레스트의원,서울,강남구,https://rest-clinic.com/,02-6951-2522,tel: 링크 없음 — 휴대폰에서 전화 연결 안 됨 / 개인정보처리방침 없음,"안녕하세요. 환자 문의가 아니라, 홈페이지 관련해 알려드릴 것이 있어 남깁니다.

레스트의원 홈페이지의 전화번호가 눌러서 전화를 걸 수 있는 형태가 아니라 글자로만 표시되어 있습니다.

휴대폰으로 보시는 분이 번호를 눌러도 아무 일이 일어나지 않아, 번호를 따로 옮겨 적어 전화 앱에 입력해야 합니다. 진료 문의가 대부분 전화로 들어오는 만큼 이 단계에서 이탈이 생깁니다.

간단한 수정으로 해결됩니다.

이 외에 개인정보처리방침 페이지가 없는 점도 함께 확인해 보시면 좋겠습니다.

관리 업체에 그대로 전달하시면 됩니다. 제게 회신하지 않으셔도 괜찮습니다.

웅쓰컴퍼니 / woongs.official@gmail.com",,,
4,2,B,루호성형외과의원,서울,강남구,https://www.luho.kr/,516-0013,tel: 링크 없음 — 휴대폰에서 전화 연결 안 됨 / 모바일 가로스크롤 발생,"안녕하세요. 환자 문의가 아니라, 홈페이지 관련해 알려드릴 것이 있어 남깁니다.

루호성형외과의원 홈페이지의 전화번호가 눌러서 전화를 걸 수 있는 형태가 아니라 글자로만 표시되어 있습니다.

휴대폰으로 보시는 분이 번호를 눌러도 아무 일이 일어나지 않아, 번호를 따로 옮겨 적어 전화 앱에 입력해야 합니다. 진료 문의가 대부분 전화로 들어오는 만큼 이 단계에서 이탈이 생깁니다.

간단한 수정으로 해결됩니다.

이 외에 휴대폰에서 화면이 좌우로 밀리는 점도 함께 확인해 보시면 좋겠습니다.

관리 업체에 그대로 전달하시면 됩니다. 제게 회신하지 않으셔도 괜찮습니다.

웅쓰컴퍼니 / woongs.official@gmail.com",,,
4,2,B,르모아의원,서울,강남구,https://lemoirclinic.com/,02-565-2486,tel: 링크 없음 — 휴대폰에서 전화 연결 안 됨 / 개인정보처리방침 없음,"안녕하세요. 환자 문의가 아니라, 홈페이지 관련해 알려드릴 것이 있어 남깁니다.

르모아의원 홈페이지의 전화번호가 눌러서 전화를 걸 수 있는 형태가 아니라 글자로만 표시되어 있습니다.

휴대폰으로 보시는 분이 번호를 눌러도 아무 일이 일어나지 않아, 번호를 따로 옮겨 적어 전화 앱에 입력해야 합니다. 진료 문의가 대부분 전화로 들어오는 만큼 이 단계에서 이탈이 생깁니다.

간단한 수정으로 해결됩니다.

이 외에 개인정보처리방침 페이지가 없는 점도 함께 확인해 보시면 좋겠습니다.

관리 업체에 그대로 전달하시면 됩니다. 제게 회신하지 않으셔도 괜찮습니다.

웅쓰컴퍼니 / woongs.official@gmail.com",,,
4,2,B,리더스피부과의원,서울,강남구,http://www.beautyleader.co.kr/,02-2088-7828,tel: 링크 없음 — 휴대폰에서 전화 연결 안 됨 / viewport 없음 — 모바일 미대응,"안녕하세요. 환자 문의가 아니라, 홈페이지 관련해 알려드릴 것이 있어 남깁니다.

리더스피부과의원 홈페이지의 전화번호가 눌러서 전화를 걸 수 있는 형태가 아니라 글자로만 표시되어 있습니다.

휴대폰으로 보시는 분이 번호를 눌러도 아무 일이 일어나지 않아, 번호를 따로 옮겨 적어 전화 앱에 입력해야 합니다. 진료 문의가 대부분 전화로 들어오는 만큼 이 단계에서 이탈이 생깁니다.

간단한 수정으로 해결됩니다.

이 외에 휴대폰 화면에 맞춰지지 않는 점도 함께 확인해 보시면 좋겠습니다.

관리 업체에 그대로 전달하시면 됩니다. 제게 회신하지 않으셔도 괜찮습니다.

웅쓰컴퍼니 / woongs.official@gmail.com",,,
4,2,B,릴리브의원,서울,강남구,https://www.relieveclinic.co.kr/,02-2138-2775,tel: 링크 없음 — 휴대폰에서 전화 연결 안 됨 / 모바일 가로스크롤 발생,"안녕하세요. 환자 문의가 아니라, 홈페이지 관련해 알려드릴 것이 있어 남깁니다.

릴리브의원 홈페이지의 전화번호가 눌러서 전화를 걸 수 있는 형태가 아니라 글자로만 표시되어 있습니다.

휴대폰으로 보시는 분이 번호를 눌러도 아무 일이 일어나지 않아, 번호를 따로 옮겨 적어 전화 앱에 입력해야 합니다. 진료 문의가 대부분 전화로 들어오는 만큼 이 단계에서 이탈이 생깁니다.

간단한 수정으로 해결됩니다.

이 외에 휴대폰에서 화면이 좌우로 밀리는 점도 함께 확인해 보시면 좋겠습니다.

관리 업체에 그대로 전달하시면 됩니다. 제게 회신하지 않으셔도 괜찮습니다.

웅쓰컴퍼니 / woongs.official@gmail.com",,,
4,2,B,매직피부과의원,서울,강남구,http://www.emagicskin.com/,02-3453-3114,tel: 링크 없음 — 휴대폰에서 전화 연결 안 됨 / viewport 없음 — 모바일 미대응,"안녕하세요. 환자 문의가 아니라, 홈페이지 관련해 알려드릴 것이 있어 남깁니다.

매직피부과의원 홈페이지의 전화번호가 눌러서 전화를 걸 수 있는 형태가 아니라 글자로만 표시되어 있습니다.

휴대폰으로 보시는 분이 번호를 눌러도 아무 일이 일어나지 않아, 번호를 따로 옮겨 적어 전화 앱에 입력해야 합니다. 진료 문의가 대부분 전화로 들어오는 만큼 이 단계에서 이탈이 생깁니다.

간단한 수정으로 해결됩니다.

이 외에 휴대폰 화면에 맞춰지지 않는 점도 함께 확인해 보시면 좋겠습니다.

관리 업체에 그대로 전달하시면 됩니다. 제게 회신하지 않으셔도 괜찮습니다.

웅쓰컴퍼니 / woongs.official@gmail.com",,,
4,2,B,메리성형외과의원,서울,강남구,https://www.merryps.com/,02-512-0799,tel: 링크 없음 — 휴대폰에서 전화 연결 안 됨 / 모바일 가로스크롤 발생,"안녕하세요. 환자 문의가 아니라, 홈페이지 관련해 알려드릴 것이 있어 남깁니다.

메리성형외과의원 홈페이지의 전화번호가 눌러서 전화를 걸 수 있는 형태가 아니라 글자로만 표시되어 있습니다.

휴대폰으로 보시는 분이 번호를 눌러도 아무 일이 일어나지 않아, 번호를 따로 옮겨 적어 전화 앱에 입력해야 합니다. 진료 문의가 대부분 전화로 들어오는 만큼 이 단계에서 이탈이 생깁니다.

간단한 수정으로 해결됩니다.

이 외에 휴대폰에서 화면이 좌우로 밀리는 점도 함께 확인해 보시면 좋겠습니다.

관리 업체에 그대로 전달하시면 됩니다. 제게 회신하지 않으셔도 괜찮습니다.

웅쓰컴퍼니 / woongs.official@gmail.com",,,
4,2,A,모델로피부과의원,서울,강남구,http://www.modelo.co.kr/,02-591-5851,HTTPS 미설정(http로만 접속) / 모바일 가로스크롤 발생,"안녕하세요. 환자 문의가 아니라, 홈페이지 관련해 알려드릴 것이 있어 남깁니다.

모델로피부과의원 홈페이지에 https:// 로 접속하면 보안 인증서 오류로 경고 화면이 뜨고, http:// 로만 정상 접속됩니다.

요즘 브라우저는 주소를 입력하면 https 부터 시도하기 때문에 환자분에 따라 경고 화면을 먼저 보게 됩니다. http 로 열려도 주소창에 ""안전하지 않음""이 표시됩니다.

무료 인증서로도 해결됩니다.

이 외에 휴대폰에서 화면이 좌우로 밀리는 점도 함께 확인해 보시면 좋겠습니다.

관리 업체에 그대로 전달하시면 됩니다. 제게 회신하지 않으셔도 괜찮습니다.

웅쓰컴퍼니 / woongs.official@gmail.com",,,
4,2,A,미인피부과의원,서울,강남구,http://www.meinclinic.com/,02-594-3375,HTTPS 미설정(http로만 접속) / tel: 링크 없음 — 휴대폰에서 전화 연결 안 됨,"안녕하세요. 환자 문의가 아니라, 홈페이지 관련해 알려드릴 것이 있어 남깁니다.

미인피부과의원 홈페이지에 https:// 로 접속하면 보안 인증서 오류로 경고 화면이 뜨고, http:// 로만 정상 접속됩니다.

요즘 브라우저는 주소를 입력하면 https 부터 시도하기 때문에 환자분에 따라 경고 화면을 먼저 보게 됩니다. http 로 열려도 주소창에 ""안전하지 않음""이 표시됩니다.

무료 인증서로도 해결됩니다.

이 외에 휴대폰에서 전화번호를 눌러도 연결되지 않는 점도 함께 확인해 보시면 좋겠습니다.

관리 업체에 그대로 전달하시면 됩니다. 제게 회신하지 않으셔도 괜찮습니다.

웅쓰컴퍼니 / woongs.official@gmail.com",,,
4,2,A,세진피부과의원,서울,강남구,http://www.sejinskin.com/,02-515-2741,HTTPS 미설정(http로만 접속) / 모바일 가로스크롤 발생,"안녕하세요. 환자 문의가 아니라, 홈페이지 관련해 알려드릴 것이 있어 남깁니다.

세진피부과의원 홈페이지에 https:// 로 접속하면 보안 인증서 오류로 경고 화면이 뜨고, http:// 로만 정상 접속됩니다.

요즘 브라우저는 주소를 입력하면 https 부터 시도하기 때문에 환자분에 따라 경고 화면을 먼저 보게 됩니다. http 로 열려도 주소창에 ""안전하지 않음""이 표시됩니다.

무료 인증서로도 해결됩니다.

이 외에 휴대폰에서 화면이 좌우로 밀리는 점도 함께 확인해 보시면 좋겠습니다.

관리 업체에 그대로 전달하시면 됩니다. 제게 회신하지 않으셔도 괜찮습니다.

웅쓰컴퍼니 / woongs.official@gmail.com",,,
4,2,B,씨앤피차앤박피부과의원,서울,강남구,http://www.cnpskin.com/,02-515-2100,tel: 링크 없음 — 휴대폰에서 전화 연결 안 됨 / 모바일 가로스크롤 발생,"안녕하세요. 환자 문의가 아니라, 홈페이지 관련해 알려드릴 것이 있어 남깁니다.

씨앤피차앤박피부과의원 홈페이지의 전화번호가 눌러서 전화를 걸 수 있는 형태가 아니라 글자로만 표시되어 있습니다.

휴대폰으로 보시는 분이 번호를 눌러도 아무 일이 일어나지 않아, 번호를 따로 옮겨 적어 전화 앱에 입력해야 합니다. 진료 문의가 대부분 전화로 들어오는 만큼 이 단계에서 이탈이 생깁니다.

간단한 수정으로 해결됩니다.

이 외에 휴대폰에서 화면이 좌우로 밀리는 점도 함께 확인해 보시면 좋겠습니다.

관리 업체에 그대로 전달하시면 됩니다. 제게 회신하지 않으셔도 괜찮습니다.

웅쓰컴퍼니 / woongs.official@gmail.com",,,
4,2,B,압구정리더스피부과의원,서울,강남구,http://www.beautyleader.co.kr/,1588-7333,tel: 링크 없음 — 휴대폰에서 전화 연결 안 됨 / viewport 없음 — 모바일 미대응,"안녕하세요. 환자 문의가 아니라, 홈페이지 관련해 알려드릴 것이 있어 남깁니다.

압구정리더스피부과의원 홈페이지의 전화번호가 눌러서 전화를 걸 수 있는 형태가 아니라 글자로만 표시되어 있습니다.

휴대폰으로 보시는 분이 번호를 눌러도 아무 일이 일어나지 않아, 번호를 따로 옮겨 적어 전화 앱에 입력해야 합니다. 진료 문의가 대부분 전화로 들어오는 만큼 이 단계에서 이탈이 생깁니다.

간단한 수정으로 해결됩니다.

이 외에 휴대폰 화면에 맞춰지지 않는 점도 함께 확인해 보시면 좋겠습니다.

관리 업체에 그대로 전달하시면 됩니다. 제게 회신하지 않으셔도 괜찮습니다.

웅쓰컴퍼니 / woongs.official@gmail.com",,,
4,2,B,압구정맘모스헤어라인의원,서울,강남구,http://www.mammothseoul.com/,02-518-8782,tel: 링크 없음 — 휴대폰에서 전화 연결 안 됨 / viewport 없음 — 모바일 미대응,"안녕하세요. 환자 문의가 아니라, 홈페이지 관련해 알려드릴 것이 있어 남깁니다.

압구정맘모스헤어라인의원 홈페이지의 전화번호가 눌러서 전화를 걸 수 있는 형태가 아니라 글자로만 표시되어 있습니다.

휴대폰으로 보시는 분이 번호를 눌러도 아무 일이 일어나지 않아, 번호를 따로 옮겨 적어 전화 앱에 입력해야 합니다. 진료 문의가 대부분 전화로 들어오는 만큼 이 단계에서 이탈이 생깁니다.

간단한 수정으로 해결됩니다.

이 외에 휴대폰 화면에 맞춰지지 않는 점도 함께 확인해 보시면 좋겠습니다.

관리 업체에 그대로 전달하시면 됩니다. 제게 회신하지 않으셔도 괜찮습니다.

웅쓰컴퍼니 / woongs.official@gmail.com",,,
4,2,B,양재차앤박피부과의원,서울,강남구,http://www.cnpskin.com/,3463-2400,tel: 링크 없음 — 휴대폰에서 전화 연결 안 됨 / 모바일 가로스크롤 발생,"안녕하세요. 환자 문의가 아니라, 홈페이지 관련해 알려드릴 것이 있어 남깁니다.

양재차앤박피부과의원 홈페이지의 전화번호가 눌러서 전화를 걸 수 있는 형태가 아니라 글자로만 표시되어 있습니다.

휴대폰으로 보시는 분이 번호를 눌러도 아무 일이 일어나지 않아, 번호를 따로 옮겨 적어 전화 앱에 입력해야 합니다. 진료 문의가 대부분 전화로 들어오는 만큼 이 단계에서 이탈이 생깁니다.

간단한 수정으로 해결됩니다.

이 외에 휴대폰에서 화면이 좌우로 밀리는 점도 함께 확인해 보시면 좋겠습니다.

관리 업체에 그대로 전달하시면 됩니다. 제게 회신하지 않으셔도 괜찮습니다.

웅쓰컴퍼니 / woongs.official@gmail.com",,,
4,2,C,에버피부과의원,서울,강남구,http://www.clinicever.co.kr/,02-795-9553,모바일 가로스크롤 발생 / 푸터 카피라이트 2020 — 방치 인상,"안녕하세요. 환자 문의가 아니라, 홈페이지 관련해 알려드릴 것이 있어 남깁니다.

에버피부과의원 홈페이지를 휴대폰으로 열면 화면이 좌우로 밀립니다. 레이아웃이 휴대폰 화면 폭에 맞춰지지 않은 상태입니다.

병원 홈페이지 방문자는 대부분 휴대폰입니다.

관리 업체에 그대로 전달하시면 됩니다. 제게 회신하지 않으셔도 괜찮습니다.

웅쓰컴퍼니 / woongs.official@gmail.com",,,
4,2,A,에스원성형외과의원,서울,강남구,http://www.sonebk.com/,02-546-8859,HTTPS 미설정(http로만 접속) / 모바일 가로스크롤 발생,"안녕하세요. 환자 문의가 아니라, 홈페이지 관련해 알려드릴 것이 있어 남깁니다.

에스원성형외과의원 홈페이지에 https:// 로 접속하면 보안 인증서 오류로 경고 화면이 뜨고, http:// 로만 정상 접속됩니다.

요즘 브라우저는 주소를 입력하면 https 부터 시도하기 때문에 환자분에 따라 경고 화면을 먼저 보게 됩니다. http 로 열려도 주소창에 ""안전하지 않음""이 표시됩니다.

무료 인증서로도 해결됩니다.

이 외에 휴대폰에서 화면이 좌우로 밀리는 점도 함께 확인해 보시면 좋겠습니다.

관리 업체에 그대로 전달하시면 됩니다. 제게 회신하지 않으셔도 괜찮습니다.

웅쓰컴퍼니 / woongs.official@gmail.com",,,
4,2,A,예작비뇨의학과의원,서울,강남구,http://www.yezak.co.kr/,1577-7565,HTTPS 미설정(http로만 접속) / 개인정보처리방침 없음,"안녕하세요. 환자 문의가 아니라, 홈페이지 관련해 알려드릴 것이 있어 남깁니다.

예작비뇨의학과의원 홈페이지에 https:// 로 접속하면 보안 인증서 오류로 경고 화면이 뜨고, http:// 로만 정상 접속됩니다.

요즘 브라우저는 주소를 입력하면 https 부터 시도하기 때문에 환자분에 따라 경고 화면을 먼저 보게 됩니다. http 로 열려도 주소창에 ""안전하지 않음""이 표시됩니다.

무료 인증서로도 해결됩니다.

이 외에 개인정보처리방침 페이지가 없는 점도 함께 확인해 보시면 좋겠습니다.

관리 업체에 그대로 전달하시면 됩니다. 제게 회신하지 않으셔도 괜찮습니다.

웅쓰컴퍼니 / woongs.official@gmail.com",,,
4,2,A,제이와이성형외과의원,서울,강남구,http://jy-clinic.com/,02-512-5800,HTTPS 미설정(http로만 접속) / tel: 링크 없음 — 휴대폰에서 전화 연결 안 됨,"안녕하세요. 환자 문의가 아니라, 홈페이지 관련해 알려드릴 것이 있어 남깁니다.

제이와이성형외과의원 홈페이지에 https:// 로 접속하면 보안 인증서 오류로 경고 화면이 뜨고, http:// 로만 정상 접속됩니다.

요즘 브라우저는 주소를 입력하면 https 부터 시도하기 때문에 환자분에 따라 경고 화면을 먼저 보게 됩니다. http 로 열려도 주소창에 ""안전하지 않음""이 표시됩니다.

무료 인증서로도 해결됩니다.

이 외에 휴대폰에서 전화번호를 눌러도 연결되지 않는 점도 함께 확인해 보시면 좋겠습니다.

관리 업체에 그대로 전달하시면 됩니다. 제게 회신하지 않으셔도 괜찮습니다.

웅쓰컴퍼니 / woongs.official@gmail.com",,,
4,2,A,조앤박의원,서울,강남구,http://www.joandpark.com/,02-517-8830,HTTPS 미설정(http로만 접속) / viewport 없음 — 모바일 미대응,"안녕하세요. 환자 문의가 아니라, 홈페이지 관련해 알려드릴 것이 있어 남깁니다.

조앤박의원 홈페이지에 https:// 로 접속하면 보안 인증서 오류로 경고 화면이 뜨고, http:// 로만 정상 접속됩니다.

요즘 브라우저는 주소를 입력하면 https 부터 시도하기 때문에 환자분에 따라 경고 화면을 먼저 보게 됩니다. http 로 열려도 주소창에 ""안전하지 않음""이 표시됩니다.

무료 인증서로도 해결됩니다.

이 외에 휴대폰 화면에 맞춰지지 않는 점도 함께 확인해 보시면 좋겠습니다.

관리 업체에 그대로 전달하시면 됩니다. 제게 회신하지 않으셔도 괜찮습니다.

웅쓰컴퍼니 / woongs.official@gmail.com",,,
4,2,B,창피부과의원,서울,강남구,http://www.changskin.com/,02-538-3575,tel: 링크 없음 — 휴대폰에서 전화 연결 안 됨 / viewport 없음 — 모바일 미대응,"안녕하세요. 환자 문의가 아니라, 홈페이지 관련해 알려드릴 것이 있어 남깁니다.

창피부과의원 홈페이지의 전화번호가 눌러서 전화를 걸 수 있는 형태가 아니라 글자로만 표시되어 있습니다.

휴대폰으로 보시는 분이 번호를 눌러도 아무 일이 일어나지 않아, 번호를 따로 옮겨 적어 전화 앱에 입력해야 합니다. 진료 문의가 대부분 전화로 들어오는 만큼 이 단계에서 이탈이 생깁니다.

간단한 수정으로 해결됩니다.

이 외에 휴대폰 화면에 맞춰지지 않는 점도 함께 확인해 보시면 좋겠습니다.

관리 업체에 그대로 전달하시면 됩니다. 제게 회신하지 않으셔도 괜찮습니다.

웅쓰컴퍼니 / woongs.official@gmail.com",,,
4,2,B,청담은피부과의원,서울,강남구,http://www.eunskin.co.kr/,02-546-3322,tel: 링크 없음 — 휴대폰에서 전화 연결 안 됨 / 개인정보처리방침 없음,"안녕하세요. 환자 문의가 아니라, 홈페이지 관련해 알려드릴 것이 있어 남깁니다.

청담은피부과의원 홈페이지의 전화번호가 눌러서 전화를 걸 수 있는 형태가 아니라 글자로만 표시되어 있습니다.

휴대폰으로 보시는 분이 번호를 눌러도 아무 일이 일어나지 않아, 번호를 따로 옮겨 적어 전화 앱에 입력해야 합니다. 진료 문의가 대부분 전화로 들어오는 만큼 이 단계에서 이탈이 생깁니다.

간단한 수정으로 해결됩니다.

이 외에 개인정보처리방침 페이지가 없는 점도 함께 확인해 보시면 좋겠습니다.

관리 업체에 그대로 전달하시면 됩니다. 제게 회신하지 않으셔도 괜찮습니다.

웅쓰컴퍼니 / woongs.official@gmail.com",,,
4,2,B,팝성형외과의원,서울,강남구,https://pop-ps.com/,545-0025,tel: 링크 없음 — 휴대폰에서 전화 연결 안 됨 / 모바일 가로스크롤 발생,"안녕하세요. 환자 문의가 아니라, 홈페이지 관련해 알려드릴 것이 있어 남깁니다.

팝성형외과의원 홈페이지의 전화번호가 눌러서 전화를 걸 수 있는 형태가 아니라 글자로만 표시되어 있습니다.

휴대폰으로 보시는 분이 번호를 눌러도 아무 일이 일어나지 않아, 번호를 따로 옮겨 적어 전화 앱에 입력해야 합니다. 진료 문의가 대부분 전화로 들어오는 만큼 이 단계에서 이탈이 생깁니다.

간단한 수정으로 해결됩니다.

이 외에 휴대폰에서 화면이 좌우로 밀리는 점도 함께 확인해 보시면 좋겠습니다.

관리 업체에 그대로 전달하시면 됩니다. 제게 회신하지 않으셔도 괜찮습니다.

웅쓰컴퍼니 / woongs.official@gmail.com",,,
4,2,C,하오덤의원,서울,강남구,https://www.haoderm.com/,02-512-3113,모바일 가로스크롤 발생 / 개인정보처리방침 없음,"안녕하세요. 환자 문의가 아니라, 홈페이지 관련해 알려드릴 것이 있어 남깁니다.

하오덤의원 홈페이지를 휴대폰으로 열면 화면이 좌우로 밀립니다. 레이아웃이 휴대폰 화면 폭에 맞춰지지 않은 상태입니다.

병원 홈페이지 방문자는 대부분 휴대폰입니다.

이 외에 개인정보처리방침 페이지가 없는 점도 함께 확인해 보시면 좋겠습니다.

관리 업체에 그대로 전달하시면 됩니다. 제게 회신하지 않으셔도 괜찮습니다.

웅쓰컴퍼니 / woongs.official@gmail.com",,,
4,2,A,미리의원,서울,강동구,http://www.mipretty.co.kr/,470-1175,HTTPS 미설정(http로만 접속) / viewport 없음 — 모바일 미대응,"안녕하세요. 환자 문의가 아니라, 홈페이지 관련해 알려드릴 것이 있어 남깁니다.

미리의원 홈페이지에 https:// 로 접속하면 보안 인증서 오류로 경고 화면이 뜨고, http:// 로만 정상 접속됩니다.

요즘 브라우저는 주소를 입력하면 https 부터 시도하기 때문에 환자분에 따라 경고 화면을 먼저 보게 됩니다. http 로 열려도 주소창에 ""안전하지 않음""이 표시됩니다.

무료 인증서로도 해결됩니다.

이 외에 휴대폰 화면에 맞춰지지 않는 점도 함께 확인해 보시면 좋겠습니다.

관리 업체에 그대로 전달하시면 됩니다. 제게 회신하지 않으셔도 괜찮습니다.

웅쓰컴퍼니 / woongs.official@gmail.com",,,
4,2,B,차앤박피부과의원,서울,강동구,http://www.cnpskin.com/,02-485-4650,tel: 링크 없음 — 휴대폰에서 전화 연결 안 됨 / 모바일 가로스크롤 발생,"안녕하세요. 환자 문의가 아니라, 홈페이지 관련해 알려드릴 것이 있어 남깁니다.

차앤박피부과의원 홈페이지의 전화번호가 눌러서 전화를 걸 수 있는 형태가 아니라 글자로만 표시되어 있습니다.

휴대폰으로 보시는 분이 번호를 눌러도 아무 일이 일어나지 않아, 번호를 따로 옮겨 적어 전화 앱에 입력해야 합니다. 진료 문의가 대부분 전화로 들어오는 만큼 이 단계에서 이탈이 생깁니다.

간단한 수정으로 해결됩니다.

이 외에 휴대폰에서 화면이 좌우로 밀리는 점도 함께 확인해 보시면 좋겠습니다.

관리 업체에 그대로 전달하시면 됩니다. 제게 회신하지 않으셔도 괜찮습니다.

웅쓰컴퍼니 / woongs.official@gmail.com",,,
4,2,A,미애로여성의원,서울,강북구,http://www.miaerosu.com/,02-996-4500,HTTPS 미설정(http로만 접속) / 모바일 가로스크롤 발생,"안녕하세요. 환자 문의가 아니라, 홈페이지 관련해 알려드릴 것이 있어 남깁니다.

미애로여성의원 홈페이지에 https:// 로 접속하면 보안 인증서 오류로 경고 화면이 뜨고, http:// 로만 정상 접속됩니다.

요즘 브라우저는 주소를 입력하면 https 부터 시도하기 때문에 환자분에 따라 경고 화면을 먼저 보게 됩니다. http 로 열려도 주소창에 ""안전하지 않음""이 표시됩니다.

무료 인증서로도 해결됩니다.

이 외에 휴대폰에서 화면이 좌우로 밀리는 점도 함께 확인해 보시면 좋겠습니다.

관리 업체에 그대로 전달하시면 됩니다. 제게 회신하지 않으셔도 괜찮습니다.

웅쓰컴퍼니 / woongs.official@gmail.com",,,
4,2,A,방외과의원,서울,강북구,http://www.barng.co.kr/,02-984-1255,HTTPS 미설정(http로만 접속) / 푸터 카피라이트 2016 — 방치 인상,"안녕하세요. 환자 문의가 아니라, 홈페이지 관련해 알려드릴 것이 있어 남깁니다.

방외과의원 홈페이지에 https:// 로 접속하면 보안 인증서 오류로 경고 화면이 뜨고, http:// 로만 정상 접속됩니다.

요즘 브라우저는 주소를 입력하면 https 부터 시도하기 때문에 환자분에 따라 경고 화면을 먼저 보게 됩니다. http 로 열려도 주소창에 ""안전하지 않음""이 표시됩니다.

무료 인증서로도 해결됩니다.

관리 업체에 그대로 전달하시면 됩니다. 제게 회신하지 않으셔도 괜찮습니다.

웅쓰컴퍼니 / woongs.official@gmail.com",,,
4,2,A,엘앤에스비뇨기과의원,서울,강북구,http://www.lnsclinic.com/,02-988-1151,HTTPS 미설정(http로만 접속) / tel: 링크 없음 — 휴대폰에서 전화 연결 안 됨,"안녕하세요. 환자 문의가 아니라, 홈페이지 관련해 알려드릴 것이 있어 남깁니다.

엘앤에스비뇨기과의원 홈페이지에 https:// 로 접속하면 보안 인증서 오류로 경고 화면이 뜨고, http:// 로만 정상 접속됩니다.

요즘 브라우저는 주소를 입력하면 https 부터 시도하기 때문에 환자분에 따라 경고 화면을 먼저 보게 됩니다. http 로 열려도 주소창에 ""안전하지 않음""이 표시됩니다.

무료 인증서로도 해결됩니다.

이 외에 휴대폰에서 전화번호를 눌러도 연결되지 않는 점도 함께 확인해 보시면 좋겠습니다.

관리 업체에 그대로 전달하시면 됩니다. 제게 회신하지 않으셔도 괜찮습니다.

웅쓰컴퍼니 / woongs.official@gmail.com",,,
4,2,B,보아스이비인후과의원,서울,강서구,http://www.boazent.co.kr/,02-2601-7528,tel: 링크 없음 — 휴대폰에서 전화 연결 안 됨 / 개인정보처리방침 없음,"안녕하세요. 환자 문의가 아니라, 홈페이지 관련해 알려드릴 것이 있어 남깁니다.

보아스이비인후과의원 홈페이지의 전화번호가 눌러서 전화를 걸 수 있는 형태가 아니라 글자로만 표시되어 있습니다.

휴대폰으로 보시는 분이 번호를 눌러도 아무 일이 일어나지 않아, 번호를 따로 옮겨 적어 전화 앱에 입력해야 합니다. 진료 문의가 대부분 전화로 들어오는 만큼 이 단계에서 이탈이 생깁니다.

간단한 수정으로 해결됩니다.

이 외에 개인정보처리방침 페이지가 없는 점도 함께 확인해 보시면 좋겠습니다.

관리 업체에 그대로 전달하시면 됩니다. 제게 회신하지 않으셔도 괜찮습니다.

웅쓰컴퍼니 / woongs.official@gmail.com",,,
4,2,A,엘유라인업의원,서울,강서구,http://www.luclinic.co.kr/,02-2646-4200,HTTPS 미설정(http로만 접속) / 개인정보처리방침 없음,"안녕하세요. 환자 문의가 아니라, 홈페이지 관련해 알려드릴 것이 있어 남깁니다.

엘유라인업의원 홈페이지에 https:// 로 접속하면 보안 인증서 오류로 경고 화면이 뜨고, http:// 로만 정상 접속됩니다.

요즘 브라우저는 주소를 입력하면 https 부터 시도하기 때문에 환자분에 따라 경고 화면을 먼저 보게 됩니다. http 로 열려도 주소창에 ""안전하지 않음""이 표시됩니다.

무료 인증서로도 해결됩니다.

이 외에 개인정보처리방침 페이지가 없는 점도 함께 확인해 보시면 좋겠습니다.

관리 업체에 그대로 전달하시면 됩니다. 제게 회신하지 않으셔도 괜찮습니다.

웅쓰컴퍼니 / woongs.official@gmail.com",,,
4,2,B,의) 롯데의료재단 보바스의원,서울,강서구,https://www.bobathm.net/,02-6735-6800,tel: 링크 없음 — 휴대폰에서 전화 연결 안 됨 / 개인정보처리방침 없음,"안녕하세요. 환자 문의가 아니라, 홈페이지 관련해 알려드릴 것이 있어 남깁니다.

의) 롯데의료재단 보바스의원 홈페이지의 전화번호가 눌러서 전화를 걸 수 있는 형태가 아니라 글자로만 표시되어 있습니다.

휴대폰으로 보시는 분이 번호를 눌러도 아무 일이 일어나지 않아, 번호를 따로 옮겨 적어 전화 앱에 입력해야 합니다. 진료 문의가 대부분 전화로 들어오는 만큼 이 단계에서 이탈이 생깁니다.

간단한 수정으로 해결됩니다.

이 외에 개인정보처리방침 페이지가 없는 점도 함께 확인해 보시면 좋겠습니다.

관리 업체에 그대로 전달하시면 됩니다. 제게 회신하지 않으셔도 괜찮습니다.

웅쓰컴퍼니 / woongs.official@gmail.com",,,
4,2,A,이고은피부과의원,서울,강서구,http://www.ourskin.co.kr/,02-2606-0075,HTTPS 미설정(http로만 접속) / 푸터 카피라이트 2017 — 방치 인상,"안녕하세요. 환자 문의가 아니라, 홈페이지 관련해 알려드릴 것이 있어 남깁니다.

이고은피부과의원 홈페이지에 https:// 로 접속하면 보안 인증서 오류로 경고 화면이 뜨고, http:// 로만 정상 접속됩니다.

요즘 브라우저는 주소를 입력하면 https 부터 시도하기 때문에 환자분에 따라 경고 화면을 먼저 보게 됩니다. http 로 열려도 주소창에 ""안전하지 않음""이 표시됩니다.

무료 인증서로도 해결됩니다.

관리 업체에 그대로 전달하시면 됩니다. 제게 회신하지 않으셔도 괜찮습니다.

웅쓰컴퍼니 / woongs.official@gmail.com",,,
4,2,A,코앤유의원,서울,강서구,http://www.conyou.co.kr/,02-2661-0567,HTTPS 미설정(http로만 접속) / tel: 링크 없음 — 휴대폰에서 전화 연결 안 됨,"안녕하세요. 환자 문의가 아니라, 홈페이지 관련해 알려드릴 것이 있어 남깁니다.

코앤유의원 홈페이지에 https:// 로 접속하면 보안 인증서 오류로 경고 화면이 뜨고, http:// 로만 정상 접속됩니다.

요즘 브라우저는 주소를 입력하면 https 부터 시도하기 때문에 환자분에 따라 경고 화면을 먼저 보게 됩니다. http 로 열려도 주소창에 ""안전하지 않음""이 표시됩니다.

무료 인증서로도 해결됩니다.

이 외에 휴대폰에서 전화번호를 눌러도 연결되지 않는 점도 함께 확인해 보시면 좋겠습니다.

관리 업체에 그대로 전달하시면 됩니다. 제게 회신하지 않으셔도 괜찮습니다.

웅쓰컴퍼니 / woongs.official@gmail.com",,,
4,2,A,맑은윤의원,서울,광진구,http://www.dryoonclinic.com/,02-452-5958,HTTPS 미설정(http로만 접속) / 개인정보처리방침 없음,"안녕하세요. 환자 문의가 아니라, 홈페이지 관련해 알려드릴 것이 있어 남깁니다.

맑은윤의원 홈페이지에 https:// 로 접속하면 보안 인증서 오류로 경고 화면이 뜨고, http:// 로만 정상 접속됩니다.

요즘 브라우저는 주소를 입력하면 https 부터 시도하기 때문에 환자분에 따라 경고 화면을 먼저 보게 됩니다. http 로 열려도 주소창에 ""안전하지 않음""이 표시됩니다.

무료 인증서로도 해결됩니다.

이 외에 개인정보처리방침 페이지가 없는 점도 함께 확인해 보시면 좋겠습니다.

관리 업체에 그대로 전달하시면 됩니다. 제게 회신하지 않으셔도 괜찮습니다.

웅쓰컴퍼니 / woongs.official@gmail.com",,,
4,2,B,차앤박피부과의원,서울,노원구,http://www.cnpskin.com/hos/main.php?groupid=cnpskin18,02-933-0571,tel: 링크 없음 — 휴대폰에서 전화 연결 안 됨 / 모바일 가로스크롤 발생,"안녕하세요. 환자 문의가 아니라, 홈페이지 관련해 알려드릴 것이 있어 남깁니다.

차앤박피부과의원 홈페이지의 전화번호가 눌러서 전화를 걸 수 있는 형태가 아니라 글자로만 표시되어 있습니다.

휴대폰으로 보시는 분이 번호를 눌러도 아무 일이 일어나지 않아, 번호를 따로 옮겨 적어 전화 앱에 입력해야 합니다. 진료 문의가 대부분 전화로 들어오는 만큼 이 단계에서 이탈이 생깁니다.

간단한 수정으로 해결됩니다.

이 외에 휴대폰에서 화면이 좌우로 밀리는 점도 함께 확인해 보시면 좋겠습니다.

관리 업체에 그대로 전달하시면 됩니다. 제게 회신하지 않으셔도 괜찮습니다.

웅쓰컴퍼니 / woongs.official@gmail.com",,,
4,2,A,태릉본비뇨기과의원,서울,노원구,http://www.bornuro.co.kr/,02-960-8108,HTTPS 미설정(http로만 접속) / tel: 링크 없음 — 휴대폰에서 전화 연결 안 됨,"안녕하세요. 환자 문의가 아니라, 홈페이지 관련해 알려드릴 것이 있어 남깁니다.

태릉본비뇨기과의원 홈페이지에 https:// 로 접속하면 보안 인증서 오류로 경고 화면이 뜨고, http:// 로만 정상 접속됩니다.

요즘 브라우저는 주소를 입력하면 https 부터 시도하기 때문에 환자분에 따라 경고 화면을 먼저 보게 됩니다. http 로 열려도 주소창에 ""안전하지 않음""이 표시됩니다.

무료 인증서로도 해결됩니다.

이 외에 휴대폰에서 전화번호를 눌러도 연결되지 않는 점도 함께 확인해 보시면 좋겠습니다.

관리 업체에 그대로 전달하시면 됩니다. 제게 회신하지 않으셔도 괜찮습니다.

웅쓰컴퍼니 / woongs.official@gmail.com",,,
4,2,A,피오나여성의원,서울,노원구,http://www.fionaclinic.co.kr/,02-951-7111,HTTPS 미설정(http로만 접속) / tel: 링크 없음 — 휴대폰에서 전화 연결 안 됨,"안녕하세요. 환자 문의가 아니라, 홈페이지 관련해 알려드릴 것이 있어 남깁니다.

피오나여성의원 홈페이지에 https:// 로 접속하면 보안 인증서 오류로 경고 화면이 뜨고, http:// 로만 정상 접속됩니다.

요즘 브라우저는 주소를 입력하면 https 부터 시도하기 때문에 환자분에 따라 경고 화면을 먼저 보게 됩니다. http 로 열려도 주소창에 ""안전하지 않음""이 표시됩니다.

무료 인증서로도 해결됩니다.

이 외에 휴대폰에서 전화번호를 눌러도 연결되지 않는 점도 함께 확인해 보시면 좋겠습니다.

관리 업체에 그대로 전달하시면 됩니다. 제게 회신하지 않으셔도 괜찮습니다.

웅쓰컴퍼니 / woongs.official@gmail.com",,,
4,2,A,더샤인한스의원,서울,도봉구,http://mantamo.com/,990-3002,HTTPS 미설정(http로만 접속) / 푸터 카피라이트 2011 — 방치 인상,"안녕하세요. 환자 문의가 아니라, 홈페이지 관련해 알려드릴 것이 있어 남깁니다.

더샤인한스의원 홈페이지에 https:// 로 접속하면 보안 인증서 오류로 경고 화면이 뜨고, http:// 로만 정상 접속됩니다.

요즘 브라우저는 주소를 입력하면 https 부터 시도하기 때문에 환자분에 따라 경고 화면을 먼저 보게 됩니다. http 로 열려도 주소창에 ""안전하지 않음""이 표시됩니다.

무료 인증서로도 해결됩니다.

관리 업체에 그대로 전달하시면 됩니다. 제게 회신하지 않으셔도 괜찮습니다.

웅쓰컴퍼니 / woongs.official@gmail.com",,,
4,2,A,서울항맥외과의원,서울,도봉구,http://www.anovein.com/,02-997-0700,HTTPS 미설정(http로만 접속) / 모바일 가로스크롤 발생,"안녕하세요. 환자 문의가 아니라, 홈페이지 관련해 알려드릴 것이 있어 남깁니다.

서울항맥외과의원 홈페이지에 https:// 로 접속하면 보안 인증서 오류로 경고 화면이 뜨고, http:// 로만 정상 접속됩니다.

요즘 브라우저는 주소를 입력하면 https 부터 시도하기 때문에 환자분에 따라 경고 화면을 먼저 보게 됩니다. http 로 열려도 주소창에 ""안전하지 않음""이 표시됩니다.

무료 인증서로도 해결됩니다.

이 외에 휴대폰에서 화면이 좌우로 밀리는 점도 함께 확인해 보시면 좋겠습니다.

관리 업체에 그대로 전달하시면 됩니다. 제게 회신하지 않으셔도 괜찮습니다.

웅쓰컴퍼니 / woongs.official@gmail.com",,,
4,2,A,연세애드미피부과의원,서울,도봉구,http://www.addbeauty.co.kr/,02-906-1400,HTTPS 미설정(http로만 접속) / viewport 없음 — 모바일 미대응,"안녕하세요. 환자 문의가 아니라, 홈페이지 관련해 알려드릴 것이 있어 남깁니다.

연세애드미피부과의원 홈페이지에 https:// 로 접속하면 보안 인증서 오류로 경고 화면이 뜨고, http:// 로만 정상 접속됩니다.

요즘 브라우저는 주소를 입력하면 https 부터 시도하기 때문에 환자분에 따라 경고 화면을 먼저 보게 됩니다. http 로 열려도 주소창에 ""안전하지 않음""이 표시됩니다.

무료 인증서로도 해결됩니다.

이 외에 휴대폰 화면에 맞춰지지 않는 점도 함께 확인해 보시면 좋겠습니다.

관리 업체에 그대로 전달하시면 됩니다. 제게 회신하지 않으셔도 괜찮습니다.

웅쓰컴퍼니 / woongs.official@gmail.com",,,
4,2,A,서울탑비뇨기과의원,서울,동작구,http://www.seoultopclinic.com/,02-6334-0137,HTTPS 미설정(http로만 접속) / 개인정보처리방침 없음,"안녕하세요. 환자 문의가 아니라, 홈페이지 관련해 알려드릴 것이 있어 남깁니다.

서울탑비뇨기과의원 홈페이지에 https:// 로 접속하면 보안 인증서 오류로 경고 화면이 뜨고, http:// 로만 정상 접속됩니다.

요즘 브라우저는 주소를 입력하면 https 부터 시도하기 때문에 환자분에 따라 경고 화면을 먼저 보게 됩니다. http 로 열려도 주소창에 ""안전하지 않음""이 표시됩니다.

무료 인증서로도 해결됩니다.

이 외에 개인정보처리방침 페이지가 없는 점도 함께 확인해 보시면 좋겠습니다.

관리 업체에 그대로 전달하시면 됩니다. 제게 회신하지 않으셔도 괜찮습니다.

웅쓰컴퍼니 / woongs.official@gmail.com",,,
4,2,A,미소퀸산부인과의원,서울,마포구,http://www.misoqueen.co.kr/,02-704-9988,HTTPS 미설정(http로만 접속) / tel: 링크 없음 — 휴대폰에서 전화 연결 안 됨,"안녕하세요. 환자 문의가 아니라, 홈페이지 관련해 알려드릴 것이 있어 남깁니다.

미소퀸산부인과의원 홈페이지에 https:// 로 접속하면 보안 인증서 오류로 경고 화면이 뜨고, http:// 로만 정상 접속됩니다.

요즘 브라우저는 주소를 입력하면 https 부터 시도하기 때문에 환자분에 따라 경고 화면을 먼저 보게 됩니다. http 로 열려도 주소창에 ""안전하지 않음""이 표시됩니다.

무료 인증서로도 해결됩니다.

이 외에 휴대폰에서 전화번호를 눌러도 연결되지 않는 점도 함께 확인해 보시면 좋겠습니다.

관리 업체에 그대로 전달하시면 됩니다. 제게 회신하지 않으셔도 괜찮습니다.

웅쓰컴퍼니 / woongs.official@gmail.com",,,
4,2,A,벨아미-리노보의원,서울,마포구,http://www.renovoh.co.kr/,02-3141-4282,HTTPS 미설정(http로만 접속) / 개인정보처리방침 없음,"안녕하세요. 환자 문의가 아니라, 홈페이지 관련해 알려드릴 것이 있어 남깁니다.

벨아미-리노보의원 홈페이지에 https:// 로 접속하면 보안 인증서 오류로 경고 화면이 뜨고, http:// 로만 정상 접속됩니다.

요즘 브라우저는 주소를 입력하면 https 부터 시도하기 때문에 환자분에 따라 경고 화면을 먼저 보게 됩니다. http 로 열려도 주소창에 ""안전하지 않음""이 표시됩니다.

무료 인증서로도 해결됩니다.

이 외에 개인정보처리방침 페이지가 없는 점도 함께 확인해 보시면 좋겠습니다.

관리 업체에 그대로 전달하시면 됩니다. 제게 회신하지 않으셔도 괜찮습니다.

웅쓰컴퍼니 / woongs.official@gmail.com",,,
4,2,B,보아스이비인후과의원,서울,마포구,http://www.boazent.co.kr/,392-0079,tel: 링크 없음 — 휴대폰에서 전화 연결 안 됨 / 개인정보처리방침 없음,"안녕하세요. 환자 문의가 아니라, 홈페이지 관련해 알려드릴 것이 있어 남깁니다.

보아스이비인후과의원 홈페이지의 전화번호가 눌러서 전화를 걸 수 있는 형태가 아니라 글자로만 표시되어 있습니다.

휴대폰으로 보시는 분이 번호를 눌러도 아무 일이 일어나지 않아, 번호를 따로 옮겨 적어 전화 앱에 입력해야 합니다. 진료 문의가 대부분 전화로 들어오는 만큼 이 단계에서 이탈이 생깁니다.

간단한 수정으로 해결됩니다.

이 외에 개인정보처리방침 페이지가 없는 점도 함께 확인해 보시면 좋겠습니다.

관리 업체에 그대로 전달하시면 됩니다. 제게 회신하지 않으셔도 괜찮습니다.

웅쓰컴퍼니 / woongs.official@gmail.com",,,
4,2,A,봄눈피우다의원,서울,마포구,http://springeye.co.kr/,02-6925-1215,HTTPS 미설정(http로만 접속) / 개인정보처리방침 없음,"안녕하세요. 환자 문의가 아니라, 홈페이지 관련해 알려드릴 것이 있어 남깁니다.

봄눈피우다의원 홈페이지에 https:// 로 접속하면 보안 인증서 오류로 경고 화면이 뜨고, http:// 로만 정상 접속됩니다.

요즘 브라우저는 주소를 입력하면 https 부터 시도하기 때문에 환자분에 따라 경고 화면을 먼저 보게 됩니다. http 로 열려도 주소창에 ""안전하지 않음""이 표시됩니다.

무료 인증서로도 해결됩니다.

이 외에 개인정보처리방침 페이지가 없는 점도 함께 확인해 보시면 좋겠습니다.

관리 업체에 그대로 전달하시면 됩니다. 제게 회신하지 않으셔도 괜찮습니다.

웅쓰컴퍼니 / woongs.official@gmail.com",,,
4,2,B,차앤박피부과의원,서울,서대문구,http://www.cnpskin.com/,02-3147-0300,tel: 링크 없음 — 휴대폰에서 전화 연결 안 됨 / 모바일 가로스크롤 발생,"안녕하세요. 환자 문의가 아니라, 홈페이지 관련해 알려드릴 것이 있어 남깁니다.

차앤박피부과의원 홈페이지의 전화번호가 눌러서 전화를 걸 수 있는 형태가 아니라 글자로만 표시되어 있습니다.

휴대폰으로 보시는 분이 번호를 눌러도 아무 일이 일어나지 않아, 번호를 따로 옮겨 적어 전화 앱에 입력해야 합니다. 진료 문의가 대부분 전화로 들어오는 만큼 이 단계에서 이탈이 생깁니다.

간단한 수정으로 해결됩니다.

이 외에 휴대폰에서 화면이 좌우로 밀리는 점도 함께 확인해 보시면 좋겠습니다.

관리 업체에 그대로 전달하시면 됩니다. 제게 회신하지 않으셔도 괜찮습니다.

웅쓰컴퍼니 / woongs.official@gmail.com",,,
4,2,C,21성형외과의원,서울,서초구,https://21ps.co.kr/,02-596-2121,viewport 없음 — 모바일 미대응 / 푸터 카피라이트 2022 — 방치 인상,"안녕하세요. 환자 문의가 아니라, 홈페이지 관련해 알려드릴 것이 있어 남깁니다.

21성형외과의원 홈페이지를 휴대폰으로 열면 화면이 좌우로 밀리고 글씨가 작아서 확대해야 읽힙니다. 화면 크기 설정(viewport)이 없어 휴대폰이 PC 화면을 그대로 축소해 보여주는 상태입니다.

병원 홈페이지 방문자는 대부분 휴대폰입니다.

관리 업체에 그대로 전달하시면 됩니다. 제게 회신하지 않으셔도 괜찮습니다.

웅쓰컴퍼니 / woongs.official@gmail.com",,,
4,2,A,강남연세재활의학과의원,서울,서초구,http://www.ksspine.co.kr/,02-3478-0216,HTTPS 미설정(http로만 접속) / tel: 링크 없음 — 휴대폰에서 전화 연결 안 됨,"안녕하세요. 환자 문의가 아니라, 홈페이지 관련해 알려드릴 것이 있어 남깁니다.

강남연세재활의학과의원 홈페이지에 https:// 로 접속하면 보안 인증서 오류로 경고 화면이 뜨고, http:// 로만 정상 접속됩니다.

요즘 브라우저는 주소를 입력하면 https 부터 시도하기 때문에 환자분에 따라 경고 화면을 먼저 보게 됩니다. http 로 열려도 주소창에 ""안전하지 않음""이 표시됩니다.

무료 인증서로도 해결됩니다.

이 외에 휴대폰에서 전화번호를 눌러도 연결되지 않는 점도 함께 확인해 보시면 좋겠습니다.

관리 업체에 그대로 전달하시면 됩니다. 제게 회신하지 않으셔도 괜찮습니다.

웅쓰컴퍼니 / woongs.official@gmail.com",,,
4,2,A,강한피부과의원,서울,서초구,http://www.kangskin.co.kr/,02-567-4962,HTTPS 미설정(http로만 접속) / 개인정보처리방침 없음,"안녕하세요. 환자 문의가 아니라, 홈페이지 관련해 알려드릴 것이 있어 남깁니다.

강한피부과의원 홈페이지에 https:// 로 접속하면 보안 인증서 오류로 경고 화면이 뜨고, http:// 로만 정상 접속됩니다.

요즘 브라우저는 주소를 입력하면 https 부터 시도하기 때문에 환자분에 따라 경고 화면을 먼저 보게 됩니다. http 로 열려도 주소창에 ""안전하지 않음""이 표시됩니다.

무료 인증서로도 해결됩니다.

이 외에 개인정보처리방침 페이지가 없는 점도 함께 확인해 보시면 좋겠습니다.

관리 업체에 그대로 전달하시면 됩니다. 제게 회신하지 않으셔도 괜찮습니다.

웅쓰컴퍼니 / woongs.official@gmail.com",,,
4,2,B,메종드엠의원,서울,서초구,https://mdem.co.kr/,02-533-7001,tel: 링크 없음 — 휴대폰에서 전화 연결 안 됨 / 모바일 가로스크롤 발생,"안녕하세요. 환자 문의가 아니라, 홈페이지 관련해 알려드릴 것이 있어 남깁니다.

메종드엠의원 홈페이지의 전화번호가 눌러서 전화를 걸 수 있는 형태가 아니라 글자로만 표시되어 있습니다.

휴대폰으로 보시는 분이 번호를 눌러도 아무 일이 일어나지 않아, 번호를 따로 옮겨 적어 전화 앱에 입력해야 합니다. 진료 문의가 대부분 전화로 들어오는 만큼 이 단계에서 이탈이 생깁니다.

간단한 수정으로 해결됩니다.

이 외에 휴대폰에서 화면이 좌우로 밀리는 점도 함께 확인해 보시면 좋겠습니다.

관리 업체에 그대로 전달하시면 됩니다. 제게 회신하지 않으셔도 괜찮습니다.

웅쓰컴퍼니 / woongs.official@gmail.com",,,
4,2,B,반포리움성형외과의원,서울,서초구,https://banpoleeum.com/,02-535-7582,tel: 링크 없음 — 휴대폰에서 전화 연결 안 됨 / 개인정보처리방침 없음,"안녕하세요. 환자 문의가 아니라, 홈페이지 관련해 알려드릴 것이 있어 남깁니다.

반포리움성형외과의원 홈페이지의 전화번호가 눌러서 전화를 걸 수 있는 형태가 아니라 글자로만 표시되어 있습니다.

휴대폰으로 보시는 분이 번호를 눌러도 아무 일이 일어나지 않아, 번호를 따로 옮겨 적어 전화 앱에 입력해야 합니다. 진료 문의가 대부분 전화로 들어오는 만큼 이 단계에서 이탈이 생깁니다.

간단한 수정으로 해결됩니다.

이 외에 개인정보처리방침 페이지가 없는 점도 함께 확인해 보시면 좋겠습니다.

관리 업체에 그대로 전달하시면 됩니다. 제게 회신하지 않으셔도 괜찮습니다.

웅쓰컴퍼니 / woongs.official@gmail.com",,,
4,2,C,본아이성형외과의원,서울,서초구,http://www.boneeye.co.kr/,02-1899-7233,모바일 가로스크롤 발생 / 푸터 카피라이트 2016 — 방치 인상,"안녕하세요. 환자 문의가 아니라, 홈페이지 관련해 알려드릴 것이 있어 남깁니다.

본아이성형외과의원 홈페이지를 휴대폰으로 열면 화면이 좌우로 밀립니다. 레이아웃이 휴대폰 화면 폭에 맞춰지지 않은 상태입니다.

병원 홈페이지 방문자는 대부분 휴대폰입니다.

관리 업체에 그대로 전달하시면 됩니다. 제게 회신하지 않으셔도 괜찮습니다.

웅쓰컴퍼니 / woongs.official@gmail.com",,,
4,2,C,브라운성형외과의원,서울,서초구,http://www.braunps.co.kr/,02-518-2400,모바일 가로스크롤 발생 / 푸터 카피라이트 2009 — 방치 인상,"안녕하세요. 환자 문의가 아니라, 홈페이지 관련해 알려드릴 것이 있어 남깁니다.

브라운성형외과의원 홈페이지를 휴대폰으로 열면 화면이 좌우로 밀립니다. 레이아웃이 휴대폰 화면 폭에 맞춰지지 않은 상태입니다.

병원 홈페이지 방문자는 대부분 휴대폰입니다.

관리 업체에 그대로 전달하시면 됩니다. 제게 회신하지 않으셔도 괜찮습니다.

웅쓰컴퍼니 / woongs.official@gmail.com",,,
4,2,B,비티성형외과의원,서울,서초구,https://www.btprs.co.kr/,,tel: 링크 없음 — 휴대폰에서 전화 연결 안 됨 / 모바일 가로스크롤 발생,"안녕하세요. 환자 문의가 아니라, 홈페이지 관련해 알려드릴 것이 있어 남깁니다.

비티성형외과의원 홈페이지의 전화번호가 눌러서 전화를 걸 수 있는 형태가 아니라 글자로만 표시되어 있습니다.

휴대폰으로 보시는 분이 번호를 눌러도 아무 일이 일어나지 않아, 번호를 따로 옮겨 적어 전화 앱에 입력해야 합니다. 진료 문의가 대부분 전화로 들어오는 만큼 이 단계에서 이탈이 생깁니다.

간단한 수정으로 해결됩니다.

이 외에 휴대폰에서 화면이 좌우로 밀리는 점도 함께 확인해 보시면 좋겠습니다.

관리 업체에 그대로 전달하시면 됩니다. 제게 회신하지 않으셔도 괜찮습니다.

웅쓰컴퍼니 / woongs.official@gmail.com",,,
4,2,B,아티크의원,서울,서초구,https://artiqueclinic.com/,02-532-7700,tel: 링크 없음 — 휴대폰에서 전화 연결 안 됨 / 모바일 가로스크롤 발생,"안녕하세요. 환자 문의가 아니라, 홈페이지 관련해 알려드릴 것이 있어 남깁니다.

아티크의원 홈페이지의 전화번호가 눌러서 전화를 걸 수 있는 형태가 아니라 글자로만 표시되어 있습니다.

휴대폰으로 보시는 분이 번호를 눌러도 아무 일이 일어나지 않아, 번호를 따로 옮겨 적어 전화 앱에 입력해야 합니다. 진료 문의가 대부분 전화로 들어오는 만큼 이 단계에서 이탈이 생깁니다.

간단한 수정으로 해결됩니다.

이 외에 휴대폰에서 화면이 좌우로 밀리는 점도 함께 확인해 보시면 좋겠습니다.

관리 업체에 그대로 전달하시면 됩니다. 제게 회신하지 않으셔도 괜찮습니다.

웅쓰컴퍼니 / woongs.official@gmail.com",,,
4,2,B,연세스타피부과의원,서울,서초구,http://www.mystarskin.co.kr/,02-582-0828,tel: 링크 없음 — 휴대폰에서 전화 연결 안 됨 / viewport 없음 — 모바일 미대응,"안녕하세요. 환자 문의가 아니라, 홈페이지 관련해 알려드릴 것이 있어 남깁니다.

연세스타피부과의원 홈페이지의 전화번호가 눌러서 전화를 걸 수 있는 형태가 아니라 글자로만 표시되어 있습니다.

휴대폰으로 보시는 분이 번호를 눌러도 아무 일이 일어나지 않아, 번호를 따로 옮겨 적어 전화 앱에 입력해야 합니다. 진료 문의가 대부분 전화로 들어오는 만큼 이 단계에서 이탈이 생깁니다.

간단한 수정으로 해결됩니다.

이 외에 휴대폰 화면에 맞춰지지 않는 점도 함께 확인해 보시면 좋겠습니다.

관리 업체에 그대로 전달하시면 됩니다. 제게 회신하지 않으셔도 괜찮습니다.

웅쓰컴퍼니 / woongs.official@gmail.com",,,
4,2,A,와이케이(YK)박윤기피부과의원,서울,서초구,http://www.kangskin.co.kr/,02-6052-1125,HTTPS 미설정(http로만 접속) / 개인정보처리방침 없음,"안녕하세요. 환자 문의가 아니라, 홈페이지 관련해 알려드릴 것이 있어 남깁니다.

와이케이(YK)박윤기피부과의원 홈페이지에 https:// 로 접속하면 보안 인증서 오류로 경고 화면이 뜨고, http:// 로만 정상 접속됩니다.

요즘 브라우저는 주소를 입력하면 https 부터 시도하기 때문에 환자분에 따라 경고 화면을 먼저 보게 됩니다. http 로 열려도 주소창에 ""안전하지 않음""이 표시됩니다.

무료 인증서로도 해결됩니다.

이 외에 개인정보처리방침 페이지가 없는 점도 함께 확인해 보시면 좋겠습니다.

관리 업체에 그대로 전달하시면 됩니다. 제게 회신하지 않으셔도 괜찮습니다.

웅쓰컴퍼니 / woongs.official@gmail.com",,,
4,2,A,위즈미여성의원,서울,서초구,http://wmclinic.co.kr/,02-2651-3030,HTTPS 미설정(http로만 접속) / tel: 링크 없음 — 휴대폰에서 전화 연결 안 됨,"안녕하세요. 환자 문의가 아니라, 홈페이지 관련해 알려드릴 것이 있어 남깁니다.

위즈미여성의원 홈페이지에 https:// 로 접속하면 보안 인증서 오류로 경고 화면이 뜨고, http:// 로만 정상 접속됩니다.

요즘 브라우저는 주소를 입력하면 https 부터 시도하기 때문에 환자분에 따라 경고 화면을 먼저 보게 됩니다. http 로 열려도 주소창에 ""안전하지 않음""이 표시됩니다.

무료 인증서로도 해결됩니다.

이 외에 휴대폰에서 전화번호를 눌러도 연결되지 않는 점도 함께 확인해 보시면 좋겠습니다.

관리 업체에 그대로 전달하시면 됩니다. 제게 회신하지 않으셔도 괜찮습니다.

웅쓰컴퍼니 / woongs.official@gmail.com",,,
4,2,A,차민성형외과의원,서울,서초구,http://chaminst.com/,02-517-0120,HTTPS 미설정(http로만 접속) / 푸터 카피라이트 2022 — 방치 인상,"안녕하세요. 환자 문의가 아니라, 홈페이지 관련해 알려드릴 것이 있어 남깁니다.

차민성형외과의원 홈페이지에 https:// 로 접속하면 보안 인증서 오류로 경고 화면이 뜨고, http:// 로만 정상 접속됩니다.

요즘 브라우저는 주소를 입력하면 https 부터 시도하기 때문에 환자분에 따라 경고 화면을 먼저 보게 됩니다. http 로 열려도 주소창에 ""안전하지 않음""이 표시됩니다.

무료 인증서로도 해결됩니다.

관리 업체에 그대로 전달하시면 됩니다. 제게 회신하지 않으셔도 괜찮습니다.

웅쓰컴퍼니 / woongs.official@gmail.com",,,
4,2,B,차앤박피부과의원,서울,성북구,http://www.cnpskin.com/,02-922-2900,tel: 링크 없음 — 휴대폰에서 전화 연결 안 됨 / 모바일 가로스크롤 발생,"안녕하세요. 환자 문의가 아니라, 홈페이지 관련해 알려드릴 것이 있어 남깁니다.

차앤박피부과의원 홈페이지의 전화번호가 눌러서 전화를 걸 수 있는 형태가 아니라 글자로만 표시되어 있습니다.

휴대폰으로 보시는 분이 번호를 눌러도 아무 일이 일어나지 않아, 번호를 따로 옮겨 적어 전화 앱에 입력해야 합니다. 진료 문의가 대부분 전화로 들어오는 만큼 이 단계에서 이탈이 생깁니다.

간단한 수정으로 해결됩니다.

이 외에 휴대폰에서 화면이 좌우로 밀리는 점도 함께 확인해 보시면 좋겠습니다.

관리 업체에 그대로 전달하시면 됩니다. 제게 회신하지 않으셔도 괜찮습니다.

웅쓰컴퍼니 / woongs.official@gmail.com",,,
4,2,C,예미고피부과의원,서울,송파구,http://www.yemigo.co.kr/,02-425-0044,모바일 가로스크롤 발생 / 푸터 카피라이트 2019 — 방치 인상,"안녕하세요. 환자 문의가 아니라, 홈페이지 관련해 알려드릴 것이 있어 남깁니다.

예미고피부과의원 홈페이지를 휴대폰으로 열면 화면이 좌우로 밀립니다. 레이아웃이 휴대폰 화면 폭에 맞춰지지 않은 상태입니다.

병원 홈페이지 방문자는 대부분 휴대폰입니다.

관리 업체에 그대로 전달하시면 됩니다. 제게 회신하지 않으셔도 괜찮습니다.

웅쓰컴퍼니 / woongs.official@gmail.com",,,
4,2,A,참내과의원,서울,송파구,http://www.charm-clinic.com/,02-430-9168,HTTPS 미설정(http로만 접속) / 푸터 카피라이트 2018 — 방치 인상,"안녕하세요. 환자 문의가 아니라, 홈페이지 관련해 알려드릴 것이 있어 남깁니다.

참내과의원 홈페이지에 https:// 로 접속하면 보안 인증서 오류로 경고 화면이 뜨고, http:// 로만 정상 접속됩니다.

요즘 브라우저는 주소를 입력하면 https 부터 시도하기 때문에 환자분에 따라 경고 화면을 먼저 보게 됩니다. http 로 열려도 주소창에 ""안전하지 않음""이 표시됩니다.

무료 인증서로도 해결됩니다.

관리 업체에 그대로 전달하시면 됩니다. 제게 회신하지 않으셔도 괜찮습니다.

웅쓰컴퍼니 / woongs.official@gmail.com",,,
4,2,B,리더스피부과의원,서울,양천구,http://www.beautyleader.co.kr/,02-2163-3973,tel: 링크 없음 — 휴대폰에서 전화 연결 안 됨 / viewport 없음 — 모바일 미대응,"안녕하세요. 환자 문의가 아니라, 홈페이지 관련해 알려드릴 것이 있어 남깁니다.

리더스피부과의원 홈페이지의 전화번호가 눌러서 전화를 걸 수 있는 형태가 아니라 글자로만 표시되어 있습니다.

휴대폰으로 보시는 분이 번호를 눌러도 아무 일이 일어나지 않아, 번호를 따로 옮겨 적어 전화 앱에 입력해야 합니다. 진료 문의가 대부분 전화로 들어오는 만큼 이 단계에서 이탈이 생깁니다.

간단한 수정으로 해결됩니다.

이 외에 휴대폰 화면에 맞춰지지 않는 점도 함께 확인해 보시면 좋겠습니다.

관리 업체에 그대로 전달하시면 됩니다. 제게 회신하지 않으셔도 괜찮습니다.

웅쓰컴퍼니 / woongs.official@gmail.com",,,
4,2,A,플라워피부과의원,서울,양천구,http://www.flowerskin.co.kr/,02-2061-9553,HTTPS 미설정(http로만 접속) / 개인정보처리방침 없음,"안녕하세요. 환자 문의가 아니라, 홈페이지 관련해 알려드릴 것이 있어 남깁니다.

플라워피부과의원 홈페이지에 https:// 로 접속하면 보안 인증서 오류로 경고 화면이 뜨고, http:// 로만 정상 접속됩니다.

요즘 브라우저는 주소를 입력하면 https 부터 시도하기 때문에 환자분에 따라 경고 화면을 먼저 보게 됩니다. http 로 열려도 주소창에 ""안전하지 않음""이 표시됩니다.

무료 인증서로도 해결됩니다.

이 외에 개인정보처리방침 페이지가 없는 점도 함께 확인해 보시면 좋겠습니다.

관리 업체에 그대로 전달하시면 됩니다. 제게 회신하지 않으셔도 괜찮습니다.

웅쓰컴퍼니 / woongs.official@gmail.com",,,
4,2,B,CNP차앤박피부과의원,서울,영등포구,http://www.cnpskin.com/hos/main.php?groupid=cnpskin03,02-786-5123,tel: 링크 없음 — 휴대폰에서 전화 연결 안 됨 / 모바일 가로스크롤 발생,"안녕하세요. 환자 문의가 아니라, 홈페이지 관련해 알려드릴 것이 있어 남깁니다.

CNP차앤박피부과의원 홈페이지의 전화번호가 눌러서 전화를 걸 수 있는 형태가 아니라 글자로만 표시되어 있습니다.

휴대폰으로 보시는 분이 번호를 눌러도 아무 일이 일어나지 않아, 번호를 따로 옮겨 적어 전화 앱에 입력해야 합니다. 진료 문의가 대부분 전화로 들어오는 만큼 이 단계에서 이탈이 생깁니다.

간단한 수정으로 해결됩니다.

이 외에 휴대폰에서 화면이 좌우로 밀리는 점도 함께 확인해 보시면 좋겠습니다.

관리 업체에 그대로 전달하시면 됩니다. 제게 회신하지 않으셔도 괜찮습니다.

웅쓰컴퍼니 / woongs.official@gmail.com",,,
4,2,A,리엔뉴의원,서울,영등포구,http://www.rennew.co.kr/,02-785-0095,HTTPS 미설정(http로만 접속) / 푸터 카피라이트 2021 — 방치 인상,"안녕하세요. 환자 문의가 아니라, 홈페이지 관련해 알려드릴 것이 있어 남깁니다.

리엔뉴의원 홈페이지에 https:// 로 접속하면 보안 인증서 오류로 경고 화면이 뜨고, http:// 로만 정상 접속됩니다.

요즘 브라우저는 주소를 입력하면 https 부터 시도하기 때문에 환자분에 따라 경고 화면을 먼저 보게 됩니다. http 로 열려도 주소창에 ""안전하지 않음""이 표시됩니다.

무료 인증서로도 해결됩니다.

관리 업체에 그대로 전달하시면 됩니다. 제게 회신하지 않으셔도 괜찮습니다.

웅쓰컴퍼니 / woongs.official@gmail.com",,,
4,2,A,블루릿지의원,서울,영등포구,http://blueclinic.co.kr/,02-783-7501,HTTPS 미설정(http로만 접속) / 개인정보처리방침 없음,"안녕하세요. 환자 문의가 아니라, 홈페이지 관련해 알려드릴 것이 있어 남깁니다.

블루릿지의원 홈페이지에 https:// 로 접속하면 보안 인증서 오류로 경고 화면이 뜨고, http:// 로만 정상 접속됩니다.

요즘 브라우저는 주소를 입력하면 https 부터 시도하기 때문에 환자분에 따라 경고 화면을 먼저 보게 됩니다. http 로 열려도 주소창에 ""안전하지 않음""이 표시됩니다.

무료 인증서로도 해결됩니다.

이 외에 개인정보처리방침 페이지가 없는 점도 함께 확인해 보시면 좋겠습니다.

관리 업체에 그대로 전달하시면 됩니다. 제게 회신하지 않으셔도 괜찮습니다.

웅쓰컴퍼니 / woongs.official@gmail.com",,,
4,2,B,새로운내과의원,서울,영등포구,https://www.saerounim.com/,02-2634-0771,tel: 링크 없음 — 휴대폰에서 전화 연결 안 됨 / 모바일 가로스크롤 발생,"안녕하세요. 환자 문의가 아니라, 홈페이지 관련해 알려드릴 것이 있어 남깁니다.

새로운내과의원 홈페이지의 전화번호가 눌러서 전화를 걸 수 있는 형태가 아니라 글자로만 표시되어 있습니다.

휴대폰으로 보시는 분이 번호를 눌러도 아무 일이 일어나지 않아, 번호를 따로 옮겨 적어 전화 앱에 입력해야 합니다. 진료 문의가 대부분 전화로 들어오는 만큼 이 단계에서 이탈이 생깁니다.

간단한 수정으로 해결됩니다.

이 외에 휴대폰에서 화면이 좌우로 밀리는 점도 함께 확인해 보시면 좋겠습니다.

관리 업체에 그대로 전달하시면 됩니다. 제게 회신하지 않으셔도 괜찮습니다.

웅쓰컴퍼니 / woongs.official@gmail.com",,,
4,2,B,닥터선의원,서울,용산구,https://www.drsunclinic.com/,02-6273-7500,tel: 링크 없음 — 휴대폰에서 전화 연결 안 됨 / 개인정보처리방침 없음,"안녕하세요. 환자 문의가 아니라, 홈페이지 관련해 알려드릴 것이 있어 남깁니다.

닥터선의원 홈페이지의 전화번호가 눌러서 전화를 걸 수 있는 형태가 아니라 글자로만 표시되어 있습니다.

휴대폰으로 보시는 분이 번호를 눌러도 아무 일이 일어나지 않아, 번호를 따로 옮겨 적어 전화 앱에 입력해야 합니다. 진료 문의가 대부분 전화로 들어오는 만큼 이 단계에서 이탈이 생깁니다.

간단한 수정으로 해결됩니다.

이 외에 개인정보처리방침 페이지가 없는 점도 함께 확인해 보시면 좋겠습니다.

관리 업체에 그대로 전달하시면 됩니다. 제게 회신하지 않으셔도 괜찮습니다.

웅쓰컴퍼니 / woongs.official@gmail.com",,,
4,2,A,라엘르의원,서울,용산구,http://www.la-aille.com/,02-749-0126,HTTPS 미설정(http로만 접속) / 개인정보처리방침 없음,"안녕하세요. 환자 문의가 아니라, 홈페이지 관련해 알려드릴 것이 있어 남깁니다.

라엘르의원 홈페이지에 https:// 로 접속하면 보안 인증서 오류로 경고 화면이 뜨고, http:// 로만 정상 접속됩니다.

요즘 브라우저는 주소를 입력하면 https 부터 시도하기 때문에 환자분에 따라 경고 화면을 먼저 보게 됩니다. http 로 열려도 주소창에 ""안전하지 않음""이 표시됩니다.

무료 인증서로도 해결됩니다.

이 외에 개인정보처리방침 페이지가 없는 점도 함께 확인해 보시면 좋겠습니다.

관리 업체에 그대로 전달하시면 됩니다. 제게 회신하지 않으셔도 괜찮습니다.

웅쓰컴퍼니 / woongs.official@gmail.com",,,
4,2,B,트리니티내과의원,서울,용산구,http://www.trinitydoc.co.kr/,02-793-7127,tel: 링크 없음 — 휴대폰에서 전화 연결 안 됨 / 개인정보처리방침 없음,"안녕하세요. 환자 문의가 아니라, 홈페이지 관련해 알려드릴 것이 있어 남깁니다.

트리니티내과의원 홈페이지의 전화번호가 눌러서 전화를 걸 수 있는 형태가 아니라 글자로만 표시되어 있습니다.

휴대폰으로 보시는 분이 번호를 눌러도 아무 일이 일어나지 않아, 번호를 따로 옮겨 적어 전화 앱에 입력해야 합니다. 진료 문의가 대부분 전화로 들어오는 만큼 이 단계에서 이탈이 생깁니다.

간단한 수정으로 해결됩니다.

이 외에 개인정보처리방침 페이지가 없는 점도 함께 확인해 보시면 좋겠습니다.

관리 업체에 그대로 전달하시면 됩니다. 제게 회신하지 않으셔도 괜찮습니다.

웅쓰컴퍼니 / woongs.official@gmail.com",,,
4,2,B,명동리더스피부과의원,서울,중구,http://www.beautyleader.co.kr/,02-6677-1945,tel: 링크 없음 — 휴대폰에서 전화 연결 안 됨 / viewport 없음 — 모바일 미대응,"안녕하세요. 환자 문의가 아니라, 홈페이지 관련해 알려드릴 것이 있어 남깁니다.

명동리더스피부과의원 홈페이지의 전화번호가 눌러서 전화를 걸 수 있는 형태가 아니라 글자로만 표시되어 있습니다.

휴대폰으로 보시는 분이 번호를 눌러도 아무 일이 일어나지 않아, 번호를 따로 옮겨 적어 전화 앱에 입력해야 합니다. 진료 문의가 대부분 전화로 들어오는 만큼 이 단계에서 이탈이 생깁니다.

간단한 수정으로 해결됩니다.

이 외에 휴대폰 화면에 맞춰지지 않는 점도 함께 확인해 보시면 좋겠습니다.

관리 업체에 그대로 전달하시면 됩니다. 제게 회신하지 않으셔도 괜찮습니다.

웅쓰컴퍼니 / woongs.official@gmail.com",,,
4,2,B,보아스이비인후과의원,서울,중구,http://www.boazent.co.kr/,02-2234-1530,tel: 링크 없음 — 휴대폰에서 전화 연결 안 됨 / 개인정보처리방침 없음,"안녕하세요. 환자 문의가 아니라, 홈페이지 관련해 알려드릴 것이 있어 남깁니다.

보아스이비인후과의원 홈페이지의 전화번호가 눌러서 전화를 걸 수 있는 형태가 아니라 글자로만 표시되어 있습니다.

휴대폰으로 보시는 분이 번호를 눌러도 아무 일이 일어나지 않아, 번호를 따로 옮겨 적어 전화 앱에 입력해야 합니다. 진료 문의가 대부분 전화로 들어오는 만큼 이 단계에서 이탈이 생깁니다.

간단한 수정으로 해결됩니다.

이 외에 개인정보처리방침 페이지가 없는 점도 함께 확인해 보시면 좋겠습니다.

관리 업체에 그대로 전달하시면 됩니다. 제게 회신하지 않으셔도 괜찮습니다.

웅쓰컴퍼니 / woongs.official@gmail.com",,,
4,2,B,씨앤피차앤박피부과의원,서울,중구,http://www.cnpskin.com/,777-2488,tel: 링크 없음 — 휴대폰에서 전화 연결 안 됨 / 모바일 가로스크롤 발생,"안녕하세요. 환자 문의가 아니라, 홈페이지 관련해 알려드릴 것이 있어 남깁니다.

씨앤피차앤박피부과의원 홈페이지의 전화번호가 눌러서 전화를 걸 수 있는 형태가 아니라 글자로만 표시되어 있습니다.

휴대폰으로 보시는 분이 번호를 눌러도 아무 일이 일어나지 않아, 번호를 따로 옮겨 적어 전화 앱에 입력해야 합니다. 진료 문의가 대부분 전화로 들어오는 만큼 이 단계에서 이탈이 생깁니다.

간단한 수정으로 해결됩니다.

이 외에 휴대폰에서 화면이 좌우로 밀리는 점도 함께 확인해 보시면 좋겠습니다.

관리 업체에 그대로 전달하시면 됩니다. 제게 회신하지 않으셔도 괜찮습니다.

웅쓰컴퍼니 / woongs.official@gmail.com",,,
4,2,B,보아스이비인후과의원,서울,중랑구,http://www.boazent.co.kr/,02-2207-1530,tel: 링크 없음 — 휴대폰에서 전화 연결 안 됨 / 개인정보처리방침 없음,"안녕하세요. 환자 문의가 아니라, 홈페이지 관련해 알려드릴 것이 있어 남깁니다.

보아스이비인후과의원 홈페이지의 전화번호가 눌러서 전화를 걸 수 있는 형태가 아니라 글자로만 표시되어 있습니다.

휴대폰으로 보시는 분이 번호를 눌러도 아무 일이 일어나지 않아, 번호를 따로 옮겨 적어 전화 앱에 입력해야 합니다. 진료 문의가 대부분 전화로 들어오는 만큼 이 단계에서 이탈이 생깁니다.

간단한 수정으로 해결됩니다.

이 외에 개인정보처리방침 페이지가 없는 점도 함께 확인해 보시면 좋겠습니다.

관리 업체에 그대로 전달하시면 됩니다. 제게 회신하지 않으셔도 괜찮습니다.

웅쓰컴퍼니 / woongs.official@gmail.com",,,
5,1,B,일산고운세상피부과의원,경기,고양일산동구,http://www.beautyforever.co.kr/,031-932-8275,tel: 링크 없음 — 휴대폰에서 전화 연결 안 됨,"안녕하세요. 환자 문의가 아니라, 홈페이지 관련해 알려드릴 것이 있어 남깁니다.

일산고운세상피부과의원 홈페이지의 전화번호가 눌러서 전화를 걸 수 있는 형태가 아니라 글자로만 표시되어 있습니다.

휴대폰으로 보시는 분이 번호를 눌러도 아무 일이 일어나지 않아, 번호를 따로 옮겨 적어 전화 앱에 입력해야 합니다. 진료 문의가 대부분 전화로 들어오는 만큼 이 단계에서 이탈이 생깁니다.

간단한 수정으로 해결됩니다.

관리 업체에 그대로 전달하시면 됩니다. 제게 회신하지 않으셔도 괜찮습니다.

웅쓰컴퍼니 / woongs.official@gmail.com",,,
5,1,B,뷰티온의원 별내점,경기,남양주시,https://byeolnae.beautyon.co.kr/intro,031-529-0904,tel: 링크 없음 — 휴대폰에서 전화 연결 안 됨,"안녕하세요. 환자 문의가 아니라, 홈페이지 관련해 알려드릴 것이 있어 남깁니다.

뷰티온의원 별내점 홈페이지의 전화번호가 눌러서 전화를 걸 수 있는 형태가 아니라 글자로만 표시되어 있습니다.

휴대폰으로 보시는 분이 번호를 눌러도 아무 일이 일어나지 않아, 번호를 따로 옮겨 적어 전화 앱에 입력해야 합니다. 진료 문의가 대부분 전화로 들어오는 만큼 이 단계에서 이탈이 생깁니다.

간단한 수정으로 해결됩니다.

관리 업체에 그대로 전달하시면 됩니다. 제게 회신하지 않으셔도 괜찮습니다.

웅쓰컴퍼니 / woongs.official@gmail.com",,,
5,1,A,늘샤인 의원,경기,성남분당구,http://alwaysshineclinic.com/,031-778-7889,HTTPS 미설정(http로만 접속),"안녕하세요. 환자 문의가 아니라, 홈페이지 관련해 알려드릴 것이 있어 남깁니다.

늘샤인 의원 홈페이지에 https:// 로 접속하면 보안 인증서 오류로 경고 화면이 뜨고, http:// 로만 정상 접속됩니다.

요즘 브라우저는 주소를 입력하면 https 부터 시도하기 때문에 환자분에 따라 경고 화면을 먼저 보게 됩니다. http 로 열려도 주소창에 ""안전하지 않음""이 표시됩니다.

무료 인증서로도 해결됩니다.

관리 업체에 그대로 전달하시면 됩니다. 제게 회신하지 않으셔도 괜찮습니다.

웅쓰컴퍼니 / woongs.official@gmail.com",,,
5,1,A,링클스탑의원,경기,성남분당구,http://wrinklestop.co.kr/,031-706-0015,HTTPS 미설정(http로만 접속),"안녕하세요. 환자 문의가 아니라, 홈페이지 관련해 알려드릴 것이 있어 남깁니다.

링클스탑의원 홈페이지에 https:// 로 접속하면 보안 인증서 오류로 경고 화면이 뜨고, http:// 로만 정상 접속됩니다.

요즘 브라우저는 주소를 입력하면 https 부터 시도하기 때문에 환자분에 따라 경고 화면을 먼저 보게 됩니다. http 로 열려도 주소창에 ""안전하지 않음""이 표시됩니다.

무료 인증서로도 해결됩니다.

관리 업체에 그대로 전달하시면 됩니다. 제게 회신하지 않으셔도 괜찮습니다.

웅쓰컴퍼니 / woongs.official@gmail.com",,,
5,1,B,파워비뇨의학과의원,경기,성남분당구,https://powerurology.com/,031-609-9988,tel: 링크 없음 — 휴대폰에서 전화 연결 안 됨,"안녕하세요. 환자 문의가 아니라, 홈페이지 관련해 알려드릴 것이 있어 남깁니다.

파워비뇨의학과의원 홈페이지의 전화번호가 눌러서 전화를 걸 수 있는 형태가 아니라 글자로만 표시되어 있습니다.

휴대폰으로 보시는 분이 번호를 눌러도 아무 일이 일어나지 않아, 번호를 따로 옮겨 적어 전화 앱에 입력해야 합니다. 진료 문의가 대부분 전화로 들어오는 만큼 이 단계에서 이탈이 생깁니다.

간단한 수정으로 해결됩니다.

관리 업체에 그대로 전달하시면 됩니다. 제게 회신하지 않으셔도 괜찮습니다.

웅쓰컴퍼니 / woongs.official@gmail.com",,,
5,1,A,해피닥터의원,경기,성남분당구,http://www.happydoctor.co.kr/,031-704-0008,HTTPS 미설정(http로만 접속),"안녕하세요. 환자 문의가 아니라, 홈페이지 관련해 알려드릴 것이 있어 남깁니다.

해피닥터의원 홈페이지에 https:// 로 접속하면 보안 인증서 오류로 경고 화면이 뜨고, http:// 로만 정상 접속됩니다.

요즘 브라우저는 주소를 입력하면 https 부터 시도하기 때문에 환자분에 따라 경고 화면을 먼저 보게 됩니다. http 로 열려도 주소창에 ""안전하지 않음""이 표시됩니다.

무료 인증서로도 해결됩니다.

관리 업체에 그대로 전달하시면 됩니다. 제게 회신하지 않으셔도 괜찮습니다.

웅쓰컴퍼니 / woongs.official@gmail.com",,,
5,1,B,뷰티온의원,경기,성남수정구,https://seongnam.beautyon.co.kr/,031-8039-7579,tel: 링크 없음 — 휴대폰에서 전화 연결 안 됨,"안녕하세요. 환자 문의가 아니라, 홈페이지 관련해 알려드릴 것이 있어 남깁니다.

뷰티온의원 홈페이지의 전화번호가 눌러서 전화를 걸 수 있는 형태가 아니라 글자로만 표시되어 있습니다.

휴대폰으로 보시는 분이 번호를 눌러도 아무 일이 일어나지 않아, 번호를 따로 옮겨 적어 전화 앱에 입력해야 합니다. 진료 문의가 대부분 전화로 들어오는 만큼 이 단계에서 이탈이 생깁니다.

간단한 수정으로 해결됩니다.

관리 업체에 그대로 전달하시면 됩니다. 제게 회신하지 않으셔도 괜찮습니다.

웅쓰컴퍼니 / woongs.official@gmail.com",,,
5,1,A,삼성플러스비뇨의학과의원,경기,성남수정구,http://www.samsungplus.co.kr/,031-753-6119,HTTPS 미설정(http로만 접속),"안녕하세요. 환자 문의가 아니라, 홈페이지 관련해 알려드릴 것이 있어 남깁니다.

삼성플러스비뇨의학과의원 홈페이지에 https:// 로 접속하면 보안 인증서 오류로 경고 화면이 뜨고, http:// 로만 정상 접속됩니다.

요즘 브라우저는 주소를 입력하면 https 부터 시도하기 때문에 환자분에 따라 경고 화면을 먼저 보게 됩니다. http 로 열려도 주소창에 ""안전하지 않음""이 표시됩니다.

무료 인증서로도 해결됩니다.

관리 업체에 그대로 전달하시면 됩니다. 제게 회신하지 않으셔도 괜찮습니다.

웅쓰컴퍼니 / woongs.official@gmail.com",,,
5,1,A,닥터셀의원,경기,수원권선구,http://www.cellclinic.net/,031-222-5211,HTTPS 미설정(http로만 접속),"안녕하세요. 환자 문의가 아니라, 홈페이지 관련해 알려드릴 것이 있어 남깁니다.

닥터셀의원 홈페이지에 https:// 로 접속하면 보안 인증서 오류로 경고 화면이 뜨고, http:// 로만 정상 접속됩니다.

요즘 브라우저는 주소를 입력하면 https 부터 시도하기 때문에 환자분에 따라 경고 화면을 먼저 보게 됩니다. http 로 열려도 주소창에 ""안전하지 않음""이 표시됩니다.

무료 인증서로도 해결됩니다.

관리 업체에 그대로 전달하시면 됩니다. 제게 회신하지 않으셔도 괜찮습니다.

웅쓰컴퍼니 / woongs.official@gmail.com",,,
5,1,A,신세계외과의원,경기,수원권선구,http://www.ssg-clinic.com/,031-271-2251,HTTPS 미설정(http로만 접속),"안녕하세요. 환자 문의가 아니라, 홈페이지 관련해 알려드릴 것이 있어 남깁니다.

신세계외과의원 홈페이지에 https:// 로 접속하면 보안 인증서 오류로 경고 화면이 뜨고, http:// 로만 정상 접속됩니다.

요즘 브라우저는 주소를 입력하면 https 부터 시도하기 때문에 환자분에 따라 경고 화면을 먼저 보게 됩니다. http 로 열려도 주소창에 ""안전하지 않음""이 표시됩니다.

무료 인증서로도 해결됩니다.

관리 업체에 그대로 전달하시면 됩니다. 제게 회신하지 않으셔도 괜찮습니다.

웅쓰컴퍼니 / woongs.official@gmail.com",,,
5,1,C,바이킴피부과의원,경기,수원영통구,http://www.bykim.co.kr/,031-215-8277,모바일 가로스크롤 발생,"안녕하세요. 환자 문의가 아니라, 홈페이지 관련해 알려드릴 것이 있어 남깁니다.

바이킴피부과의원 홈페이지를 휴대폰으로 열면 화면이 좌우로 밀립니다. 레이아웃이 휴대폰 화면 폭에 맞춰지지 않은 상태입니다.

병원 홈페이지 방문자는 대부분 휴대폰입니다.

관리 업체에 그대로 전달하시면 됩니다. 제게 회신하지 않으셔도 괜찮습니다.

웅쓰컴퍼니 / woongs.official@gmail.com",,,
5,1,B,뷰티온의원 수원망포점,경기,수원영통구,https://mangpo.beautyon.co.kr/,031-203-7570,tel: 링크 없음 — 휴대폰에서 전화 연결 안 됨,"안녕하세요. 환자 문의가 아니라, 홈페이지 관련해 알려드릴 것이 있어 남깁니다.

뷰티온의원 수원망포점 홈페이지의 전화번호가 눌러서 전화를 걸 수 있는 형태가 아니라 글자로만 표시되어 있습니다.

휴대폰으로 보시는 분이 번호를 눌러도 아무 일이 일어나지 않아, 번호를 따로 옮겨 적어 전화 앱에 입력해야 합니다. 진료 문의가 대부분 전화로 들어오는 만큼 이 단계에서 이탈이 생깁니다.

간단한 수정으로 해결됩니다.

관리 업체에 그대로 전달하시면 됩니다. 제게 회신하지 않으셔도 괜찮습니다.

웅쓰컴퍼니 / woongs.official@gmail.com",,,
5,1,B,소이엘의원,경기,안산단원구,http://soiel.kr/,031-402-4842,tel: 링크 없음 — 휴대폰에서 전화 연결 안 됨,"안녕하세요. 환자 문의가 아니라, 홈페이지 관련해 알려드릴 것이 있어 남깁니다.

소이엘의원 홈페이지의 전화번호가 눌러서 전화를 걸 수 있는 형태가 아니라 글자로만 표시되어 있습니다.

휴대폰으로 보시는 분이 번호를 눌러도 아무 일이 일어나지 않아, 번호를 따로 옮겨 적어 전화 앱에 입력해야 합니다. 진료 문의가 대부분 전화로 들어오는 만큼 이 단계에서 이탈이 생깁니다.

간단한 수정으로 해결됩니다.

관리 업체에 그대로 전달하시면 됩니다. 제게 회신하지 않으셔도 괜찮습니다.

웅쓰컴퍼니 / woongs.official@gmail.com",,,
5,1,A,라마르프리미어의원,경기,안양동안구,http://www.pclamar.co.kr/,031-387-0285,HTTPS 미설정(http로만 접속),"안녕하세요. 환자 문의가 아니라, 홈페이지 관련해 알려드릴 것이 있어 남깁니다.

라마르프리미어의원 홈페이지에 https:// 로 접속하면 보안 인증서 오류로 경고 화면이 뜨고, http:// 로만 정상 접속됩니다.

요즘 브라우저는 주소를 입력하면 https 부터 시도하기 때문에 환자분에 따라 경고 화면을 먼저 보게 됩니다. http 로 열려도 주소창에 ""안전하지 않음""이 표시됩니다.

무료 인증서로도 해결됩니다.

관리 업체에 그대로 전달하시면 됩니다. 제게 회신하지 않으셔도 괜찮습니다.

웅쓰컴퍼니 / woongs.official@gmail.com",,,
5,1,B,평촌고운세상피부과의원,경기,안양동안구,http://www.beautyforever.co.kr/,031-385-2100,tel: 링크 없음 — 휴대폰에서 전화 연결 안 됨,"안녕하세요. 환자 문의가 아니라, 홈페이지 관련해 알려드릴 것이 있어 남깁니다.

평촌고운세상피부과의원 홈페이지의 전화번호가 눌러서 전화를 걸 수 있는 형태가 아니라 글자로만 표시되어 있습니다.

휴대폰으로 보시는 분이 번호를 눌러도 아무 일이 일어나지 않아, 번호를 따로 옮겨 적어 전화 앱에 입력해야 합니다. 진료 문의가 대부분 전화로 들어오는 만큼 이 단계에서 이탈이 생깁니다.

간단한 수정으로 해결됩니다.

관리 업체에 그대로 전달하시면 됩니다. 제게 회신하지 않으셔도 괜찮습니다.

웅쓰컴퍼니 / woongs.official@gmail.com",,,
5,1,B,베리미의원,경기,양주시,https://yangju.veryme.co.kr/,031-864-7582,tel: 링크 없음 — 휴대폰에서 전화 연결 안 됨,"안녕하세요. 환자 문의가 아니라, 홈페이지 관련해 알려드릴 것이 있어 남깁니다.

베리미의원 홈페이지의 전화번호가 눌러서 전화를 걸 수 있는 형태가 아니라 글자로만 표시되어 있습니다.

휴대폰으로 보시는 분이 번호를 눌러도 아무 일이 일어나지 않아, 번호를 따로 옮겨 적어 전화 앱에 입력해야 합니다. 진료 문의가 대부분 전화로 들어오는 만큼 이 단계에서 이탈이 생깁니다.

간단한 수정으로 해결됩니다.

관리 업체에 그대로 전달하시면 됩니다. 제게 회신하지 않으셔도 괜찮습니다.

웅쓰컴퍼니 / woongs.official@gmail.com",,,
5,1,B,뷰티온피부과의원 양주옥정점,경기,양주시,https://yangju.beautyon.co.kr/,031-861-4447,tel: 링크 없음 — 휴대폰에서 전화 연결 안 됨,"안녕하세요. 환자 문의가 아니라, 홈페이지 관련해 알려드릴 것이 있어 남깁니다.

뷰티온피부과의원 양주옥정점 홈페이지의 전화번호가 눌러서 전화를 걸 수 있는 형태가 아니라 글자로만 표시되어 있습니다.

휴대폰으로 보시는 분이 번호를 눌러도 아무 일이 일어나지 않아, 번호를 따로 옮겨 적어 전화 앱에 입력해야 합니다. 진료 문의가 대부분 전화로 들어오는 만큼 이 단계에서 이탈이 생깁니다.

간단한 수정으로 해결됩니다.

관리 업체에 그대로 전달하시면 됩니다. 제게 회신하지 않으셔도 괜찮습니다.

웅쓰컴퍼니 / woongs.official@gmail.com",,,
5,1,D,새서울의원,경기,의정부시,http://www.hemoclub.com/,031-821-2800,개인정보처리방침 없음,"안녕하세요. 환자 문의가 아니라, 홈페이지 관련해 알려드릴 것이 있어 남깁니다.

새서울의원 홈페이지에서 온라인 문의를 받고 계신데, 개인정보처리방침 페이지가 확인되지 않습니다.

문의 과정에서 이름이나 연락처를 받으시면 개인정보를 수집하는 것이 되고, 개인정보보호법에 처리방침을 정해 공개하도록 규정되어 있습니다. 병원 홈페이지에서 흔히 빠져 있는 부분입니다.

표준 양식으로 정리하시면 됩니다.

관리 업체에 그대로 전달하시면 됩니다. 제게 회신하지 않으셔도 괜찮습니다.

웅쓰컴퍼니 / woongs.official@gmail.com",,,
5,1,B,우리메디의원,경기,평택시,https://woorimediclinic.kr/,031-682-4999,tel: 링크 없음 — 휴대폰에서 전화 연결 안 됨,"안녕하세요. 환자 문의가 아니라, 홈페이지 관련해 알려드릴 것이 있어 남깁니다.

우리메디의원 홈페이지의 전화번호가 눌러서 전화를 걸 수 있는 형태가 아니라 글자로만 표시되어 있습니다.

휴대폰으로 보시는 분이 번호를 눌러도 아무 일이 일어나지 않아, 번호를 따로 옮겨 적어 전화 앱에 입력해야 합니다. 진료 문의가 대부분 전화로 들어오는 만큼 이 단계에서 이탈이 생깁니다.

간단한 수정으로 해결됩니다.

관리 업체에 그대로 전달하시면 됩니다. 제게 회신하지 않으셔도 괜찮습니다.

웅쓰컴퍼니 / woongs.official@gmail.com",,,
5,1,D,동탄아이디의원,경기,화성동탄구,https://dt.idclinic.co.kr/,031-8050-5040,개인정보처리방침 없음,"안녕하세요. 환자 문의가 아니라, 홈페이지 관련해 알려드릴 것이 있어 남깁니다.

동탄아이디의원 홈페이지에서 온라인 문의를 받고 계신데, 개인정보처리방침 페이지가 확인되지 않습니다.

문의 과정에서 이름이나 연락처를 받으시면 개인정보를 수집하는 것이 되고, 개인정보보호법에 처리방침을 정해 공개하도록 규정되어 있습니다. 병원 홈페이지에서 흔히 빠져 있는 부분입니다.

표준 양식으로 정리하시면 됩니다.

관리 업체에 그대로 전달하시면 됩니다. 제게 회신하지 않으셔도 괜찮습니다.

웅쓰컴퍼니 / woongs.official@gmail.com",,,
5,1,B,화성향남뷰티온의원,경기,화성만세구,https://hyangnam.beautyon.co.kr/,031-353-7510,tel: 링크 없음 — 휴대폰에서 전화 연결 안 됨,"안녕하세요. 환자 문의가 아니라, 홈페이지 관련해 알려드릴 것이 있어 남깁니다.

화성향남뷰티온의원 홈페이지의 전화번호가 눌러서 전화를 걸 수 있는 형태가 아니라 글자로만 표시되어 있습니다.

휴대폰으로 보시는 분이 번호를 눌러도 아무 일이 일어나지 않아, 번호를 따로 옮겨 적어 전화 앱에 입력해야 합니다. 진료 문의가 대부분 전화로 들어오는 만큼 이 단계에서 이탈이 생깁니다.

간단한 수정으로 해결됩니다.

관리 업체에 그대로 전달하시면 됩니다. 제게 회신하지 않으셔도 괜찮습니다.

웅쓰컴퍼니 / woongs.official@gmail.com",,,
5,1,B,(의)성광의료재단 차움의원,서울,강남구,http://www.chaum.net/,02-3015-5000,tel: 링크 없음 — 휴대폰에서 전화 연결 안 됨,"안녕하세요. 환자 문의가 아니라, 홈페이지 관련해 알려드릴 것이 있어 남깁니다.

(의)성광의료재단 차움의원 홈페이지의 전화번호가 눌러서 전화를 걸 수 있는 형태가 아니라 글자로만 표시되어 있습니다.

휴대폰으로 보시는 분이 번호를 눌러도 아무 일이 일어나지 않아, 번호를 따로 옮겨 적어 전화 앱에 입력해야 합니다. 진료 문의가 대부분 전화로 들어오는 만큼 이 단계에서 이탈이 생깁니다.

간단한 수정으로 해결됩니다.

관리 업체에 그대로 전달하시면 됩니다. 제게 회신하지 않으셔도 괜찮습니다.

웅쓰컴퍼니 / woongs.official@gmail.com",,,
5,1,A,747의원,서울,강남구,http://747clinic.com/,02-546-0747,HTTPS 미설정(http로만 접속),"안녕하세요. 환자 문의가 아니라, 홈페이지 관련해 알려드릴 것이 있어 남깁니다.

747의원 홈페이지에 https:// 로 접속하면 보안 인증서 오류로 경고 화면이 뜨고, http:// 로만 정상 접속됩니다.

요즘 브라우저는 주소를 입력하면 https 부터 시도하기 때문에 환자분에 따라 경고 화면을 먼저 보게 됩니다. http 로 열려도 주소창에 ""안전하지 않음""이 표시됩니다.

무료 인증서로도 해결됩니다.

관리 업체에 그대로 전달하시면 됩니다. 제게 회신하지 않으셔도 괜찮습니다.

웅쓰컴퍼니 / woongs.official@gmail.com",,,
5,1,B,강남고운세상피부과의원,서울,강남구,http://www.beautyforever.co.kr/,02-3477-2020,tel: 링크 없음 — 휴대폰에서 전화 연결 안 됨,"안녕하세요. 환자 문의가 아니라, 홈페이지 관련해 알려드릴 것이 있어 남깁니다.

강남고운세상피부과의원 홈페이지의 전화번호가 눌러서 전화를 걸 수 있는 형태가 아니라 글자로만 표시되어 있습니다.

휴대폰으로 보시는 분이 번호를 눌러도 아무 일이 일어나지 않아, 번호를 따로 옮겨 적어 전화 앱에 입력해야 합니다. 진료 문의가 대부분 전화로 들어오는 만큼 이 단계에서 이탈이 생깁니다.

간단한 수정으로 해결됩니다.

관리 업체에 그대로 전달하시면 됩니다. 제게 회신하지 않으셔도 괜찮습니다.

웅쓰컴퍼니 / woongs.official@gmail.com",,,
5,1,D,닥터뉴셀의원,서울,강남구,https://drnewcell.com/,02-6956-2227,개인정보처리방침 없음,"안녕하세요. 환자 문의가 아니라, 홈페이지 관련해 알려드릴 것이 있어 남깁니다.

닥터뉴셀의원 홈페이지에서 온라인 문의를 받고 계신데, 개인정보처리방침 페이지가 확인되지 않습니다.

문의 과정에서 이름이나 연락처를 받으시면 개인정보를 수집하는 것이 되고, 개인정보보호법에 처리방침을 정해 공개하도록 규정되어 있습니다. 병원 홈페이지에서 흔히 빠져 있는 부분입니다.

표준 양식으로 정리하시면 됩니다.

관리 업체에 그대로 전달하시면 됩니다. 제게 회신하지 않으셔도 괜찮습니다.

웅쓰컴퍼니 / woongs.official@gmail.com",,,
5,1,D,디아더피부과의원,서울,강남구,http://theotherskin.com/,02-6949-2790,개인정보처리방침 없음,"안녕하세요. 환자 문의가 아니라, 홈페이지 관련해 알려드릴 것이 있어 남깁니다.

디아더피부과의원 홈페이지에서 온라인 문의를 받고 계신데, 개인정보처리방침 페이지가 확인되지 않습니다.

문의 과정에서 이름이나 연락처를 받으시면 개인정보를 수집하는 것이 되고, 개인정보보호법에 처리방침을 정해 공개하도록 규정되어 있습니다. 병원 홈페이지에서 흔히 빠져 있는 부분입니다.

표준 양식으로 정리하시면 됩니다.

관리 업체에 그대로 전달하시면 됩니다. 제게 회신하지 않으셔도 괜찮습니다.

웅쓰컴퍼니 / woongs.official@gmail.com",,,
5,1,C,라인앤뷰의원,서울,강남구,https://www.linenview.com/,02-1600-9833,모바일 가로스크롤 발생,"안녕하세요. 환자 문의가 아니라, 홈페이지 관련해 알려드릴 것이 있어 남깁니다.

라인앤뷰의원 홈페이지를 휴대폰으로 열면 화면이 좌우로 밀립니다. 레이아웃이 휴대폰 화면 폭에 맞춰지지 않은 상태입니다.

병원 홈페이지 방문자는 대부분 휴대폰입니다.

관리 업체에 그대로 전달하시면 됩니다. 제게 회신하지 않으셔도 괜찮습니다.

웅쓰컴퍼니 / woongs.official@gmail.com",,,
5,1,A,로얄라인의원,서울,강남구,http://www.ryline-clinic.com/,02-540-8868,HTTPS 미설정(http로만 접속),"안녕하세요. 환자 문의가 아니라, 홈페이지 관련해 알려드릴 것이 있어 남깁니다.

로얄라인의원 홈페이지에 https:// 로 접속하면 보안 인증서 오류로 경고 화면이 뜨고, http:// 로만 정상 접속됩니다.

요즘 브라우저는 주소를 입력하면 https 부터 시도하기 때문에 환자분에 따라 경고 화면을 먼저 보게 됩니다. http 로 열려도 주소창에 ""안전하지 않음""이 표시됩니다.

무료 인증서로도 해결됩니다.

관리 업체에 그대로 전달하시면 됩니다. 제게 회신하지 않으셔도 괜찮습니다.

웅쓰컴퍼니 / woongs.official@gmail.com",,,
5,1,A,로웰성형외과의원,서울,강남구,http://www.lowellprs.com/,0507-1471-1454,HTTPS 미설정(http로만 접속),"안녕하세요. 환자 문의가 아니라, 홈페이지 관련해 알려드릴 것이 있어 남깁니다.

로웰성형외과의원 홈페이지에 https:// 로 접속하면 보안 인증서 오류로 경고 화면이 뜨고, http:// 로만 정상 접속됩니다.

요즘 브라우저는 주소를 입력하면 https 부터 시도하기 때문에 환자분에 따라 경고 화면을 먼저 보게 됩니다. http 로 열려도 주소창에 ""안전하지 않음""이 표시됩니다.

무료 인증서로도 해결됩니다.

관리 업체에 그대로 전달하시면 됩니다. 제게 회신하지 않으셔도 괜찮습니다.

웅쓰컴퍼니 / woongs.official@gmail.com",,,
5,1,C,마인성형외과의원,서울,강남구,http://www.mineps.com/,516-1175,모바일 가로스크롤 발생,"안녕하세요. 환자 문의가 아니라, 홈페이지 관련해 알려드릴 것이 있어 남깁니다.

마인성형외과의원 홈페이지를 휴대폰으로 열면 화면이 좌우로 밀립니다. 레이아웃이 휴대폰 화면 폭에 맞춰지지 않은 상태입니다.

병원 홈페이지 방문자는 대부분 휴대폰입니다.

관리 업체에 그대로 전달하시면 됩니다. 제게 회신하지 않으셔도 괜찮습니다.

웅쓰컴퍼니 / woongs.official@gmail.com",,,
5,1,A,멘토의원,서울,강남구,http://www.mentorclinic.co.kr/,02-552-4080,HTTPS 미설정(http로만 접속),"안녕하세요. 환자 문의가 아니라, 홈페이지 관련해 알려드릴 것이 있어 남깁니다.

멘토의원 홈페이지에 https:// 로 접속하면 보안 인증서 오류로 경고 화면이 뜨고, http:// 로만 정상 접속됩니다.

요즘 브라우저는 주소를 입력하면 https 부터 시도하기 때문에 환자분에 따라 경고 화면을 먼저 보게 됩니다. http 로 열려도 주소창에 ""안전하지 않음""이 표시됩니다.

무료 인증서로도 해결됩니다.

관리 업체에 그대로 전달하시면 됩니다. 제게 회신하지 않으셔도 괜찮습니다.

웅쓰컴퍼니 / woongs.official@gmail.com",,,
5,1,B,모던스탠다드의원,서울,강남구,https://modern-standard.co.kr/,02-6232-5732,tel: 링크 없음 — 휴대폰에서 전화 연결 안 됨,"안녕하세요. 환자 문의가 아니라, 홈페이지 관련해 알려드릴 것이 있어 남깁니다.

모던스탠다드의원 홈페이지의 전화번호가 눌러서 전화를 걸 수 있는 형태가 아니라 글자로만 표시되어 있습니다.

휴대폰으로 보시는 분이 번호를 눌러도 아무 일이 일어나지 않아, 번호를 따로 옮겨 적어 전화 앱에 입력해야 합니다. 진료 문의가 대부분 전화로 들어오는 만큼 이 단계에서 이탈이 생깁니다.

간단한 수정으로 해결됩니다.

관리 업체에 그대로 전달하시면 됩니다. 제게 회신하지 않으셔도 괜찮습니다.

웅쓰컴퍼니 / woongs.official@gmail.com",,,
5,1,B,민의원,서울,강남구,http://www.min-clinic.co.kr/,02-515-2119,tel: 링크 없음 — 휴대폰에서 전화 연결 안 됨,"안녕하세요. 환자 문의가 아니라, 홈페이지 관련해 알려드릴 것이 있어 남깁니다.

민의원 홈페이지의 전화번호가 눌러서 전화를 걸 수 있는 형태가 아니라 글자로만 표시되어 있습니다.

휴대폰으로 보시는 분이 번호를 눌러도 아무 일이 일어나지 않아, 번호를 따로 옮겨 적어 전화 앱에 입력해야 합니다. 진료 문의가 대부분 전화로 들어오는 만큼 이 단계에서 이탈이 생깁니다.

간단한 수정으로 해결됩니다.

관리 업체에 그대로 전달하시면 됩니다. 제게 회신하지 않으셔도 괜찮습니다.

웅쓰컴퍼니 / woongs.official@gmail.com",,,
5,1,B,바바성형외과의원,서울,강남구,https://vavaps.com/,02-6207-8570,tel: 링크 없음 — 휴대폰에서 전화 연결 안 됨,"안녕하세요. 환자 문의가 아니라, 홈페이지 관련해 알려드릴 것이 있어 남깁니다.

바바성형외과의원 홈페이지의 전화번호가 눌러서 전화를 걸 수 있는 형태가 아니라 글자로만 표시되어 있습니다.

휴대폰으로 보시는 분이 번호를 눌러도 아무 일이 일어나지 않아, 번호를 따로 옮겨 적어 전화 앱에 입력해야 합니다. 진료 문의가 대부분 전화로 들어오는 만큼 이 단계에서 이탈이 생깁니다.

간단한 수정으로 해결됩니다.

관리 업체에 그대로 전달하시면 됩니다. 제게 회신하지 않으셔도 괜찮습니다.

웅쓰컴퍼니 / woongs.official@gmail.com",,,
5,1,A,밸런스랩성형외과의원,서울,강남구,http://balancelab.kr/,1661-8581,HTTPS 미설정(http로만 접속),"안녕하세요. 환자 문의가 아니라, 홈페이지 관련해 알려드릴 것이 있어 남깁니다.

밸런스랩성형외과의원 홈페이지에 https:// 로 접속하면 보안 인증서 오류로 경고 화면이 뜨고, http:// 로만 정상 접속됩니다.

요즘 브라우저는 주소를 입력하면 https 부터 시도하기 때문에 환자분에 따라 경고 화면을 먼저 보게 됩니다. http 로 열려도 주소창에 ""안전하지 않음""이 표시됩니다.

무료 인증서로도 해결됩니다.

관리 업체에 그대로 전달하시면 됩니다. 제게 회신하지 않으셔도 괜찮습니다.

웅쓰컴퍼니 / woongs.official@gmail.com",,,
5,1,A,비앤영의원,서울,강남구,http://beandyoung.com/,02-593-1003,HTTPS 미설정(http로만 접속),"안녕하세요. 환자 문의가 아니라, 홈페이지 관련해 알려드릴 것이 있어 남깁니다.

비앤영의원 홈페이지에 https:// 로 접속하면 보안 인증서 오류로 경고 화면이 뜨고, http:// 로만 정상 접속됩니다.

요즘 브라우저는 주소를 입력하면 https 부터 시도하기 때문에 환자분에 따라 경고 화면을 먼저 보게 됩니다. http 로 열려도 주소창에 ""안전하지 않음""이 표시됩니다.

무료 인증서로도 해결됩니다.

관리 업체에 그대로 전달하시면 됩니다. 제게 회신하지 않으셔도 괜찮습니다.

웅쓰컴퍼니 / woongs.official@gmail.com",,,
5,1,B,비티큐의원,서울,강남구,https://www.btq.co.kr/,070-4131-9048,tel: 링크 없음 — 휴대폰에서 전화 연결 안 됨,"안녕하세요. 환자 문의가 아니라, 홈페이지 관련해 알려드릴 것이 있어 남깁니다.

비티큐의원 홈페이지의 전화번호가 눌러서 전화를 걸 수 있는 형태가 아니라 글자로만 표시되어 있습니다.

휴대폰으로 보시는 분이 번호를 눌러도 아무 일이 일어나지 않아, 번호를 따로 옮겨 적어 전화 앱에 입력해야 합니다. 진료 문의가 대부분 전화로 들어오는 만큼 이 단계에서 이탈이 생깁니다.

간단한 수정으로 해결됩니다.

관리 업체에 그대로 전달하시면 됩니다. 제게 회신하지 않으셔도 괜찮습니다.

웅쓰컴퍼니 / woongs.official@gmail.com",,,
5,1,B,소요의원,서울,강남구,http://www.soyoclinic.com/,02-511-0050,tel: 링크 없음 — 휴대폰에서 전화 연결 안 됨,"안녕하세요. 환자 문의가 아니라, 홈페이지 관련해 알려드릴 것이 있어 남깁니다.

소요의원 홈페이지의 전화번호가 눌러서 전화를 걸 수 있는 형태가 아니라 글자로만 표시되어 있습니다.

휴대폰으로 보시는 분이 번호를 눌러도 아무 일이 일어나지 않아, 번호를 따로 옮겨 적어 전화 앱에 입력해야 합니다. 진료 문의가 대부분 전화로 들어오는 만큼 이 단계에서 이탈이 생깁니다.

간단한 수정으로 해결됩니다.

관리 업체에 그대로 전달하시면 됩니다. 제게 회신하지 않으셔도 괜찮습니다.

웅쓰컴퍼니 / woongs.official@gmail.com",,,
5,1,C,신소애여성의원,서울,강남구,http://www.sinsoeclinic.com/,02-3453-5712,viewport 없음 — 모바일 미대응,"안녕하세요. 환자 문의가 아니라, 홈페이지 관련해 알려드릴 것이 있어 남깁니다.

신소애여성의원 홈페이지를 휴대폰으로 열면 화면이 좌우로 밀리고 글씨가 작아서 확대해야 읽힙니다. 화면 크기 설정(viewport)이 없어 휴대폰이 PC 화면을 그대로 축소해 보여주는 상태입니다.

병원 홈페이지 방문자는 대부분 휴대폰입니다.

관리 업체에 그대로 전달하시면 됩니다. 제게 회신하지 않으셔도 괜찮습니다.

웅쓰컴퍼니 / woongs.official@gmail.com",,,
5,1,D,압구정미라클의원,서울,강남구,http://www.naturaldoctors.co.kr/,02-1588-6930,개인정보처리방침 없음,"안녕하세요. 환자 문의가 아니라, 홈페이지 관련해 알려드릴 것이 있어 남깁니다.

압구정미라클의원 홈페이지에서 온라인 문의를 받고 계신데, 개인정보처리방침 페이지가 확인되지 않습니다.

문의 과정에서 이름이나 연락처를 받으시면 개인정보를 수집하는 것이 되고, 개인정보보호법에 처리방침을 정해 공개하도록 규정되어 있습니다. 병원 홈페이지에서 흔히 빠져 있는 부분입니다.

표준 양식으로 정리하시면 됩니다.

관리 업체에 그대로 전달하시면 됩니다. 제게 회신하지 않으셔도 괜찮습니다.

웅쓰컴퍼니 / woongs.official@gmail.com",,,
5,1,A,에스원이비인후과의원,서울,강남구,http://www.soneps.com/,02-516-8871,HTTPS 미설정(http로만 접속),"안녕하세요. 환자 문의가 아니라, 홈페이지 관련해 알려드릴 것이 있어 남깁니다.

에스원이비인후과의원 홈페이지에 https:// 로 접속하면 보안 인증서 오류로 경고 화면이 뜨고, http:// 로만 정상 접속됩니다.

요즘 브라우저는 주소를 입력하면 https 부터 시도하기 때문에 환자분에 따라 경고 화면을 먼저 보게 됩니다. http 로 열려도 주소창에 ""안전하지 않음""이 표시됩니다.

무료 인증서로도 해결됩니다.

관리 업체에 그대로 전달하시면 됩니다. 제게 회신하지 않으셔도 괜찮습니다.

웅쓰컴퍼니 / woongs.official@gmail.com",,,
5,1,B,엑스오성형외과의원,서울,강남구,https://www.xoprs.com/,02-518-7780,tel: 링크 없음 — 휴대폰에서 전화 연결 안 됨,"안녕하세요. 환자 문의가 아니라, 홈페이지 관련해 알려드릴 것이 있어 남깁니다.

엑스오성형외과의원 홈페이지의 전화번호가 눌러서 전화를 걸 수 있는 형태가 아니라 글자로만 표시되어 있습니다.

휴대폰으로 보시는 분이 번호를 눌러도 아무 일이 일어나지 않아, 번호를 따로 옮겨 적어 전화 앱에 입력해야 합니다. 진료 문의가 대부분 전화로 들어오는 만큼 이 단계에서 이탈이 생깁니다.

간단한 수정으로 해결됩니다.

관리 업체에 그대로 전달하시면 됩니다. 제게 회신하지 않으셔도 괜찮습니다.

웅쓰컴퍼니 / woongs.official@gmail.com",,,
5,1,B,오드의원,서울,강남구,http://www.odeclinic.co.kr/,02-569-0222,tel: 링크 없음 — 휴대폰에서 전화 연결 안 됨,"안녕하세요. 환자 문의가 아니라, 홈페이지 관련해 알려드릴 것이 있어 남깁니다.

오드의원 홈페이지의 전화번호가 눌러서 전화를 걸 수 있는 형태가 아니라 글자로만 표시되어 있습니다.

휴대폰으로 보시는 분이 번호를 눌러도 아무 일이 일어나지 않아, 번호를 따로 옮겨 적어 전화 앱에 입력해야 합니다. 진료 문의가 대부분 전화로 들어오는 만큼 이 단계에서 이탈이 생깁니다.

간단한 수정으로 해결됩니다.

관리 업체에 그대로 전달하시면 됩니다. 제게 회신하지 않으셔도 괜찮습니다.

웅쓰컴퍼니 / woongs.official@gmail.com",,,
5,1,C,유레카피부과의원,서울,강남구,http://www.eurekaskin.com/,02-3446-7515,모바일 가로스크롤 발생,"안녕하세요. 환자 문의가 아니라, 홈페이지 관련해 알려드릴 것이 있어 남깁니다.

유레카피부과의원 홈페이지를 휴대폰으로 열면 화면이 좌우로 밀립니다. 레이아웃이 휴대폰 화면 폭에 맞춰지지 않은 상태입니다.

병원 홈페이지 방문자는 대부분 휴대폰입니다.

관리 업체에 그대로 전달하시면 됩니다. 제게 회신하지 않으셔도 괜찮습니다.

웅쓰컴퍼니 / woongs.official@gmail.com",,,
5,1,A,제니의원,서울,강남구,http://www.jennyclinic.kr/,02-511-1535,HTTPS 미설정(http로만 접속),"안녕하세요. 환자 문의가 아니라, 홈페이지 관련해 알려드릴 것이 있어 남깁니다.

제니의원 홈페이지에 https:// 로 접속하면 보안 인증서 오류로 경고 화면이 뜨고, http:// 로만 정상 접속됩니다.

요즘 브라우저는 주소를 입력하면 https 부터 시도하기 때문에 환자분에 따라 경고 화면을 먼저 보게 됩니다. http 로 열려도 주소창에 ""안전하지 않음""이 표시됩니다.

무료 인증서로도 해결됩니다.

관리 업체에 그대로 전달하시면 됩니다. 제게 회신하지 않으셔도 괜찮습니다.

웅쓰컴퍼니 / woongs.official@gmail.com",,,
5,1,A,젬마의원,서울,강남구,http://www.gemmahair.com/,518-0057,HTTPS 미설정(http로만 접속),"안녕하세요. 환자 문의가 아니라, 홈페이지 관련해 알려드릴 것이 있어 남깁니다.

젬마의원 홈페이지에 https:// 로 접속하면 보안 인증서 오류로 경고 화면이 뜨고, http:// 로만 정상 접속됩니다.

요즘 브라우저는 주소를 입력하면 https 부터 시도하기 때문에 환자분에 따라 경고 화면을 먼저 보게 됩니다. http 로 열려도 주소창에 ""안전하지 않음""이 표시됩니다.

무료 인증서로도 해결됩니다.

관리 업체에 그대로 전달하시면 됩니다. 제게 회신하지 않으셔도 괜찮습니다.

웅쓰컴퍼니 / woongs.official@gmail.com",,,
5,1,B,청담고운세상닥터지피부과의원,서울,강남구,http://www.beautyforever.co.kr/,02-541-8547,tel: 링크 없음 — 휴대폰에서 전화 연결 안 됨,"안녕하세요. 환자 문의가 아니라, 홈페이지 관련해 알려드릴 것이 있어 남깁니다.

청담고운세상닥터지피부과의원 홈페이지의 전화번호가 눌러서 전화를 걸 수 있는 형태가 아니라 글자로만 표시되어 있습니다.

휴대폰으로 보시는 분이 번호를 눌러도 아무 일이 일어나지 않아, 번호를 따로 옮겨 적어 전화 앱에 입력해야 합니다. 진료 문의가 대부분 전화로 들어오는 만큼 이 단계에서 이탈이 생깁니다.

간단한 수정으로 해결됩니다.

관리 업체에 그대로 전달하시면 됩니다. 제게 회신하지 않으셔도 괜찮습니다.

웅쓰컴퍼니 / woongs.official@gmail.com",,,
5,1,A,청담파크의원,서울,강남구,http://www.clinicpark.co.kr/,02-3445-8819,HTTPS 미설정(http로만 접속),"안녕하세요. 환자 문의가 아니라, 홈페이지 관련해 알려드릴 것이 있어 남깁니다.

청담파크의원 홈페이지에 https:// 로 접속하면 보안 인증서 오류로 경고 화면이 뜨고, http:// 로만 정상 접속됩니다.

요즘 브라우저는 주소를 입력하면 https 부터 시도하기 때문에 환자분에 따라 경고 화면을 먼저 보게 됩니다. http 로 열려도 주소창에 ""안전하지 않음""이 표시됩니다.

무료 인증서로도 해결됩니다.

관리 업체에 그대로 전달하시면 됩니다. 제게 회신하지 않으셔도 괜찮습니다.

웅쓰컴퍼니 / woongs.official@gmail.com",,,
5,1,A,체인지의원,서울,강남구,http://www.changeclinic.co.kr/,02-547-0809,HTTPS 미설정(http로만 접속),"안녕하세요. 환자 문의가 아니라, 홈페이지 관련해 알려드릴 것이 있어 남깁니다.

체인지의원 홈페이지에 https:// 로 접속하면 보안 인증서 오류로 경고 화면이 뜨고, http:// 로만 정상 접속됩니다.

요즘 브라우저는 주소를 입력하면 https 부터 시도하기 때문에 환자분에 따라 경고 화면을 먼저 보게 됩니다. http 로 열려도 주소창에 ""안전하지 않음""이 표시됩니다.

무료 인증서로도 해결됩니다.

관리 업체에 그대로 전달하시면 됩니다. 제게 회신하지 않으셔도 괜찮습니다.

웅쓰컴퍼니 / woongs.official@gmail.com",,,
5,1,A,클레어성형외과의원,서울,강남구,http://clairps.co.kr/,02-2138-3177,HTTPS 미설정(http로만 접속),"안녕하세요. 환자 문의가 아니라, 홈페이지 관련해 알려드릴 것이 있어 남깁니다.

클레어성형외과의원 홈페이지에 https:// 로 접속하면 보안 인증서 오류로 경고 화면이 뜨고, http:// 로만 정상 접속됩니다.

요즘 브라우저는 주소를 입력하면 https 부터 시도하기 때문에 환자분에 따라 경고 화면을 먼저 보게 됩니다. http 로 열려도 주소창에 ""안전하지 않음""이 표시됩니다.

무료 인증서로도 해결됩니다.

관리 업체에 그대로 전달하시면 됩니다. 제게 회신하지 않으셔도 괜찮습니다.

웅쓰컴퍼니 / woongs.official@gmail.com",,,
5,1,B,타겟성형외과의원,서울,강남구,https://www.targetprs.com/,02-545-0345,tel: 링크 없음 — 휴대폰에서 전화 연결 안 됨,"안녕하세요. 환자 문의가 아니라, 홈페이지 관련해 알려드릴 것이 있어 남깁니다.

타겟성형외과의원 홈페이지의 전화번호가 눌러서 전화를 걸 수 있는 형태가 아니라 글자로만 표시되어 있습니다.

휴대폰으로 보시는 분이 번호를 눌러도 아무 일이 일어나지 않아, 번호를 따로 옮겨 적어 전화 앱에 입력해야 합니다. 진료 문의가 대부분 전화로 들어오는 만큼 이 단계에서 이탈이 생깁니다.

간단한 수정으로 해결됩니다.

관리 업체에 그대로 전달하시면 됩니다. 제게 회신하지 않으셔도 괜찮습니다.

웅쓰컴퍼니 / woongs.official@gmail.com",,,
5,1,C,파인드피부과의원,서울,강남구,http://www.pindderma.com/,02-511-6004,viewport 없음 — 모바일 미대응,"안녕하세요. 환자 문의가 아니라, 홈페이지 관련해 알려드릴 것이 있어 남깁니다.

파인드피부과의원 홈페이지를 휴대폰으로 열면 화면이 좌우로 밀리고 글씨가 작아서 확대해야 읽힙니다. 화면 크기 설정(viewport)이 없어 휴대폰이 PC 화면을 그대로 축소해 보여주는 상태입니다.

병원 홈페이지 방문자는 대부분 휴대폰입니다.

관리 업체에 그대로 전달하시면 됩니다. 제게 회신하지 않으셔도 괜찮습니다.

웅쓰컴퍼니 / woongs.official@gmail.com",,,
5,1,D,포레성형외과의원,서울,강남구,https://faureps.com/,02-540-0188,개인정보처리방침 없음,"안녕하세요. 환자 문의가 아니라, 홈페이지 관련해 알려드릴 것이 있어 남깁니다.

포레성형외과의원 홈페이지에서 온라인 문의를 받고 계신데, 개인정보처리방침 페이지가 확인되지 않습니다.

문의 과정에서 이름이나 연락처를 받으시면 개인정보를 수집하는 것이 되고, 개인정보보호법에 처리방침을 정해 공개하도록 규정되어 있습니다. 병원 홈페이지에서 흔히 빠져 있는 부분입니다.

표준 양식으로 정리하시면 됩니다.

관리 업체에 그대로 전달하시면 됩니다. 제게 회신하지 않으셔도 괜찮습니다.

웅쓰컴퍼니 / woongs.official@gmail.com",,,
5,1,A,프린세스산부인과의원,서울,강남구,http://www.swoman.co.kr/,02-541-6864,HTTPS 미설정(http로만 접속),"안녕하세요. 환자 문의가 아니라, 홈페이지 관련해 알려드릴 것이 있어 남깁니다.

프린세스산부인과의원 홈페이지에 https:// 로 접속하면 보안 인증서 오류로 경고 화면이 뜨고, http:// 로만 정상 접속됩니다.

요즘 브라우저는 주소를 입력하면 https 부터 시도하기 때문에 환자분에 따라 경고 화면을 먼저 보게 됩니다. http 로 열려도 주소창에 ""안전하지 않음""이 표시됩니다.

무료 인증서로도 해결됩니다.

관리 업체에 그대로 전달하시면 됩니다. 제게 회신하지 않으셔도 괜찮습니다.

웅쓰컴퍼니 / woongs.official@gmail.com",,,
5,1,A,한맘플러스재활의학과의원,서울,강남구,http://www.1mam.net/,02-3452-9912,HTTPS 미설정(http로만 접속),"안녕하세요. 환자 문의가 아니라, 홈페이지 관련해 알려드릴 것이 있어 남깁니다.

한맘플러스재활의학과의원 홈페이지에 https:// 로 접속하면 보안 인증서 오류로 경고 화면이 뜨고, http:// 로만 정상 접속됩니다.

요즘 브라우저는 주소를 입력하면 https 부터 시도하기 때문에 환자분에 따라 경고 화면을 먼저 보게 됩니다. http 로 열려도 주소창에 ""안전하지 않음""이 표시됩니다.

무료 인증서로도 해결됩니다.

관리 업체에 그대로 전달하시면 됩니다. 제게 회신하지 않으셔도 괜찮습니다.

웅쓰컴퍼니 / woongs.official@gmail.com",,,
5,1,A,서울의원,서울,강북구,http://www.seoulkim.co.kr/,02-997-4890,HTTPS 미설정(http로만 접속),"안녕하세요. 환자 문의가 아니라, 홈페이지 관련해 알려드릴 것이 있어 남깁니다.

서울의원 홈페이지에 https:// 로 접속하면 보안 인증서 오류로 경고 화면이 뜨고, http:// 로만 정상 접속됩니다.

요즘 브라우저는 주소를 입력하면 https 부터 시도하기 때문에 환자분에 따라 경고 화면을 먼저 보게 됩니다. http 로 열려도 주소창에 ""안전하지 않음""이 표시됩니다.

무료 인증서로도 해결됩니다.

관리 업체에 그대로 전달하시면 됩니다. 제게 회신하지 않으셔도 괜찮습니다.

웅쓰컴퍼니 / woongs.official@gmail.com",,,
5,1,D,수유바로본의원,서울,강북구,https://www.suyubarobone.co.kr/,02-991-7511,개인정보처리방침 없음,"안녕하세요. 환자 문의가 아니라, 홈페이지 관련해 알려드릴 것이 있어 남깁니다.

수유바로본의원 홈페이지에서 온라인 문의를 받고 계신데, 개인정보처리방침 페이지가 확인되지 않습니다.

문의 과정에서 이름이나 연락처를 받으시면 개인정보를 수집하는 것이 되고, 개인정보보호법에 처리방침을 정해 공개하도록 규정되어 있습니다. 병원 홈페이지에서 흔히 빠져 있는 부분입니다.

표준 양식으로 정리하시면 됩니다.

관리 업체에 그대로 전달하시면 됩니다. 제게 회신하지 않으셔도 괜찮습니다.

웅쓰컴퍼니 / woongs.official@gmail.com",,,
5,1,C,리즈산부인과의원,서울,관악구,http://www.iriz.co.kr/user/branch/branch/contents_01.asp?bseq=OCAg#contents_area,02-888-1218,모바일 가로스크롤 발생,"안녕하세요. 환자 문의가 아니라, 홈페이지 관련해 알려드릴 것이 있어 남깁니다.

리즈산부인과의원 홈페이지를 휴대폰으로 열면 화면이 좌우로 밀립니다. 레이아웃이 휴대폰 화면 폭에 맞춰지지 않은 상태입니다.

병원 홈페이지 방문자는 대부분 휴대폰입니다.

관리 업체에 그대로 전달하시면 됩니다. 제게 회신하지 않으셔도 괜찮습니다.

웅쓰컴퍼니 / woongs.official@gmail.com",,,
5,1,C,노원탑365의원,서울,노원구,https://www.no1top365.com/,02-935-0365,모바일 가로스크롤 발생,"안녕하세요. 환자 문의가 아니라, 홈페이지 관련해 알려드릴 것이 있어 남깁니다.

노원탑365의원 홈페이지를 휴대폰으로 열면 화면이 좌우로 밀립니다. 레이아웃이 휴대폰 화면 폭에 맞춰지지 않은 상태입니다.

병원 홈페이지 방문자는 대부분 휴대폰입니다.

관리 업체에 그대로 전달하시면 됩니다. 제게 회신하지 않으셔도 괜찮습니다.

웅쓰컴퍼니 / woongs.official@gmail.com",,,
5,1,D,동대문닥터스피부과의원,서울,동대문구,https://www.doctors365.co.kr/branch/dongdaemun.php,02-6949-1201,개인정보처리방침 없음,"안녕하세요. 환자 문의가 아니라, 홈페이지 관련해 알려드릴 것이 있어 남깁니다.

동대문닥터스피부과의원 홈페이지에서 온라인 문의를 받고 계신데, 개인정보처리방침 페이지가 확인되지 않습니다.

문의 과정에서 이름이나 연락처를 받으시면 개인정보를 수집하는 것이 되고, 개인정보보호법에 처리방침을 정해 공개하도록 규정되어 있습니다. 병원 홈페이지에서 흔히 빠져 있는 부분입니다.

표준 양식으로 정리하시면 됩니다.

관리 업체에 그대로 전달하시면 됩니다. 제게 회신하지 않으셔도 괜찮습니다.

웅쓰컴퍼니 / woongs.official@gmail.com",,,
5,1,C,셀린의원,서울,마포구,https://www.cellinclinic4.com/,02-2039-6155,viewport 없음 — 모바일 미대응,"안녕하세요. 환자 문의가 아니라, 홈페이지 관련해 알려드릴 것이 있어 남깁니다.

셀린의원 홈페이지를 휴대폰으로 열면 화면이 좌우로 밀리고 글씨가 작아서 확대해야 읽힙니다. 화면 크기 설정(viewport)이 없어 휴대폰이 PC 화면을 그대로 축소해 보여주는 상태입니다.

병원 홈페이지 방문자는 대부분 휴대폰입니다.

관리 업체에 그대로 전달하시면 됩니다. 제게 회신하지 않으셔도 괜찮습니다.

웅쓰컴퍼니 / woongs.official@gmail.com",,,
5,1,B,에스앤유피부과의원,서울,마포구,http://www.allskin.co.kr/,02-706-5252,tel: 링크 없음 — 휴대폰에서 전화 연결 안 됨,"안녕하세요. 환자 문의가 아니라, 홈페이지 관련해 알려드릴 것이 있어 남깁니다.

에스앤유피부과의원 홈페이지의 전화번호가 눌러서 전화를 걸 수 있는 형태가 아니라 글자로만 표시되어 있습니다.

휴대폰으로 보시는 분이 번호를 눌러도 아무 일이 일어나지 않아, 번호를 따로 옮겨 적어 전화 앱에 입력해야 합니다. 진료 문의가 대부분 전화로 들어오는 만큼 이 단계에서 이탈이 생깁니다.

간단한 수정으로 해결됩니다.

관리 업체에 그대로 전달하시면 됩니다. 제게 회신하지 않으셔도 괜찮습니다.

웅쓰컴퍼니 / woongs.official@gmail.com",,,
5,1,A,연세지움피부과의원,서울,마포구,http://www.ziumskin.com/,02-333-0606,HTTPS 미설정(http로만 접속),"안녕하세요. 환자 문의가 아니라, 홈페이지 관련해 알려드릴 것이 있어 남깁니다.

연세지움피부과의원 홈페이지에 https:// 로 접속하면 보안 인증서 오류로 경고 화면이 뜨고, http:// 로만 정상 접속됩니다.

요즘 브라우저는 주소를 입력하면 https 부터 시도하기 때문에 환자분에 따라 경고 화면을 먼저 보게 됩니다. http 로 열려도 주소창에 ""안전하지 않음""이 표시됩니다.

무료 인증서로도 해결됩니다.

관리 업체에 그대로 전달하시면 됩니다. 제게 회신하지 않으셔도 괜찮습니다.

웅쓰컴퍼니 / woongs.official@gmail.com",,,
5,1,A,유리에성형외과의원,서울,마포구,http://www.yurieps.com/,02-6956-6279,HTTPS 미설정(http로만 접속),"안녕하세요. 환자 문의가 아니라, 홈페이지 관련해 알려드릴 것이 있어 남깁니다.

유리에성형외과의원 홈페이지에 https:// 로 접속하면 보안 인증서 오류로 경고 화면이 뜨고, http:// 로만 정상 접속됩니다.

요즘 브라우저는 주소를 입력하면 https 부터 시도하기 때문에 환자분에 따라 경고 화면을 먼저 보게 됩니다. http 로 열려도 주소창에 ""안전하지 않음""이 표시됩니다.

무료 인증서로도 해결됩니다.

관리 업체에 그대로 전달하시면 됩니다. 제게 회신하지 않으셔도 괜찮습니다.

웅쓰컴퍼니 / woongs.official@gmail.com",,,
5,1,B,홍대고운세상피부과의원,서울,마포구,http://www.beautyforever.co.kr/,3143-3822,tel: 링크 없음 — 휴대폰에서 전화 연결 안 됨,"안녕하세요. 환자 문의가 아니라, 홈페이지 관련해 알려드릴 것이 있어 남깁니다.

홍대고운세상피부과의원 홈페이지의 전화번호가 눌러서 전화를 걸 수 있는 형태가 아니라 글자로만 표시되어 있습니다.

휴대폰으로 보시는 분이 번호를 눌러도 아무 일이 일어나지 않아, 번호를 따로 옮겨 적어 전화 앱에 입력해야 합니다. 진료 문의가 대부분 전화로 들어오는 만큼 이 단계에서 이탈이 생깁니다.

간단한 수정으로 해결됩니다.

관리 업체에 그대로 전달하시면 됩니다. 제게 회신하지 않으셔도 괜찮습니다.

웅쓰컴퍼니 / woongs.official@gmail.com",,,
5,1,C,오에스티의원,서울,서대문구,http://www.ostclinic.co.kr/,02-322-7570,모바일 가로스크롤 발생,"안녕하세요. 환자 문의가 아니라, 홈페이지 관련해 알려드릴 것이 있어 남깁니다.

오에스티의원 홈페이지를 휴대폰으로 열면 화면이 좌우로 밀립니다. 레이아웃이 휴대폰 화면 폭에 맞춰지지 않은 상태입니다.

병원 홈페이지 방문자는 대부분 휴대폰입니다.

관리 업체에 그대로 전달하시면 됩니다. 제게 회신하지 않으셔도 괜찮습니다.

웅쓰컴퍼니 / woongs.official@gmail.com",,,
5,1,D,강남 리쥬엘의원,서울,서초구,https://gangnam.rejuel.com/,02-537-8889,개인정보처리방침 없음,"안녕하세요. 환자 문의가 아니라, 홈페이지 관련해 알려드릴 것이 있어 남깁니다.

강남 리쥬엘의원 홈페이지에서 온라인 문의를 받고 계신데, 개인정보처리방침 페이지가 확인되지 않습니다.

문의 과정에서 이름이나 연락처를 받으시면 개인정보를 수집하는 것이 되고, 개인정보보호법에 처리방침을 정해 공개하도록 규정되어 있습니다. 병원 홈페이지에서 흔히 빠져 있는 부분입니다.

표준 양식으로 정리하시면 됩니다.

관리 업체에 그대로 전달하시면 됩니다. 제게 회신하지 않으셔도 괜찮습니다.

웅쓰컴퍼니 / woongs.official@gmail.com",,,
5,1,B,강남리슬림의원,서울,서초구,http://reslim.co.kr/,02-536-3962,tel: 링크 없음 — 휴대폰에서 전화 연결 안 됨,"안녕하세요. 환자 문의가 아니라, 홈페이지 관련해 알려드릴 것이 있어 남깁니다.

강남리슬림의원 홈페이지의 전화번호가 눌러서 전화를 걸 수 있는 형태가 아니라 글자로만 표시되어 있습니다.

휴대폰으로 보시는 분이 번호를 눌러도 아무 일이 일어나지 않아, 번호를 따로 옮겨 적어 전화 앱에 입력해야 합니다. 진료 문의가 대부분 전화로 들어오는 만큼 이 단계에서 이탈이 생깁니다.

간단한 수정으로 해결됩니다.

관리 업체에 그대로 전달하시면 됩니다. 제게 회신하지 않으셔도 괜찮습니다.

웅쓰컴퍼니 / woongs.official@gmail.com",,,
5,1,C,강남헤라성형외과의원,서울,서초구,https://www.gnhera.com/,,모바일 가로스크롤 발생,"안녕하세요. 환자 문의가 아니라, 홈페이지 관련해 알려드릴 것이 있어 남깁니다.

강남헤라성형외과의원 홈페이지를 휴대폰으로 열면 화면이 좌우로 밀립니다. 레이아웃이 휴대폰 화면 폭에 맞춰지지 않은 상태입니다.

병원 홈페이지 방문자는 대부분 휴대폰입니다.

관리 업체에 그대로 전달하시면 됩니다. 제게 회신하지 않으셔도 괜찮습니다.

웅쓰컴퍼니 / woongs.official@gmail.com",,,
5,1,B,뉴데이성형외과의원,서울,서초구,https://www.newdayps.com/,02-541-5577,tel: 링크 없음 — 휴대폰에서 전화 연결 안 됨,"안녕하세요. 환자 문의가 아니라, 홈페이지 관련해 알려드릴 것이 있어 남깁니다.

뉴데이성형외과의원 홈페이지의 전화번호가 눌러서 전화를 걸 수 있는 형태가 아니라 글자로만 표시되어 있습니다.

휴대폰으로 보시는 분이 번호를 눌러도 아무 일이 일어나지 않아, 번호를 따로 옮겨 적어 전화 앱에 입력해야 합니다. 진료 문의가 대부분 전화로 들어오는 만큼 이 단계에서 이탈이 생깁니다.

간단한 수정으로 해결됩니다.

관리 업체에 그대로 전달하시면 됩니다. 제게 회신하지 않으셔도 괜찮습니다.

웅쓰컴퍼니 / woongs.official@gmail.com",,,
5,1,B,더(the)아름다운의원,서울,서초구,http://www.beautifulclinic.net/,02-466-8875,tel: 링크 없음 — 휴대폰에서 전화 연결 안 됨,"안녕하세요. 환자 문의가 아니라, 홈페이지 관련해 알려드릴 것이 있어 남깁니다.

더(the)아름다운의원 홈페이지의 전화번호가 눌러서 전화를 걸 수 있는 형태가 아니라 글자로만 표시되어 있습니다.

휴대폰으로 보시는 분이 번호를 눌러도 아무 일이 일어나지 않아, 번호를 따로 옮겨 적어 전화 앱에 입력해야 합니다. 진료 문의가 대부분 전화로 들어오는 만큼 이 단계에서 이탈이 생깁니다.

간단한 수정으로 해결됩니다.

관리 업체에 그대로 전달하시면 됩니다. 제게 회신하지 않으셔도 괜찮습니다.

웅쓰컴퍼니 / woongs.official@gmail.com",,,
5,1,C,디라이트외과의원,서울,서초구,https://www.delightsurgery.co.kr/,,viewport 없음 — 모바일 미대응,"안녕하세요. 환자 문의가 아니라, 홈페이지 관련해 알려드릴 것이 있어 남깁니다.

디라이트외과의원 홈페이지를 휴대폰으로 열면 화면이 좌우로 밀리고 글씨가 작아서 확대해야 읽힙니다. 화면 크기 설정(viewport)이 없어 휴대폰이 PC 화면을 그대로 축소해 보여주는 상태입니다.

병원 홈페이지 방문자는 대부분 휴대폰입니다.

관리 업체에 그대로 전달하시면 됩니다. 제게 회신하지 않으셔도 괜찮습니다.

웅쓰컴퍼니 / woongs.official@gmail.com",,,
5,1,B,디아르의원,서울,서초구,https://www.diarclinic.com/,02-532-8828,tel: 링크 없음 — 휴대폰에서 전화 연결 안 됨,"안녕하세요. 환자 문의가 아니라, 홈페이지 관련해 알려드릴 것이 있어 남깁니다.

디아르의원 홈페이지의 전화번호가 눌러서 전화를 걸 수 있는 형태가 아니라 글자로만 표시되어 있습니다.

휴대폰으로 보시는 분이 번호를 눌러도 아무 일이 일어나지 않아, 번호를 따로 옮겨 적어 전화 앱에 입력해야 합니다. 진료 문의가 대부분 전화로 들어오는 만큼 이 단계에서 이탈이 생깁니다.

간단한 수정으로 해결됩니다.

관리 업체에 그대로 전달하시면 됩니다. 제게 회신하지 않으셔도 괜찮습니다.

웅쓰컴퍼니 / woongs.official@gmail.com",,,
5,1,C,리참성형외과의원,서울,서초구,https://www.lcps.co.kr/,,모바일 가로스크롤 발생,"안녕하세요. 환자 문의가 아니라, 홈페이지 관련해 알려드릴 것이 있어 남깁니다.

리참성형외과의원 홈페이지를 휴대폰으로 열면 화면이 좌우로 밀립니다. 레이아웃이 휴대폰 화면 폭에 맞춰지지 않은 상태입니다.

병원 홈페이지 방문자는 대부분 휴대폰입니다.

관리 업체에 그대로 전달하시면 됩니다. 제게 회신하지 않으셔도 괜찮습니다.

웅쓰컴퍼니 / woongs.official@gmail.com",,,
5,1,B,뷔엘성형외과의원,서울,서초구,https://www.vlprs.com/,,tel: 링크 없음 — 휴대폰에서 전화 연결 안 됨,"안녕하세요. 환자 문의가 아니라, 홈페이지 관련해 알려드릴 것이 있어 남깁니다.

뷔엘성형외과의원 홈페이지의 전화번호가 눌러서 전화를 걸 수 있는 형태가 아니라 글자로만 표시되어 있습니다.

휴대폰으로 보시는 분이 번호를 눌러도 아무 일이 일어나지 않아, 번호를 따로 옮겨 적어 전화 앱에 입력해야 합니다. 진료 문의가 대부분 전화로 들어오는 만큼 이 단계에서 이탈이 생깁니다.

간단한 수정으로 해결됩니다.

관리 업체에 그대로 전달하시면 됩니다. 제게 회신하지 않으셔도 괜찮습니다.

웅쓰컴퍼니 / woongs.official@gmail.com",,,
5,1,C,셀린의원,서울,서초구,https://www.cellinclinic9.com/,02-532-2550,viewport 없음 — 모바일 미대응,"안녕하세요. 환자 문의가 아니라, 홈페이지 관련해 알려드릴 것이 있어 남깁니다.

셀린의원 홈페이지를 휴대폰으로 열면 화면이 좌우로 밀리고 글씨가 작아서 확대해야 읽힙니다. 화면 크기 설정(viewport)이 없어 휴대폰이 PC 화면을 그대로 축소해 보여주는 상태입니다.

병원 홈페이지 방문자는 대부분 휴대폰입니다.

관리 업체에 그대로 전달하시면 됩니다. 제게 회신하지 않으셔도 괜찮습니다.

웅쓰컴퍼니 / woongs.official@gmail.com",,,
5,1,B,이춘봉피부과의원,서울,서초구,http://www.lcbskin.com/,594-0338,tel: 링크 없음 — 휴대폰에서 전화 연결 안 됨,"안녕하세요. 환자 문의가 아니라, 홈페이지 관련해 알려드릴 것이 있어 남깁니다.

이춘봉피부과의원 홈페이지의 전화번호가 눌러서 전화를 걸 수 있는 형태가 아니라 글자로만 표시되어 있습니다.

휴대폰으로 보시는 분이 번호를 눌러도 아무 일이 일어나지 않아, 번호를 따로 옮겨 적어 전화 앱에 입력해야 합니다. 진료 문의가 대부분 전화로 들어오는 만큼 이 단계에서 이탈이 생깁니다.

간단한 수정으로 해결됩니다.

관리 업체에 그대로 전달하시면 됩니다. 제게 회신하지 않으셔도 괜찮습니다.

웅쓰컴퍼니 / woongs.official@gmail.com",,,
5,1,B,제로피부과의원,서울,서초구,https://www.zerodermaclinic.com/,02-535-4988,tel: 링크 없음 — 휴대폰에서 전화 연결 안 됨,"안녕하세요. 환자 문의가 아니라, 홈페이지 관련해 알려드릴 것이 있어 남깁니다.

제로피부과의원 홈페이지의 전화번호가 눌러서 전화를 걸 수 있는 형태가 아니라 글자로만 표시되어 있습니다.

휴대폰으로 보시는 분이 번호를 눌러도 아무 일이 일어나지 않아, 번호를 따로 옮겨 적어 전화 앱에 입력해야 합니다. 진료 문의가 대부분 전화로 들어오는 만큼 이 단계에서 이탈이 생깁니다.

간단한 수정으로 해결됩니다.

관리 업체에 그대로 전달하시면 됩니다. 제게 회신하지 않으셔도 괜찮습니다.

웅쓰컴퍼니 / woongs.official@gmail.com",,,
5,1,B,돈암고운세상피부과의원,서울,성북구,http://www.beautyforever.co.kr/,926-1007,tel: 링크 없음 — 휴대폰에서 전화 연결 안 됨,"안녕하세요. 환자 문의가 아니라, 홈페이지 관련해 알려드릴 것이 있어 남깁니다.

돈암고운세상피부과의원 홈페이지의 전화번호가 눌러서 전화를 걸 수 있는 형태가 아니라 글자로만 표시되어 있습니다.

휴대폰으로 보시는 분이 번호를 눌러도 아무 일이 일어나지 않아, 번호를 따로 옮겨 적어 전화 앱에 입력해야 합니다. 진료 문의가 대부분 전화로 들어오는 만큼 이 단계에서 이탈이 생깁니다.

간단한 수정으로 해결됩니다.

관리 업체에 그대로 전달하시면 됩니다. 제게 회신하지 않으셔도 괜찮습니다.

웅쓰컴퍼니 / woongs.official@gmail.com",,,
5,1,B,연세에이앤비피부과의원,서울,송파구,https://www.anbskin.com/,02-417-7500,tel: 링크 없음 — 휴대폰에서 전화 연결 안 됨,"안녕하세요. 환자 문의가 아니라, 홈페이지 관련해 알려드릴 것이 있어 남깁니다.

연세에이앤비피부과의원 홈페이지의 전화번호가 눌러서 전화를 걸 수 있는 형태가 아니라 글자로만 표시되어 있습니다.

휴대폰으로 보시는 분이 번호를 눌러도 아무 일이 일어나지 않아, 번호를 따로 옮겨 적어 전화 앱에 입력해야 합니다. 진료 문의가 대부분 전화로 들어오는 만큼 이 단계에서 이탈이 생깁니다.

간단한 수정으로 해결됩니다.

관리 업체에 그대로 전달하시면 됩니다. 제게 회신하지 않으셔도 괜찮습니다.

웅쓰컴퍼니 / woongs.official@gmail.com",,,
5,1,A,예솜의원,서울,송파구,http://www.yesomclinic.co.kr/,02-3426-2575,HTTPS 미설정(http로만 접속),"안녕하세요. 환자 문의가 아니라, 홈페이지 관련해 알려드릴 것이 있어 남깁니다.

예솜의원 홈페이지에 https:// 로 접속하면 보안 인증서 오류로 경고 화면이 뜨고, http:// 로만 정상 접속됩니다.

요즘 브라우저는 주소를 입력하면 https 부터 시도하기 때문에 환자분에 따라 경고 화면을 먼저 보게 됩니다. http 로 열려도 주소창에 ""안전하지 않음""이 표시됩니다.

무료 인증서로도 해결됩니다.

관리 업체에 그대로 전달하시면 됩니다. 제게 회신하지 않으셔도 괜찮습니다.

웅쓰컴퍼니 / woongs.official@gmail.com",,,
5,1,B,잠실고운세상피부과의원,서울,송파구,http://www.beautyforever.co.kr/,02-3434-0800,tel: 링크 없음 — 휴대폰에서 전화 연결 안 됨,"안녕하세요. 환자 문의가 아니라, 홈페이지 관련해 알려드릴 것이 있어 남깁니다.

잠실고운세상피부과의원 홈페이지의 전화번호가 눌러서 전화를 걸 수 있는 형태가 아니라 글자로만 표시되어 있습니다.

휴대폰으로 보시는 분이 번호를 눌러도 아무 일이 일어나지 않아, 번호를 따로 옮겨 적어 전화 앱에 입력해야 합니다. 진료 문의가 대부분 전화로 들어오는 만큼 이 단계에서 이탈이 생깁니다.

간단한 수정으로 해결됩니다.

관리 업체에 그대로 전달하시면 됩니다. 제게 회신하지 않으셔도 괜찮습니다.

웅쓰컴퍼니 / woongs.official@gmail.com",,,
5,1,B,목동고운세상피부과의원,서울,양천구,http://www.beautyforever.co.kr/,02-2607-4378,tel: 링크 없음 — 휴대폰에서 전화 연결 안 됨,"안녕하세요. 환자 문의가 아니라, 홈페이지 관련해 알려드릴 것이 있어 남깁니다.

목동고운세상피부과의원 홈페이지의 전화번호가 눌러서 전화를 걸 수 있는 형태가 아니라 글자로만 표시되어 있습니다.

휴대폰으로 보시는 분이 번호를 눌러도 아무 일이 일어나지 않아, 번호를 따로 옮겨 적어 전화 앱에 입력해야 합니다. 진료 문의가 대부분 전화로 들어오는 만큼 이 단계에서 이탈이 생깁니다.

간단한 수정으로 해결됩니다.

관리 업체에 그대로 전달하시면 됩니다. 제게 회신하지 않으셔도 괜찮습니다.

웅쓰컴퍼니 / woongs.official@gmail.com",,,
5,1,A,밝은미래산부인과의원,서울,양천구,http://www.brightfuture.kr/,02-2687-3555,HTTPS 미설정(http로만 접속),"안녕하세요. 환자 문의가 아니라, 홈페이지 관련해 알려드릴 것이 있어 남깁니다.

밝은미래산부인과의원 홈페이지에 https:// 로 접속하면 보안 인증서 오류로 경고 화면이 뜨고, http:// 로만 정상 접속됩니다.

요즘 브라우저는 주소를 입력하면 https 부터 시도하기 때문에 환자분에 따라 경고 화면을 먼저 보게 됩니다. http 로 열려도 주소창에 ""안전하지 않음""이 표시됩니다.

무료 인증서로도 해결됩니다.

관리 업체에 그대로 전달하시면 됩니다. 제게 회신하지 않으셔도 괜찮습니다.

웅쓰컴퍼니 / woongs.official@gmail.com",,,
5,1,A,본피부과의원,서울,양천구,http://bonskinclinic.com/,02-2062-8700,HTTPS 미설정(http로만 접속),"안녕하세요. 환자 문의가 아니라, 홈페이지 관련해 알려드릴 것이 있어 남깁니다.

본피부과의원 홈페이지에 https:// 로 접속하면 보안 인증서 오류로 경고 화면이 뜨고, http:// 로만 정상 접속됩니다.

요즘 브라우저는 주소를 입력하면 https 부터 시도하기 때문에 환자분에 따라 경고 화면을 먼저 보게 됩니다. http 로 열려도 주소창에 ""안전하지 않음""이 표시됩니다.

무료 인증서로도 해결됩니다.

관리 업체에 그대로 전달하시면 됩니다. 제게 회신하지 않으셔도 괜찮습니다.

웅쓰컴퍼니 / woongs.official@gmail.com",,,
5,1,B,여의도라이프케어내과의원,서울,영등포구,https://lchealth.co.kr/,02-785-1000,tel: 링크 없음 — 휴대폰에서 전화 연결 안 됨,"안녕하세요. 환자 문의가 아니라, 홈페이지 관련해 알려드릴 것이 있어 남깁니다.

여의도라이프케어내과의원 홈페이지의 전화번호가 눌러서 전화를 걸 수 있는 형태가 아니라 글자로만 표시되어 있습니다.

휴대폰으로 보시는 분이 번호를 눌러도 아무 일이 일어나지 않아, 번호를 따로 옮겨 적어 전화 앱에 입력해야 합니다. 진료 문의가 대부분 전화로 들어오는 만큼 이 단계에서 이탈이 생깁니다.

간단한 수정으로 해결됩니다.

관리 업체에 그대로 전달하시면 됩니다. 제게 회신하지 않으셔도 괜찮습니다.

웅쓰컴퍼니 / woongs.official@gmail.com",,,
5,1,A,타브로항외과의원,서울,영등포구,http://www.tabro.net/,02-2632-7175,HTTPS 미설정(http로만 접속),"안녕하세요. 환자 문의가 아니라, 홈페이지 관련해 알려드릴 것이 있어 남깁니다.

타브로항외과의원 홈페이지에 https:// 로 접속하면 보안 인증서 오류로 경고 화면이 뜨고, http:// 로만 정상 접속됩니다.

요즘 브라우저는 주소를 입력하면 https 부터 시도하기 때문에 환자분에 따라 경고 화면을 먼저 보게 됩니다. http 로 열려도 주소창에 ""안전하지 않음""이 표시됩니다.

무료 인증서로도 해결됩니다.

관리 업체에 그대로 전달하시면 됩니다. 제게 회신하지 않으셔도 괜찮습니다.

웅쓰컴퍼니 / woongs.official@gmail.com",,,
5,1,D,연세메디노블의원,서울,용산구,http://www.medinoble.com/,790-2175,개인정보처리방침 없음,"안녕하세요. 환자 문의가 아니라, 홈페이지 관련해 알려드릴 것이 있어 남깁니다.

연세메디노블의원 홈페이지에서 온라인 문의를 받고 계신데, 개인정보처리방침 페이지가 확인되지 않습니다.

문의 과정에서 이름이나 연락처를 받으시면 개인정보를 수집하는 것이 되고, 개인정보보호법에 처리방침을 정해 공개하도록 규정되어 있습니다. 병원 홈페이지에서 흔히 빠져 있는 부분입니다.

표준 양식으로 정리하시면 됩니다.

관리 업체에 그대로 전달하시면 됩니다. 제게 회신하지 않으셔도 괜찮습니다.

웅쓰컴퍼니 / woongs.official@gmail.com",,,
5,1,A,이레피부과의원,서울,용산구,http://jirehderma.co.kr/,02-6949-3705,HTTPS 미설정(http로만 접속),"안녕하세요. 환자 문의가 아니라, 홈페이지 관련해 알려드릴 것이 있어 남깁니다.

이레피부과의원 홈페이지에 https:// 로 접속하면 보안 인증서 오류로 경고 화면이 뜨고, http:// 로만 정상 접속됩니다.

요즘 브라우저는 주소를 입력하면 https 부터 시도하기 때문에 환자분에 따라 경고 화면을 먼저 보게 됩니다. http 로 열려도 주소창에 ""안전하지 않음""이 표시됩니다.

무료 인증서로도 해결됩니다.

관리 업체에 그대로 전달하시면 됩니다. 제게 회신하지 않으셔도 괜찮습니다.

웅쓰컴퍼니 / woongs.official@gmail.com",,,
5,1,B,리뉴미피부과의원,서울,중구,http://www.rnmeskin.com/,02-2275-5085,tel: 링크 없음 — 휴대폰에서 전화 연결 안 됨,"안녕하세요. 환자 문의가 아니라, 홈페이지 관련해 알려드릴 것이 있어 남깁니다.

리뉴미피부과의원 홈페이지의 전화번호가 눌러서 전화를 걸 수 있는 형태가 아니라 글자로만 표시되어 있습니다.

휴대폰으로 보시는 분이 번호를 눌러도 아무 일이 일어나지 않아, 번호를 따로 옮겨 적어 전화 앱에 입력해야 합니다. 진료 문의가 대부분 전화로 들어오는 만큼 이 단계에서 이탈이 생깁니다.

간단한 수정으로 해결됩니다.

관리 업체에 그대로 전달하시면 됩니다. 제게 회신하지 않으셔도 괜찮습니다.

웅쓰컴퍼니 / woongs.official@gmail.com",,,
5,1,C,리엘르의원,서울,중구,https://md.re-ele.com/,02-3789-2086,viewport 없음 — 모바일 미대응,"안녕하세요. 환자 문의가 아니라, 홈페이지 관련해 알려드릴 것이 있어 남깁니다.

리엘르의원 홈페이지를 휴대폰으로 열면 화면이 좌우로 밀리고 글씨가 작아서 확대해야 읽힙니다. 화면 크기 설정(viewport)이 없어 휴대폰이 PC 화면을 그대로 축소해 보여주는 상태입니다.

병원 홈페이지 방문자는 대부분 휴대폰입니다.

관리 업체에 그대로 전달하시면 됩니다. 제게 회신하지 않으셔도 괜찮습니다.

웅쓰컴퍼니 / woongs.official@gmail.com",,,
5,1,B,명동고운세상피부과의원,서울,중구,http://www.beautyforever.co.kr/,02-755-5411,tel: 링크 없음 — 휴대폰에서 전화 연결 안 됨,"안녕하세요. 환자 문의가 아니라, 홈페이지 관련해 알려드릴 것이 있어 남깁니다.

명동고운세상피부과의원 홈페이지의 전화번호가 눌러서 전화를 걸 수 있는 형태가 아니라 글자로만 표시되어 있습니다.

휴대폰으로 보시는 분이 번호를 눌러도 아무 일이 일어나지 않아, 번호를 따로 옮겨 적어 전화 앱에 입력해야 합니다. 진료 문의가 대부분 전화로 들어오는 만큼 이 단계에서 이탈이 생깁니다.

간단한 수정으로 해결됩니다.

관리 업체에 그대로 전달하시면 됩니다. 제게 회신하지 않으셔도 괜찮습니다.

웅쓰컴퍼니 / woongs.official@gmail.com",,,
5,1,C,셀린의원명동점,서울,중구,https://www.cellinclinic8.com/,02-3789-0824,viewport 없음 — 모바일 미대응,"안녕하세요. 환자 문의가 아니라, 홈페이지 관련해 알려드릴 것이 있어 남깁니다.

셀린의원명동점 홈페이지를 휴대폰으로 열면 화면이 좌우로 밀리고 글씨가 작아서 확대해야 읽힙니다. 화면 크기 설정(viewport)이 없어 휴대폰이 PC 화면을 그대로 축소해 보여주는 상태입니다.

병원 홈페이지 방문자는 대부분 휴대폰입니다.

관리 업체에 그대로 전달하시면 됩니다. 제게 회신하지 않으셔도 괜찮습니다.

웅쓰컴퍼니 / woongs.official@gmail.com",,,
5,1,B,엠제이(MJ)올피부과의원,서울,중구,http://www.beautyforever.co.kr/,02-777-8275,tel: 링크 없음 — 휴대폰에서 전화 연결 안 됨,"안녕하세요. 환자 문의가 아니라, 홈페이지 관련해 알려드릴 것이 있어 남깁니다.

엠제이(MJ)올피부과의원 홈페이지의 전화번호가 눌러서 전화를 걸 수 있는 형태가 아니라 글자로만 표시되어 있습니다.

휴대폰으로 보시는 분이 번호를 눌러도 아무 일이 일어나지 않아, 번호를 따로 옮겨 적어 전화 앱에 입력해야 합니다. 진료 문의가 대부분 전화로 들어오는 만큼 이 단계에서 이탈이 생깁니다.

간단한 수정으로 해결됩니다.

관리 업체에 그대로 전달하시면 됩니다. 제게 회신하지 않으셔도 괜찮습니다.

웅쓰컴퍼니 / woongs.official@gmail.com",,,
5,1,A,여노피산부인과의원,서울,중구,http://www.yeonopy.com/,757-4747,HTTPS 미설정(http로만 접속),"안녕하세요. 환자 문의가 아니라, 홈페이지 관련해 알려드릴 것이 있어 남깁니다.

여노피산부인과의원 홈페이지에 https:// 로 접속하면 보안 인증서 오류로 경고 화면이 뜨고, http:// 로만 정상 접속됩니다.

요즘 브라우저는 주소를 입력하면 https 부터 시도하기 때문에 환자분에 따라 경고 화면을 먼저 보게 됩니다. http 로 열려도 주소창에 ""안전하지 않음""이 표시됩니다.

무료 인증서로도 해결됩니다.

관리 업체에 그대로 전달하시면 됩니다. 제게 회신하지 않으셔도 괜찮습니다.

웅쓰컴퍼니 / woongs.official@gmail.com",,,
